Sector,Institution,Programme,SubProgramme,Location,Frequency,Indicator,Type,SubType,Outcome,Priority,Cluster,Target_Q1,ActualOutput_Q1,Target_Q2,ActualOutput_Q2,Target_Q3,ActualOutput_Q3,Target_Q4,ActualOutput_Q4,AnnualTarget_Summary2,Preliminary_Summary2,PrelimaryAudited_Summary2,ReasonforDeviation_Summary,CorrectiveAction_Summary,ValidatedAudited_Summary2,ReasonforDeviation_Q1,CorrectiveAction_Q1,National_Q1,ReasonforDeviation_Q2,CorrectiveAction_Q2,National_Q2,ReasonforDeviation_Q3,CorrectiveAction_Q3,National_Q3,ReasonforDeviation_Q4,CorrectiveAction_Q4,National_Q4,OTP_Q4,OTP_Q1,OTP_Q2,UID
Basic Education,Education,Mpumalanga,Programme 1:  Administration,Programme 1:  Administration,Annually,Default,Standardized,Not  Applicable,"Priority 3: Education, Skills And Health",-,"The Social Protection, Community and Human Development cluster",,,,,,,,,0,,,,,,,,,,,,,,,,,,,,,171
Basic Education,Education,Mpumalanga,Programme 1:  Administration,Programme 1:  Administration,Annually,POI 1.1: Number of schools that are monitored for implementing improvement plans based on monitoring findings of district officials ,Non-Standardized,Not  Applicable,"Priority 3: Education, Skills And Health","Education, skills and health","The Social Protection, Community and Human Development cluster",,,,,,,1666,,1666,,1635,Merger and closure of schools ,None ,,,,,,,,,,,,,,,,,171
Basic Education,Education,Mpumalanga,Programme 1:  Administration,Programme 1:  Administration,Annually,"POI 1.2: Number of qualified Grade R-12 teachers aged 30 and below, entering the public service as teachers for the first time during the financial year",Non-Standardized,Not  Applicable,"Priority 3: Education, Skills And Health","Education, skills and health","The Social Protection, Community and Human Development cluster",,,,,,,250,,250,,1455,the target was adjusted and increased to 1100,higher number of vacant post were available ,,,,,,,,,,,,,,,,,171
Basic Education,Education,Mpumalanga,Programme 1:  Administration,Programme 1:  Administration,Annually,POI 1.3: Percentage of department’s procurement awarded to women owned businesses,Non-Standardized,Not  Applicable,"Priority 3: Education, Skills And Health","Education, skills and health","The Social Protection, Community and Human Development cluster",,,,,,,40 %,,40 %,,40,None ,None ,,,,,,,,,,,,,,,,,171
Basic Education,Education,Mpumalanga,Programme 1:  Administration,Programme 1:  Administration,Annually,POI 1.4: Percentage of department’s procurement awarded to youth owned businesses,Non-Standardized,Not  Applicable,"Priority 3: Education, Skills And Health","Education, skills and health","The Social Protection, Community and Human Development cluster",,,,,,,30 %,,30 %,,11,"Youth owned businesses are largely not bidding for procurement, and or their companies are not registered for commodities in line with needs of the Education sector.",Encourage youth to compete in those categories ,,,,,,,,,,,,,,,,,171
Basic Education,Education,Mpumalanga,Programme 1:  Administration,Programme 1:  Administration,Annually,POI 1.5 Percentage of department's procurement awarded to people with disability owned businesses,Non-Standardized,Not  Applicable,"Priority 3: Education, Skills And Health","Education, skills and health","The Social Protection, Community and Human Development cluster",,,,,,,7,,7,,1,"Companies owned by persons with disabilities are largely not bidding for procurement, and or their companies are not registered for commodities in line with needs of the Education sector.",Encourage people with disability to compete in those categories ,,,,,,,,,,,,,,,,,171
Basic Education,Education,Mpumalanga,Programme 1:  Administration,Programme 1:  Administration,Annually,POI 1.6 Percentage of schools having access to information through (a) Connectivity(other than broadband) (b) Broadband,Non-Standardized,Not  Applicable,"Priority 3: Education, Skills And Health","Education, skills and health","The Social Protection, Community and Human Development cluster",,,,,,,70.9,,70.9,,70.9,None ,None ,,,,,,,,,,,,,,,,,171
Basic Education,Education,Mpumalanga,Programme 1:  Administration,Programme 1:  Administration,Annually,SOI 103 Percentage of expenditure going towards non-personnel items,Non-Standardized,Not  Applicable,"Priority 3: Education, Skills And Health","Education, skills and health","The Social Protection, Community and Human Development cluster",,,,,,,16 %,,16 %,,16,None,None ,,,,,,,,,,,,,,,,,171
Basic Education,Education,Mpumalanga,Programme 1:  Administration,Programme 1:  Administration,Quarterly,Default,Standardized,Not  Applicable,"Priority 3: Education, Skills And Health",-,"The Social Protection, Community and Human Development cluster",0,,0,,0,,0,,0,0,0,,,,,,,,,,,,,,,,,,,171
Basic Education,Education,Mpumalanga,Programme 1:  Administration,Programme 1:  Administration,Quarterly,SOI 101:  Number of public schools that use the South African Schools Administration and Management Systems (SA-SAMS) or any alternative electronic solution to provide data,Standardized,Max,"Priority 3: Education, Skills And Health","Education, skills and health","The Social Protection, Community and Human Development cluster",1666,1634,1666,1635,1666,1636,1666,1635,1666,1636,1635,1635,closure and merger of schools ,,Closed /merged non viable schools,None,"There is  alignment between the targets in the e-QPR and the 2024/25 APP for all the quarters  of the  2024/25 financial year. The outcome for the 1st quarter of the 2024/25 financial year is 98,1% of the set target.  The variance is -32. The PED has  provided a reason for the attainment of the set target for the quarter under review. 
",Closure /merger of schools ,None ," The outcome for the 2nd  quarter of the 2024/25 financial year is 98% of the set target. The variance is -31. The PED has provided a reason for the attainment of the outcome for the quarter under review. The PED is advised to track the impact of the rationalisation and whether the resources from the schools have been reallocated and if there are savings thereof.
",Closure of small and non-viable schools ,None ,"The PED has achieved 98,2% of the set target for the quarter under review. The variance is -30.  The PED has provided a reason for the attainment of the set target.. The PED is advised to track the impact of the rationalisation and whether the resources from the schools have been reallocated and if there are savings thereof.
",Closure / merger of schools ,None ,"The PED has achieved 98,14%  of the set target for the quarter under review.   The variance is -31. The PED has provided a reason for the attainment  of the quarterly target.   The PED is advised to track the impact of the rationalisation and whether the resources from the schools have been reallocated and if there are savings thereof.
",,,,171
Basic Education,Education,Mpumalanga,Programme 1:  Administration,Programme 1:  Administration,Quarterly,SOI 102:  Number of Public schools that can be contacted electronically (e-mail),Standardized,Max,"Priority 3: Education, Skills And Health","Education, skills and health","The Social Protection, Community and Human Development cluster",1666,1634,1666,1635,1666,1636,1666,1635,1666,1636,1635,1635,closure and merger of schools,,Closed /merged non viable schools,None,"There is  alignment between the targets in the e-QPR and the 2024/25 APP for all the quarters  of the  2024/25 financial year. The outcome for the 1st quarter of the 2024/25 financial year is 98,1% of the set target.  The variance is -32. The PED has  provided a reason for the attainment of the set target for the quarter under review. 
",Closure /merger of schools ,None ," The outcome for the 2nd  quarter of the 2024/25 financial year is 98% of the set target. The variance is -31. The PED has provided a reason for the attainment of the outcome for the quarter under review. The PED is advised to track the impact of the rationalisation and whether the resources from the schools have been reallocated and if there are savings thereof.
",Closure of small and non-viable schools ,None ,"The PED has achieved 98,2% of the set target for the quarter under review. The variance is -30.  The PED has provided a reason for the attainment of the set target.. The PED is advised to track the impact of the rationalisation and whether the resources from the schools have been reallocated and if there are savings thereof.
",Closure /merger of schools ,None ,"The PED has achieved 98,14%  of the set target for the quarter under review.   The variance is -31. The PED has provided a reason for the attainment  of the quarterly target.   The PED is advised to track the impact of the rationalisation and whether the resources from the schools have been reallocated and if there are savings thereof.
",,,,171
Basic Education,Education,Mpumalanga,Programme 1:  Administration,Sub Programme 1.1: Office of the MEC,Annually,Default,Non-Standardized,Not  Applicable,Not Applicable,-,Not Applicable,,,,,,,,,,,,,,,,,,,,,,,,,,,,,,171
Basic Education,Education,Mpumalanga,Programme 1:  Administration,Sub Programme 1.1: Office of the MEC,Quarterly,Default,Non-Standardized,Not  Applicable,Not Applicable,-,Not Applicable,,,,,,,,,,,,,,,,,,,,,,,,,,,,,,171
Basic Education,Education,Mpumalanga,Programme 1:  Administration,Sub-Programme 1.2: Corporate Services,Annually,Default,Non-Standardized,Not  Applicable,Not Applicable,-,Not Applicable,,,,,,,,,,,,,,,,,,,,,,,,,,,,,,171
Basic Education,Education,Mpumalanga,Programme 1:  Administration,Sub-Programme 1.2: Corporate Services,Quarterly,Default,Non-Standardized,Not  Applicable,Not Applicable,-,Not Applicable,,,,,,,,,,,,,,,,,,,,,,,,,,,,,,171
Basic Education,Education,Mpumalanga,Programme 1:  Administration,Sub-Programme 1.3: Education Management,Annually,Default,Non-Standardized,Not  Applicable,Not Applicable,-,Not Applicable,,,,,,,,,,,,,,,,,,,,,,,,,,,,,,171
Basic Education,Education,Mpumalanga,Programme 1:  Administration,Sub-Programme 1.3: Education Management,Quarterly,Default,Non-Standardized,Not  Applicable,Not Applicable,-,Not Applicable,,,,,,,,,,,,,,,,,,,,,,,,,,,,,,171
Basic Education,Education,Mpumalanga,Programme 1:  Administration,Sub-Programme 1.4: Human Resource Development,Annually,Default,Non-Standardized,Not  Applicable,Not Applicable,-,Not Applicable,,,,,,,,,,,,,,,,,,,,,,,,,,,,,,171
Basic Education,Education,Mpumalanga,Programme 1:  Administration,Sub-Programme 1.4: Human Resource Development,Quarterly,Default,Non-Standardized,Not  Applicable,Not Applicable,-,Not Applicable,,,,,,,,,,,,,,,,,,,,,,,,,,,,,,171
Basic Education,Education,Mpumalanga,Programme 1:  Administration,Sub-Programme 1.5: Education Management Information System (EMIS),Annually,Default,Not Applicable,Not  Applicable,Not Applicable,-,Not Applicable,,,,,,,,,,,,,,,,,,,,,,,,,,,,,,171
Basic Education,Education,Mpumalanga,Programme 1:  Administration,Sub-Programme 1.5: Education Management Information System (EMIS),Quarterly,Default,Not Applicable,Not  Applicable,Not Applicable,-,Not Applicable,,,,,,,,,,,,,,,,,,,,,,,,,,,,,,171
Basic Education,Education,Mpumalanga,Programme 1:  Administration,Sub-Programme 1.6: Conditional Grants,Annually,Default,Not Applicable,Not  Applicable,Not Applicable,-,Not Applicable,,,,,,,,,,,,,,,,,,,,,,,,,,,,,,171
Basic Education,Education,Mpumalanga,Programme 1:  Administration,Sub-Programme 1.6: Conditional Grants,Quarterly,Default,Not Applicable,Not  Applicable,Not Applicable,-,Not Applicable,,,,,,,,,,,,,,,,,,,,,,,,,,,,,,171
Basic Education,Education,Mpumalanga,Programme 2.	Public Ordinary School Education,Programme 2.	Public Ordinary School Education,Annually,Default,Standardized,Not  Applicable,"Priority 3: Education, Skills And Health",-,"The Social Protection, Community and Human Development cluster",,,,,,,0,,0,,,,,,,,,,,,,,,,,,,,,171
Basic Education,Education,Mpumalanga,Programme 2.	Public Ordinary School Education,Programme 2.	Public Ordinary School Education,Annually,POI 2.1: Percentage of schools were allocated teaching posts are all filled,Non-Standardized,Not  Applicable,"Priority 3: Education, Skills And Health","Education, skills and health","The Social Protection, Community and Human Development cluster",,,,,,,94 %,,94 %,,57,The target could not be met due to high staff turnover. ,None ,,,,,,,,,,,,,,,,,171
Basic Education,Education,Mpumalanga,Programme 2.	Public Ordinary School Education,Programme 2.	Public Ordinary School Education,Annually,POI 2.10: Number of schools provided with Grade 3 African Languages reading material ,Non-Standardized,Not  Applicable,"Priority 3: Education, Skills And Health","Education, skills and health","The Social Protection, Community and Human Development cluster",,,,,,,1000,,1000,,1895,provision of more schools to address backlog ,,,,,,,,,,,,,,,,,,171
Basic Education,Education,Mpumalanga,Programme 2.	Public Ordinary School Education,Programme 2.	Public Ordinary School Education,Annually,POI 2.11: Number of primary schools using Grades 1-3 Lesson Plans for literacy in home language ,Non-Standardized,Not  Applicable,"Priority 3: Education, Skills And Health","Education, skills and health","The Social Protection, Community and Human Development cluster",1200,,,,,,,,1200,,200,Target was reduced to 200 due to limited funds ,,,,,,,,,,,,,,,,,,171
Basic Education,Education,Mpumalanga,Programme 2.	Public Ordinary School Education,Programme 2.	Public Ordinary School Education,Annually,POI 2.14: Number of National Teaching Awards (NTA) administered in the Province,Non-Standardized,Not  Applicable,"Priority 3: Education, Skills And Health","Education, skills and health","The Social Protection, Community and Human Development cluster",,,,,,,5,,5,,5,None ,None ,,,,,,,,,,,,,,,,,171
Basic Education,Education,Mpumalanga,Programme 2.	Public Ordinary School Education,Programme 2.	Public Ordinary School Education,Annually,POI 2.2: Percentage of sampled schools producing a minimum set of management documents ,Non-Standardized,Not  Applicable,"Priority 3: Education, Skills And Health","Education, skills and health","The Social Protection, Community and Human Development cluster",,,,,,,100 %,,100 %,,100,None ,None ,,,,,,,,,,,,,,,,,171
Basic Education,Education,Mpumalanga,Programme 2.	Public Ordinary School Education,Programme 2.	Public Ordinary School Education,Annually,POI 2.3: Percentage of sampled schools with functional school safety committees,Non-Standardized,Not  Applicable,"Priority 3: Education, Skills And Health","Education, skills and health","The Social Protection, Community and Human Development cluster",,,,,,,87 %,,87 %,,87,None ,None ,,,,,,,,,,,,,,,,,171
Basic Education,Education,Mpumalanga,Programme 2.	Public Ordinary School Education,Programme 2.	Public Ordinary School Education,Annually,POI 2.5: Number of primary schools monitored for availability of the school's Reading Literacy Policy  ,Non-Standardized,Not  Applicable,"Priority 3: Education, Skills And Health","Education, skills and health","The Social Protection, Community and Human Development cluster",,,,,,,600,,600,,600,None ,None ,,,,,,,,,,,,,,,,,171
Basic Education,Education,Mpumalanga,Programme 2.	Public Ordinary School Education,Programme 2.	Public Ordinary School Education,Annually,POI 2.6: Percentage of SGBs in sampled schools that meet minimum criteria in terms of effectiveness every year,Non-Standardized,Not  Applicable,"Priority 3: Education, Skills And Health","Education, skills and health","The Social Protection, Community and Human Development cluster",,,,,,,90 %,,90 %,,100,None ,None ,,,,,,,,,,,,,,,,,171
Basic Education,Education,Mpumalanga,Programme 2.	Public Ordinary School Education,Programme 2.	Public Ordinary School Education,Annually,POI 2.7: Number of schools piloting coding and robotics curriculum (implementation of coding and robotics curriculum),Non-Standardized,Not  Applicable,"Priority 3: Education, Skills And Health","Education, skills and health","The Social Protection, Community and Human Development cluster",,,,,,,228,,228,,228,None ,None ,,,,,,,,,,,,,,,,,171
Basic Education,Education,Mpumalanga,Programme 2.	Public Ordinary School Education,Programme 2.	Public Ordinary School Education,Annually,"POI 2.8: Percentage of learners provided with English First Additional Language (EFAL) and Mathematics textbooks in grades 3,6,9 and 12",Non-Standardized,Not  Applicable,"Priority 3: Education, Skills And Health","Education, skills and health","The Social Protection, Community and Human Development cluster",,,,,,,100 %,,100 %,,100,None ,None ,,,,,,,,,,,,,,,,,171
Basic Education,Education,Mpumalanga,Programme 2.	Public Ordinary School Education,Programme 2.	Public Ordinary School Education,Annually,POI 2.9: Percentage of learners enrolled for grade R undertaking school readiness assessment ,Non-Standardized,Not  Applicable,"Priority 3: Education, Skills And Health","Education, skills and health","The Social Protection, Community and Human Development cluster",,,,,32 %,,,,32 %,,32,None ,None ,,,,,,,,,,,,,,,,,171
Basic Education,Education,Mpumalanga,Programme 2.	Public Ordinary School Education,Programme 2.	Public Ordinary School Education,Annually,SOI 201:	Number of schools provided with multi-media resources,Standardized,Not  Applicable,"Priority 3: Education, Skills And Health","Education, skills and health","The Social Protection, Community and Human Development cluster",,,,,,,101,,101,,400,more schools provided due to budget reprioritisation ,None ,,,,,,,,,,,,,,,,,171
Basic Education,Education,Mpumalanga,Programme 2.	Public Ordinary School Education,Programme 2.	Public Ordinary School Education,Annually,SOI 202:	Number of learners in no fee public ordinary schools in line with the National Norms and Standards for School Funding,Standardized,Not  Applicable,"Priority 3: Education, Skills And Health","Education, skills and health","The Social Protection, Community and Human Development cluster",,,,,,,1011727,,1011727,,1012760,more learners enrolled than anticipated ,None ,,,,,,,,,,,,,,,,,171
Basic Education,Education,Mpumalanga,Programme 2.	Public Ordinary School Education,Programme 2.	Public Ordinary School Education,Annually,SOI 203: Number of foundation phase teachers trained in reading methodology,Non-Standardized,Not  Applicable,"Priority 3: Education, Skills And Health","Education, skills and health","The Social Protection, Community and Human Development cluster",,,,,,,1000,,1000,,1000,None ,None ,,,,,,,,,,,,,,,,,171
Basic Education,Education,Mpumalanga,Programme 2.	Public Ordinary School Education,Programme 2.	Public Ordinary School Education,Annually,SOI 204: Number of foundation phase teachers trained in numeracy content and methodology,Non-Standardized,Not  Applicable,"Priority 3: Education, Skills And Health","Education, skills and health","The Social Protection, Community and Human Development cluster",,,,,,,1000,,1000,,1000,None ,None ,,,,,,,,,,,,,,,,,171
Basic Education,Education,Mpumalanga,Programme 2.	Public Ordinary School Education,Programme 2.	Public Ordinary School Education,Annually,SOI 205: Number of teachers trained in Mathematics content and methodology,Non-Standardized,Not  Applicable,"Priority 3: Education, Skills And Health","Education, skills and health","The Social Protection, Community and Human Development cluster",,,,,,,1500,,1500,,1500,None ,None ,,,,,,,,,,,,,,,,,171
Basic Education,Education,Mpumalanga,Programme 2.	Public Ordinary School Education,Programme 2.	Public Ordinary School Education,Annually,SOI 206: Number of teachers trained in Language content and methodology,Non-Standardized,Not  Applicable,"Priority 3: Education, Skills And Health","Education, skills and health","The Social Protection, Community and Human Development cluster",,,,,,,2300,,2300,,2300,None ,None ,,,,,,,,,,,,,,,,,171
Basic Education,Education,Mpumalanga,Programme 2.	Public Ordinary School Education,Programme 2.	Public Ordinary School Education,Quarterly,Default,Standardized,Not  Applicable,"Priority 3: Education, Skills And Health",-,"The Social Protection, Community and Human Development cluster",,,,,,,,,,0,,,,,,,,,,,,,,,,,,,,171
Basic Education,Education,Mpumalanga,Programme 2.	Public Ordinary School Education,Programme 2.	Public Ordinary School Education,Quarterly,POI 2.12: Number of schools monitored and supported on QMS ,Non-Standardized,Not  Applicable,"Priority 3: Education, Skills And Health","Education, skills and health","The Social Protection, Community and Human Development cluster",300,300,300,204,50,39 ,250,46,900,589,300,due to competing programmes ,to prioritise Provincial programmes,,None ,None ,"There is no alignment between the targets in the e-QPR and the 2024/25 APP for all the quarters  of the  2024/25 financial year. The outcome for the 1st quarter of the 2024/25 financial year is 100% of the set target.   
",Not all schools were monitored and supported due to competing programmes ,The activity is differed to the third quarter ," The outcome for the 2nd  quarter of the 2024/25 financial year is 68% of the set target.  The variance is -96.  The PED has provided a reason for the attainment of the outcome for the quarter under review. The PED is advised to plan for all activities so that deliverables can know by all officials. In addition, this will lead to them knowing when and how the priorities will be delivered.
",Priority was given to the monitoring of the NSC exams,The outstanding schools will be done in the fourth quarter ,"The PED has achieved 78% of the set target for the quarter under review. The variance is -11.  The PED has provided a reason for the attainment of the set target.. The PED is advised to track the outcome of the corrective action to be undertaken.
",The target was revised ,None ,"The PED has achieved 18,40%  of the set target for the quarter under review.   The variance is -204. The PED has provided a reason for the attainment of the quarterly target. 
","Ensure revised APP is attached, target was supposed to have been re-captured at the end of 3rd quarter as per re-vised APP",,,171
Basic Education,Education,Mpumalanga,Programme 2.	Public Ordinary School Education,Programme 2.	Public Ordinary School Education,Quarterly,POI 2.13: Number of teachers supported through the training programmes delivered through the PTDIs and DTDCs,Non-Standardized,Not  Applicable,"Priority 3: Education, Skills And Health","Education, skills and health","The Social Protection, Community and Human Development cluster",900,1100,900,1383,0,0,700,700,2500,3183,1000,the target was reduced due to financial constraints to 1000,none ,,More teachers attended the training than anticipated ,None ,"There is no  alignment between the targets in the e-QPR and the 2024/25 APP for all the quarters  of the  2024/25 financial year. The outcome for the 1st quarter of the 2024/25 financial year is 122% of the set target. The variance is 200.   The PED has  provided a reason for the attainment of the set target for the quarter under review. 
",More teachers supported through training programmes through PTDIs and DTDCs due the backlog from the previous quarter ,None ," The outcome for the 2nd quarter of the 2024/25 financial year is 154% of the set target.  The variance is 483.  The PED has provided a reason for the attainment of the outcome for the quarter under review. 
",None ,None ,,None ,None ,"The PED has achieved 100% of the set target for the quarter under review.   
",,,,171
Basic Education,Education,Mpumalanga,Programme 2.	Public Ordinary School Education,Programme 2.	Public Ordinary School Education,Quarterly,POI 2.4: Number of quintile 1-3 schools benefiting from National School Nutrition Programme ,Non-Standardized,Not  Applicable,"Priority 3: Education, Skills And Health","Education, skills and health","The Social Protection, Community and Human Development cluster",1533,1520,1533,1520,1533,1520,1533,1520,1533,6080,1520,closure/ merger of schools ,None ,,Closure  and merger of school ,None ,"There is no alignment between the targets in the e-QPR and the 2024/25 APP for all the quarters of the 2024/25 financial year.  This indicator is depicted as an annual indicator in the 2024/25 APP of the PED. The outcome for the 1st quarter of the 2024/25 financial year is 99,2% of the set target. The variance is -13.    The PED has provided a reason for the attainment of the set target for the quarter under review. 
",closure/merger of schools,None," The outcome for the 2nd  quarter of the 2024/25 financial year is 99% of the set target. The variance is -13. The PED has provided a reason for the attainment of the outcome for the quarter under review. 
",Merger and Closure of small and non-viable schools ,None ,"The PED has achieved 98,2% of the set target for the quarter under review. The variance is -13.  The PED has provided a reason for the attainment of the set target.. The PED is advised to track the impact of the rationalisation and whether the resources from the schools have been reallocated and if there are savings thereof.
",Closure /Merger of schools ,None ,"The PED has achieved 99,15%  of the set target for the quarter under review.  The variance is -13. The PED has provided a reason for the attainment  of the quarterly target. The PED is advised to track the impact of the rationalisation and whether the resources from the schools have been reallocated and if there are savings thereof.
",,,,171
Basic Education,Education,Mpumalanga,Programme 2.	Public Ordinary School Education,Sub-Programme 2.1: Public Primary Level,Annually,Default,Not Applicable,Not  Applicable,Not Applicable,-,Not Applicable,,,,,,,,,,,,,,,,,,,,,,,,,,,,,,171
Basic Education,Education,Mpumalanga,Programme 2.	Public Ordinary School Education,Sub-Programme 2.1: Public Primary Level,Quarterly,Default,Not Applicable,Not  Applicable,Not Applicable,-,Not Applicable,,,,,,,,,,,,,,,,,,,,,,,,,,,,,,171
Basic Education,Education,Mpumalanga,Programme 2.	Public Ordinary School Education,Sub-Programme 2.2: Public Secondary Level,Annually,Default,Not Applicable,Not  Applicable,Not Applicable,-,Not Applicable,,,,,,,,,,,,,,,,,,,,,,,,,,,,,,171
Basic Education,Education,Mpumalanga,Programme 2.	Public Ordinary School Education,Sub-Programme 2.2: Public Secondary Level,Quarterly,Default,Not Applicable,Not  Applicable,Not Applicable,-,Not Applicable,,,,,,,,,,,,,,,,,,,,,,,,,,,,,,171
Basic Education,Education,Mpumalanga,Programme 2.	Public Ordinary School Education,Sub-Programme 2.3: Human Resource Development,Annually,Default,Not Applicable,Not  Applicable,Not Applicable,-,Not Applicable,,,,,,,,,,,,,,,,,,,,,,,,,,,,,,171
Basic Education,Education,Mpumalanga,Programme 2.	Public Ordinary School Education,Sub-Programme 2.3: Human Resource Development,Quarterly,Default,Not Applicable,Not  Applicable,Not Applicable,-,Not Applicable,,,,,,,,,,,,,,,,,,,,,,,,,,,,,,171
Basic Education,Education,Mpumalanga,Programme 2.	Public Ordinary School Education,"Sub-Programme 2.4: School Sport, Culture and Media Services",Annually,Default,Not Applicable,Not  Applicable,Not Applicable,-,Not Applicable,,,,,,,,,,,,,,,,,,,,,,,,,,,,,,171
Basic Education,Education,Mpumalanga,Programme 2.	Public Ordinary School Education,"Sub-Programme 2.4: School Sport, Culture and Media Services",Quarterly,Default,Not Applicable,Not  Applicable,Not Applicable,-,Not Applicable,,,,,,,,,,,,,,,,,,,,,,,,,,,,,,171
Basic Education,Education,Mpumalanga,Programme 2.	Public Ordinary School Education,Sub-Programme 2.5: Conditional Grants,Annually,Default,Not Applicable,Not  Applicable,Not Applicable,-,Not Applicable,,,,,,,,,,,,,,,,,,,,,,,,,,,,,,171
Basic Education,Education,Mpumalanga,Programme 2.	Public Ordinary School Education,Sub-Programme 2.5: Conditional Grants,Quarterly,Default,Not Applicable,Not  Applicable,Not Applicable,-,Not Applicable,,,,,,,,,,,,,,,,,,,,,,,,,,,,,,171
Basic Education,Education,Mpumalanga,Programme 3: Independent School Subsidies,Programme 3: Independent School Subsidies,Annually,Default,Standardized,Not  Applicable,"Priority 3: Education, Skills And Health",-,"The Social Protection, Community and Human Development cluster",,,,,,,,,,,,,,,,,,,,,,,,,,,,,,171
Basic Education,Education,Mpumalanga,Programme 3: Independent School Subsidies,Programme 3: Independent School Subsidies,Annually,SOI 301: Percentage of registered independent schools receiving subsidies.,Standardized,Not  Applicable,"Priority 3: Education, Skills And Health","Education, skills and health","The Social Protection, Community and Human Development cluster",,,,,18 %,,,,18 %,,18,None ,None ,,,,,,,,,,,,,,,,,171
Basic Education,Education,Mpumalanga,Programme 3: Independent School Subsidies,Programme 3: Independent School Subsidies,Annually,SOI 302: Number of learners subsidised at registered independent schools,Not Applicable,Not  Applicable,"Priority 3: Education, Skills And Health","Education, skills and health","The Social Protection, Community and Human Development cluster",,,,,,,7791,,7791,,7791,None ,None ,,,,,,,,,,,,,,,,,171
Basic Education,Education,Mpumalanga,Programme 3: Independent School Subsidies,Programme 3: Independent School Subsidies,Quarterly,Default,Standardized,Not  Applicable,"Priority 3: Education, Skills And Health",-,"The Social Protection, Community and Human Development cluster",,,,,,,,,,0,,,,,,,,,,,,,,,,,,,,171
Basic Education,Education,Mpumalanga,Programme 3: Independent School Subsidies,Programme 3: Independent School Subsidies,Quarterly,POI 3.1: Number of registered independent schools that are implementing improvement plans based on monitoring findings,Non-Standardized,Not  Applicable,"Priority 3: Education, Skills And Health","Education, skills and health","The Social Protection, Community and Human Development cluster",24,24,24,23,24,24,24,24,24,95,24,None ,None ,,None ,None,"There is  alignment between the targets in the e-QPR and the 2024/25 APP for all the quarters  of the  2024/25 financial year. The outcome for the 1st quarter of the 2024/25 financial year is 100% of the set target.   
",1 school not paid due to non compliance to NNSF,The payment has since been effected in the third quarter ," The outcome for the 2nd  quarter of the 2024/25 financial year is 96% of the set target.  The variance is -1.  The reason for the deviation does not correlate with the outcome for the provincial output indicator.
",None ,None ,"The PED has achieved 100% of the set target for the quarter under review. 
",none ,none ,"The PED has achieved 100%  of the set target for the quarter under review.   
",,,,171
Basic Education,Education,Mpumalanga,Programme 3: Independent School Subsidies,Sub-Programme 3.1: Primary Level,Annually,Default,Not Applicable,Not  Applicable,Not Applicable,-,Not Applicable,,,,,,,,,,,,,,,,,,,,,,,,,,,,,,171
Basic Education,Education,Mpumalanga,Programme 3: Independent School Subsidies,Sub-Programme 3.1: Primary Level,Quarterly,Default,Not Applicable,Not  Applicable,Not Applicable,-,Not Applicable,,,,,,,,,,,,,,,,,,,,,,,,,,,,,,171
Basic Education,Education,Mpumalanga,Programme 3: Independent School Subsidies,Sub-Programme 3.2: Secondary Level,Annually,Default,Not Applicable,Not  Applicable,Not Applicable,-,Not Applicable,,,,,,,,,,,,,,,,,,,,,,,,,,,,,,171
Basic Education,Education,Mpumalanga,Programme 3: Independent School Subsidies,Sub-Programme 3.2: Secondary Level,Quarterly,Default,Not Applicable,Not  Applicable,Not Applicable,-,Not Applicable,,,,,,,,,,,,,,,,,,,,,,,,,,,,,,171
Basic Education,Education,Mpumalanga,Programme 4:  Public Special School Education,Programme 4:  Public Special School Education,Annually,Default,Standardized,Not  Applicable,"Priority 3: Education, Skills And Health",-,"The Social Protection, Community and Human Development cluster",,,,,,,,,,,,,,,,,,,,,,,,,,,,,,171
Basic Education,Education,Mpumalanga,Programme 4:  Public Special School Education,Programme 4:  Public Special School Education,Annually,POI 4.3: Number of children ages 0-8 provided screening and/or support services for developmental delays and or disability ,Non-Standardized,Not  Applicable,"Priority 3: Education, Skills And Health","Education, skills and health","The Social Protection, Community and Human Development cluster",,,,,,,160,,160,,95,The variance of 65 is due to Special Care Centres having only 95 learners enrolled in ages 0-8 range/cohort and due to learner drop-out ,None ,,,,,,,,,,,,,,,,,171
Basic Education,Education,Mpumalanga,Programme 4:  Public Special School Education,Programme 4:  Public Special School Education,Annually,SOI 401	Number of learners in public special schools,Standardized,Not  Applicable,"Priority 3: Education, Skills And Health","Education, skills and health","The Social Protection, Community and Human Development cluster",,,,,,,4017,,4017,,4029,Special schools are more accessible due to district support ,None ,,,,,,,,,,,,,,,,,171
Basic Education,Education,Mpumalanga,Programme 4:  Public Special School Education,Programme 4:  Public Special School Education,Quarterly,Default,Standardized,Not  Applicable,"Priority 3: Education, Skills And Health",-,"The Social Protection, Community and Human Development cluster",,,,,,,,,,0,,,,,,,,,,,,,,,,,,,,171
Basic Education,Education,Mpumalanga,Programme 4:  Public Special School Education,Programme 4:  Public Special School Education,Quarterly,POI 4.1: Number of educators: employed in public special schools ,Non-Standardized,Not  Applicable,"Priority 3: Education, Skills And Health","Education, skills and health","The Social Protection, Community and Human Development cluster",472,447,472,446,472,455,472,,472,0,453,The target was not achieved due to normal attrition.,None ,,Attrition,None,"There is  alignment between the targets in the e-QPR and the 2024/25 APP for all the quarters  of the  2024/25 financial year. The PED is advised to provide the outcome for this indicator.
",Normal staff attrition,None ," The outcome for the 2nd  quarter of the 2024/25 financial year is 94% of the set target.  The variance is -26.  The PED has provided a reason for the attainment of the outcome for the quarter under review. What is the corrective action to be undertaken to fill the posts.
",The target has been revised during the adjustment period to 31 ,None ,"The output for the quarter under review is 455. The reason deviation total does not correspond with the outcome for the quarter under review.
",,,"The PED is advised to insert the outcome for the quarter under review.
",actual output not captured,,,171
Basic Education,Education,Mpumalanga,Programme 4:  Public Special School Education,Programme 4:  Public Special School Education,Quarterly,POI 4.2: Number of special schools monitored for implementing curriculum monitoring findings ,Non-Standardized,Not  Applicable,"Priority 3: Education, Skills And Health","Education, skills and health","The Social Protection, Community and Human Development cluster",18,0,18,9,18,6,18,,18,15,18,None ,None ,,None,None,"There is  alignment between the targets in the e-QPR and the 2024/25 APP for all the quarters  of the  2024/25 financial year. The PED is advised to provide the outcome for this indicator.
",Not all schools could be visited due to competing programmes ,"
The remaining 9 will be prioritised in the third quarter. 
"," The outcome for the 2nd  quarter of the 2024/25 financial year is 50% of the set target.  The variance is -9.  The PED has provided a reason for the attainment of the outcome for the quarter under review. The corrective action to be undertaken should be monitored.
",the activity was not achieved due to the ill health of the responsible official,None ,"The PED has achieved 33,3% of the set target for the quarter under review. The variance is -12.  The PED has provided a reason for the attainment of the set target. 
",,,"The PED is advised to insert the outcome for the quarter under review.
",actual output not captured,,,171
Basic Education,Education,Mpumalanga,Programme 4:  Public Special School Education,Programme 4:  Public Special School Education,Quarterly,POI 4.4: Number teachers trained on SIAS policy,Non-Standardized,Not  Applicable,"Priority 3: Education, Skills And Health","Education, skills and health","The Social Protection, Community and Human Development cluster",300,0,300,330,0,0,300,,900,330,900,NONE ,NONE ,,None,None,"There is  alignment between the targets in the e-QPR and the 2024/25 APP for all the quarters  of the  2024/25 financial year. The PED is advised to provide the outcome for this indicator.

",More teachers trained due to a  need identified ,None ," The outcome for the 2nd  quarter of the 2024/25 financial year is 110% of the set target.  The variance is 30.  The PED has provided a reason for the attainment of the outcome for the quarter under review. The PED must monitor the spending in the Human Resources Development sub-programme. Is the identification based on the planning process.
",None ,None ,,,,"The PED is advised to insert the outcome for the quarter under review.
",actual output not captured,,,171
Basic Education,Education,Mpumalanga,Programme 4:  Public Special School Education,Programme 4:  Public Special School Education,Quarterly,SOI 402: Number of therapists/specialist staff in public special schools. ,Standardized,Not  Applicable,"Priority 3: Education, Skills And Health","Education, skills and health","The Social Protection, Community and Human Development cluster",27,0,27,21,27,21,27,,27,0,21,normal attrition,None ,,None,None,"There is  alignment between the targets in the e-QPR and the 2024/25 APP for all the quarters of the  2024/25 financial year. The PED is advised to provide the outcome for this indicator.
",Normal staff  Attrition ,None ," The outcome for the 2nd  quarter of the 2024/25 financial year is 78% of the set target.  The variance is -6.  The PED has provided a reason for the attainment of the outcome for the quarter under review. What is the corrective action to be undertaken to fill the posts.
",Due to normal staff attrition and delayed HR processed ,To finalise the HR processes for appointments,"The PED has achieved 78% of the set target for the quarter under review. The variance is -6.  The PED has provided a reason for the attainment of the set target.. The PED is advised to track the outcome of the corrective action to be undertaken.
",,,"The PED is advised to insert the outcome for the quarter under review.
",actual output not captured,,,171
Basic Education,Education,Mpumalanga,Programme 4:  Public Special School Education,Sub-Programme 4.1: Schools,Annually,Default,Not Applicable,Not  Applicable,Not Applicable,-,Not Applicable,,,,,,,,,,,,,,,,,,,,,,,,,,,,,,171
Basic Education,Education,Mpumalanga,Programme 4:  Public Special School Education,Sub-Programme 4.1: Schools,Quarterly,Default,Not Applicable,Not  Applicable,Not Applicable,-,Not Applicable,,,,,,,,,,,,,,,,,,,,,,,,,,,,,,171
Basic Education,Education,Mpumalanga,Programme 4:  Public Special School Education,Sub-Programme 4.2: Human Resource Development,Annually,Default,Not Applicable,Not  Applicable,Not Applicable,-,Not Applicable,,,,,,,,,,,,,,,,,,,,,,,,,,,,,,171
Basic Education,Education,Mpumalanga,Programme 4:  Public Special School Education,Sub-Programme 4.2: Human Resource Development,Quarterly,Default,Not Applicable,Not  Applicable,Not Applicable,-,Not Applicable,,,,,,,,,,,,,,,,,,,,,,,,,,,,,,171
Basic Education,Education,Mpumalanga,Programme 4:  Public Special School Education,"Sub-Programme 4.3: School Sport, Culture and Media Services",Annually,Default,Not Applicable,Not  Applicable,Not Applicable,-,Not Applicable,,,,,,,,,,,,,,,,,,,,,,,,,,,,,,171
Basic Education,Education,Mpumalanga,Programme 4:  Public Special School Education,"Sub-Programme 4.3: School Sport, Culture and Media Services",Quarterly,Default,Not Applicable,Not  Applicable,Not Applicable,-,Not Applicable,,,,,,,,,,,,,,,,,,,,,,,,,,,,,,171
Basic Education,Education,Mpumalanga,Programme 4:  Public Special School Education,Sub-Programme 4.4: Conditional Grants,Annually,Default,Not Applicable,Not  Applicable,Not Applicable,-,Not Applicable,,,,,,,,,,,,,,,,,,,,,,,,,,,,,,171
Basic Education,Education,Mpumalanga,Programme 4:  Public Special School Education,Sub-Programme 4.4: Conditional Grants,Quarterly,Default,Not Applicable,Not  Applicable,Not Applicable,-,Not Applicable,,,,,,,,,,,,,,,,,,,,,,,,,,,,,,171
Basic Education,Education,Mpumalanga,Programme 5:  Early Childhood Development,Programme 5:  Early Childhood Development,Annually,Default,Standardized,Not  Applicable,"Priority 3: Education, Skills And Health",-,"The Social Protection, Community and Human Development cluster",,,,,,,,,0,0,,0,0,,,,,,,,,,,,,,,,,171
Basic Education,Education,Mpumalanga,Programme 5:  Early Childhood Development,Programme 5:  Early Childhood Development,Annually,POI 5.1: Number of learners enrolled in Grade R in public schools ,Non-Standardized,Not  Applicable,"Priority 3: Education, Skills And Health","Education, skills and health","The Social Protection, Community and Human Development cluster",,,,,67000,,,,67000,,69221,The overachievement is due to advocacy campaigns,None ,,,,,,,,,,,,,,,,,171
Basic Education,Education,Mpumalanga,Programme 5:  Early Childhood Development,Programme 5:  Early Childhood Development,Annually,POI 5.2: Number of Grade R educators or practitioners with NQF level 6 and above qualification,Non-Standardized,Not  Applicable,"Priority 3: Education, Skills And Health","Education, skills and health","The Social Protection, Community and Human Development cluster",,,,,,,1595,,1595,,1684,"More practitioners
passed their
academic
requirement than
projected
",None ,,,,,,,,,,,,,,,,,171
Basic Education,Education,Mpumalanga,Programme 5:  Early Childhood Development,Programme 5:  Early Childhood Development,Annually,POI 5.3: Number of Grade R practitioners employed in public ordinary schools per quarter(incl. qualified educators serving as Gr. R educators),Non-Standardized,Not  Applicable,"Priority 3: Education, Skills And Health","Education, skills and health","The Social Protection, Community and Human Development cluster",,,,,,,1600,,1600,,2030,normal attrition ,None ,,,,,,,,,,,,,,,,,171
Basic Education,Education,Mpumalanga,Programme 5:  Early Childhood Development,Programme 5:  Early Childhood Development,Annually,POI 5.4: Number of Practitioners trained on ECD NQF Level 4 qualification ,Non-Standardized,Not  Applicable,"Priority 3: Education, Skills And Health","Education, skills and health","The Social Protection, Community and Human Development cluster",,,,,,,400,,400,,400,None ,None ,,,,,,,,,,,,,,,,,171
Basic Education,Education,Mpumalanga,Programme 5:  Early Childhood Development,Programme 5:  Early Childhood Development,Annually,SOI 501	Number of public schools that offer Grade R,Standardized,Not  Applicable,"Priority 3: Education, Skills And Health","Education, skills and health","The Social Protection, Community and Human Development cluster",,,,,,,1063,,1063,,1073,The achievement is due to advocacy campaigns ,None ,,,,,,,,,,,,,,,,,171
Basic Education,Education,Mpumalanga,Programme 5:  Early Childhood Development,Programme 5:  Early Childhood Development,Annually,SOI 502: Number of registered ECD programmes,Standardized,Not  Applicable,"Priority 3: Education, Skills And Health","Education, skills and health","The Social Protection, Community and Human Development cluster",,,,,,,1463,,1463,,1300,Target was reduced to 1300 and achieved accordingly,,,,,,,,,,,,,,,,,,171
Basic Education,Education,Mpumalanga,Programme 5:  Early Childhood Development,Programme 5:  Early Childhood Development,Annually,SOI 503: Number of children accessing registered ECD programmes ,Non-Standardized,Not  Applicable,"Priority 3: Education, Skills And Health","Education, skills and health","The Social Protection, Community and Human Development cluster",,,,,,,70887,,70887,,7088,None ,None ,,,,,,,,,,,,,,,,,171
Basic Education,Education,Mpumalanga,Programme 5:  Early Childhood Development,Programme 5:  Early Childhood Development,Quarterly,Default,Standardized,Not  Applicable,"Priority 3: Education, Skills And Health",-,"The Social Protection, Community and Human Development cluster",,,,,,,,,,,,,,,,,,,,,,,,,,,,,,171
Basic Education,Education,Mpumalanga,Programme 5:  Early Childhood Development,Sub-Programme 5.1: Grade R in Public Schools,Annually,Default,Not Applicable,Not  Applicable,Not Applicable,-,Not Applicable,,,,,,,,,,,,,,,,,,,,,,,,,,,,,,171
Basic Education,Education,Mpumalanga,Programme 5:  Early Childhood Development,Sub-Programme 5.1: Grade R in Public Schools,Quarterly,Default,Not Applicable,Not  Applicable,Not Applicable,-,Not Applicable,,,,,,,,,,,,,,,,,,,,,,,,,,,,,,171
Basic Education,Education,Mpumalanga,Programme 5:  Early Childhood Development,Sub-Programme 5.2: Grade R in Early Childhood Development Centres,Annually,Default,Not Applicable,Not  Applicable,Not Applicable,-,Not Applicable,,,,,,,,,,,,,,,,,,,,,,,,,,,,,,171
Basic Education,Education,Mpumalanga,Programme 5:  Early Childhood Development,Sub-Programme 5.2: Grade R in Early Childhood Development Centres,Quarterly,Default,Not Applicable,Not  Applicable,Not Applicable,-,Not Applicable,,,,,,,,,,,,,,,,,,,,,,,,,,,,,,171
Basic Education,Education,Mpumalanga,Programme 5:  Early Childhood Development,Sub-Programme 5.3: Pre-Grade R in Early Childhood Development Centres,Annually,Default,Not Applicable,Not  Applicable,Not Applicable,-,Not Applicable,,,,,,,,,,,,,,,,,,,,,,,,,,,,,,171
Basic Education,Education,Mpumalanga,Programme 5:  Early Childhood Development,Sub-Programme 5.3: Pre-Grade R in Early Childhood Development Centres,Quarterly,Default,Not Applicable,Not  Applicable,Not Applicable,-,Not Applicable,,,,,,,,,,,,,,,,,,,,,,,,,,,,,,171
Basic Education,Education,Mpumalanga,Programme 5:  Early Childhood Development,Sub-Programme 5.4: Human Resource Development,Annually,Default,Not Applicable,Not  Applicable,Not Applicable,-,Not Applicable,,,,,,,,,,,,,,,,,,,,,,,,,,,,,,171
Basic Education,Education,Mpumalanga,Programme 5:  Early Childhood Development,Sub-Programme 5.4: Human Resource Development,Quarterly,Default,Not Applicable,Not  Applicable,Not Applicable,-,Not Applicable,,,,,,,,,,,,,,,,,,,,,,,,,,,,,,171
Basic Education,Education,Mpumalanga,Programme 5:  Early Childhood Development,Sub-Programme 5.5: Conditional Grants,Annually,Default,Not Applicable,Not  Applicable,Not Applicable,-,Not Applicable,,,,,,,,,,,,,,,,,,,,,,,,,,,,,,171
Basic Education,Education,Mpumalanga,Programme 5:  Early Childhood Development,Sub-Programme 5.5: Conditional Grants,Quarterly,Default,Not Applicable,Not  Applicable,Not Applicable,-,Not Applicable,,,,,,,,,,,,,,,,,,,,,,,,,,,,,,171
Basic Education,Education,Mpumalanga,Programme 6:  Infrastructure Development,Programme 6:  Infrastructure Development,Annually,Default,Standardized,Not  Applicable,"Priority 3: Education, Skills And Health",-,"The Social Protection, Community and Human Development cluster",,,,,,,,,0,,,,,,,,,,,,,,,,,,,,,171
Basic Education,Education,Mpumalanga,Programme 6:  Infrastructure Development,Programme 6:  Infrastructure Development,Annually,"POI 6.1: Number of additional classrooms built in, or provided for, existing public schools (includes new and replacement schools)",Non-Standardized,Not  Applicable,"Priority 3: Education, Skills And Health","Education, skills and health","The Social Protection, Community and Human Development cluster",,,,,,,162,,162,,226,The 40 overachieved due to the provisioning of Mobile classrooms provided for storm damaged schools  ,NONE ,,,,,,,,,,,,,,,,,171
Basic Education,Education,Mpumalanga,Programme 6:  Infrastructure Development,Programme 6:  Infrastructure Development,Annually,POI 6.2: Number of additional specialist rooms built in public schools (Includes specialists rooms built in replacement schools),Non-Standardized,Not  Applicable,"Priority 3: Education, Skills And Health","Education, skills and health","The Social Protection, Community and Human Development cluster",,,,,,,11,,11,,9,5 workshops at Vaal Rivier not completed according to planned schedule,NONE,,,,,,,,,,,,,,,,,171
Basic Education,Education,Mpumalanga,Programme 6:  Infrastructure Development,Programme 6:  Infrastructure Development,Annually,POI 6.3: Number of new public schools that have reached completion and are ready for occupation (Includes replacement schools),Non-Standardized,Not  Applicable,"Priority 3: Education, Skills And Health","Education, skills and health","The Social Protection, Community and Human Development cluster",,,,,,,2,,2,,2,NONE ,NONE ,,,,,,,,,,,,,,,,,171
Basic Education,Education,Mpumalanga,Programme 6:  Infrastructure Development,Programme 6:  Infrastructure Development,Annually,"POI 6.4: Number of new grade R classrooms built or provided (Includes those in new, existing and replacement schools)",Non-Standardized,Not  Applicable,"Priority 3: Education, Skills And Health","Education, skills and health","The Social Protection, Community and Human Development cluster",,,,,,,10,,10,,22,The target was reprioritised to 22 during adjustment ,none ,,,,,,,,,,,,,,,,,171
Basic Education,Education,Mpumalanga,Programme 6:  Infrastructure Development,Programme 6:  Infrastructure Development,Annually,POI 6.5: Number  of schools provided with secure fencing facilities ,Non-Standardized,Not  Applicable,"Priority 3: Education, Skills And Health","Education, skills and health","The Social Protection, Community and Human Development cluster",,,,,,,23,,23,,20,3 projects not completed according to planned schedule due to community unrest,NONE ,,,,,,,,,,,,,,,,,171
Basic Education,Education,Mpumalanga,Programme 6:  Infrastructure Development,Programme 6:  Infrastructure Development,Annually,POI 6.6: Number of new schools under construction (new and replacement),Non-Standardized,Not  Applicable,"Priority 3: Education, Skills And Health","Education, skills and health","The Social Protection, Community and Human Development cluster",,,,,,,6,,6,,7,NONE ,NONE ,,,,,,,,,,,,,,,,,171
Basic Education,Education,Mpumalanga,Programme 6:  Infrastructure Development,Programme 6:  Infrastructure Development,Annually,SOI 601	Number of public ordinary schools provided with water infrastracture,Standardized,Not  Applicable,"Priority 3: Education, Skills And Health","Education, skills and health","The Social Protection, Community and Human Development cluster",,,,,,,16,,16,,40,There was a need for  additional projects for water,NONE ,,,,,,,,,,,,,,,,,171
Basic Education,Education,Mpumalanga,Programme 6:  Infrastructure Development,Programme 6:  Infrastructure Development,Annually,SOI 602: Number of public schools provided with electricity infrastructure.,Standardized,Not  Applicable,"Priority 3: Education, Skills And Health","Education, skills and health","The Social Protection, Community and Human Development cluster",,,,,,,0,,0,,0,NONE ,NONE ,,,,,,,,,,,,,,,,,171
Basic Education,Education,Mpumalanga,Programme 6:  Infrastructure Development,Programme 6:  Infrastructure Development,Annually,SOI 603 Number of public schools supplied with sanitation facilities ,Non-Standardized,Not  Applicable,"Priority 3: Education, Skills And Health","Education, skills and health","The Social Protection, Community and Human Development cluster",,,,,,,75,,75,,26,Some Projects were not completed due to slow progress of the contractors.,none ,,,,,,,,,,,,,,,,,171
Basic Education,Education,Mpumalanga,Programme 6:  Infrastructure Development,Programme 6:  Infrastructure Development,Annually,SOI 604 Number of schools provided with new or additional boarding facilities  ,Non-Standardized,Not  Applicable,"Priority 3: Education, Skills And Health","Education, skills and health","The Social Protection, Community and Human Development cluster",,,,,,,1,,1,,0,The target was changed during adjustment to 0 ,None ,,,,,,,,,,,,,,,,,171
Basic Education,Education,Mpumalanga,Programme 6:  Infrastructure Development,Programme 6:  Infrastructure Development,Annually,SOI 605: Number of schools where scheduled maintenance projects were completed,Standardized,Not  Applicable,"Priority 3: Education, Skills And Health","Education, skills and health","The Social Protection, Community and Human Development cluster",,,,,,,335,,335,,148,The target was reduced to 148 during adjustment ,NONE ,,,,,,,,,,,,,,,,,171
Basic Education,Education,Mpumalanga,Programme 6:  Infrastructure Development,Programme 6:  Infrastructure Development,Quarterly,Default,Standardized,Not  Applicable,"Priority 3: Education, Skills And Health",-,"The Social Protection, Community and Human Development cluster",,,,,,,,,,,,,,,,,,,,,,,,,,,,,,171
Basic Education,Education,Mpumalanga,Programme 6:  Infrastructure Development,Sub-Programme 6.1: Administration,Annually,Default,Not Applicable,Not  Applicable,Not Applicable,-,Not Applicable,,,,,,,,,,,,,,,,,,,,,,,,,,,,,,171
Basic Education,Education,Mpumalanga,Programme 6:  Infrastructure Development,Sub-Programme 6.1: Administration,Quarterly,Default,Not Applicable,Not  Applicable,Not Applicable,-,Not Applicable,,,,,,,,,,,,,,,,,,,,,,,,,,,,,,171
Basic Education,Education,Mpumalanga,Programme 6:  Infrastructure Development,Sub-Programme 6.2: Public Ordinary Schools,Annually,Default,Not Applicable,Not  Applicable,Not Applicable,-,Not Applicable,,,,,,,,,,,,,,,,,,,,,,,,,,,,,,171
Basic Education,Education,Mpumalanga,Programme 6:  Infrastructure Development,Sub-Programme 6.2: Public Ordinary Schools,Quarterly,Default,Not Applicable,Not  Applicable,Not Applicable,-,Not Applicable,,,,,,,,,,,,,,,,,,,,,,,,,,,,,,171
Basic Education,Education,Mpumalanga,Programme 6:  Infrastructure Development,Sub-Programme 6.3: Special Schools,Annually,Default,Not Applicable,Not  Applicable,Not Applicable,-,Not Applicable,,,,,,,,,,,,,,,,,,,,,,,,,,,,,,171
Basic Education,Education,Mpumalanga,Programme 6:  Infrastructure Development,Sub-Programme 6.3: Special Schools,Quarterly,Default,Not Applicable,Not  Applicable,Not Applicable,-,Not Applicable,,,,,,,,,,,,,,,,,,,,,,,,,,,,,,171
Basic Education,Education,Mpumalanga,Programme 6:  Infrastructure Development,Sub-Programme 6.4: Early Childhood Development,Annually,Default,Not Applicable,Not  Applicable,Not Applicable,-,Not Applicable,,,,,,,,,,,,,,,,,,,,,,,,,,,,,,171
Basic Education,Education,Mpumalanga,Programme 6:  Infrastructure Development,Sub-Programme 6.4: Early Childhood Development,Quarterly,Default,Not Applicable,Not  Applicable,Not Applicable,-,Not Applicable,,,,,,,,,,,,,,,,,,,,,,,,,,,,,,171
Basic Education,Education,Mpumalanga,Programme 7: Examination and Education Related Services,Programme 7: Examination and Education Related Services,Annually,Default,Standardized,Not  Applicable,"Priority 3: Education, Skills And Health",-,"The Social Protection, Community and Human Development cluster",,,,,,,,,0,,,,,,,,,,,,,,,,,,,,,171
Basic Education,Education,Mpumalanga,Programme 7: Examination and Education Related Services,Programme 7: Examination and Education Related Services,Annually,POI 7.1 Number of bursary holders who complete their study programmes successfully,Non-Standardized,Not  Applicable,"Priority 3: Education, Skills And Health","Education, skills and health","The Social Protection, Community and Human Development cluster",,,,,,,83,,83,,107,Internal bursars struggled to meet mandatory academic requirements to complete their studies ,None ,,,,,,,,,,,,,,,,,171
Basic Education,Education,Mpumalanga,Programme 7: Examination and Education Related Services,Programme 7: Examination and Education Related Services,Annually,POI 7.2 Number of learners on learnership and internship programmes ,Non-Standardized,Not  Applicable,"Priority 3: Education, Skills And Health","Education, skills and health","The Social Protection, Community and Human Development cluster",,,,,,,600,,600,,166,due to budget cuts funding was limited,None ,,,,,,,,,,,,,,,,,171
Basic Education,Education,Mpumalanga,Programme 7: Examination and Education Related Services,Programme 7: Examination and Education Related Services,Annually,SOI 701: Percentage of learners who passed the National Senior Certificate (NSC) Examination ,Standardized,Not  Applicable,"Priority 3: Education, Skills And Health","Education, skills and health","The Social Protection, Community and Human Development cluster",,,,,,,83 %,,83 %,,84.9,The overachievement is due to monitoring and support visits to schools to monitor the implementation of LPIP; training of educators on content and methodology and providing coaching and mentoring for individual educators,None ,,,,,,,,,,,,,,,,,171
Basic Education,Education,Mpumalanga,Programme 7: Examination and Education Related Services,Programme 7: Examination and Education Related Services,Annually,SOI 702: Percentage of Grade 12 learners passing at the Bachelor Pass level.,Standardized,Not  Applicable,"Priority 3: Education, Skills And Health","Education, skills and health","The Social Protection, Community and Human Development cluster",,,,,,,40 %,,40 %,,43.4,The overachievement is due to monitoring and support visits to schools to monitor the implementation of LPIP; training of educators on content and methodology and providing coaching and mentoring for individual educators,None ,,,,,,,,,,,,,,,,,171
Basic Education,Education,Mpumalanga,Programme 7: Examination and Education Related Services,Programme 7: Examination and Education Related Services,Annually,SOI 703 Percentage of Grade 12 learners achieving 60% and above in Mathematics,Non-Standardized,Not  Applicable,"Priority 3: Education, Skills And Health","Education, skills and health","The Social Protection, Community and Human Development cluster",,,,,,,18 %,,18 %,,14.7,Learners have challenges with high order questions ,None ,,,,,,,,,,,,,,,,,171
Basic Education,Education,Mpumalanga,Programme 7: Examination and Education Related Services,Programme 7: Examination and Education Related Services,Annually,SOI 704 Percentage of Grade 12 learners achieving 60% or more in Physical Sciences,Non-Standardized,Not  Applicable,"Priority 3: Education, Skills And Health","Education, skills and health","The Social Protection, Community and Human Development cluster",,,,,,,20 %,,20 %,,15.1,Learners have challenges with high order questions,None ,,,,,,,,,,,,,,,,,171
Basic Education,Education,Mpumalanga,Programme 7: Examination and Education Related Services,Programme 7: Examination and Education Related Services,Annually,SOI 705 : Number of secondary schools  with National Senior Certificate  (NSC) pass rate of 60% and  above.,Standardized,Not  Applicable,"Priority 3: Education, Skills And Health","Education, skills and health","The Social Protection, Community and Human Development cluster",,,,,,,495 %,,495 %,,550,"Monitoring and support visits to schools to monitor curriculum coverage, lesson preparation, learners' written work and SPIP yielded results ",None ,,,,,,,,,,,,,,,,,171
Basic Education,Education,Mpumalanga,Programme 7: Examination and Education Related Services,Programme 7: Examination and Education Related Services,Quarterly,Default,Standardized,Not  Applicable,"Priority 3: Education, Skills And Health",-,"The Social Protection, Community and Human Development cluster",0,,0,,0,,0,,0,0,,,,,,,,,,,,,,,,,,,,171
Basic Education,Education,Mpumalanga,Programme 7: Examination and Education Related Services,Programme 7: Examination and Education Related Services,Quarterly,POI 7.3: Number of teachers trained on care and support programmes to make informed decisions ,Non-Standardized,Not  Applicable,"Priority 3: Education, Skills And Health","Education, skills and health","The Social Protection, Community and Human Development cluster",450,542,450,450,450,450,450,600,1800,2042,1800,None ,None ,,,,"There is  alignment between the targets in the e-QPR and the 2024/25 APP for all the quarters  of the  2024/25 financial year. The PED is advised to provide the outcome for this indicator.
",None ,None,,None ,None ,"The PED has achieved 100% of the set target for the quarter under review. 
",The target was revised as per the need ,None ,"The PED has achieved 133,33%  of the set target for the quarter under review.   The variance is 150. The PED has provided a reason for the attainment of the quarterly target. 
",,capture output for Q1,,171
Basic Education,Education,Mpumalanga,Programme 7: Examination and Education Related Services,Programme 7: Examination and Education Related Services,Quarterly,POI 7.4: Number of learners trained on care and support programmes to make informed decisions ,Non-Standardized,Not  Applicable,"Priority 3: Education, Skills And Health","Education, skills and health","The Social Protection, Community and Human Development cluster",375,,375,375,375,300,375,500,1500,1175,1500,NONE ,NONE ,,,,"There is  alignment between the targets in the e-QPR and the 2024/25 APP for all the quarters  of the  2024/25 financial year. The PED is advised to provide the outcome for this indicator.
",None ,None ,,Not all learners were trained due to NSC exams,The remaining learners will be capacitated in the fourth quarter ,"The PED has achieved 80% of the set target for the quarter under review. The variance is -75.  The PED has provided a reason for the attainment of the set target.. The PED is advised to track the outcome of the corrective action to be undertaken.
",The target was revised as per the need ,None ,"The PED has achieved 133,33%  of the set target for the quarter under review.   The variance is 125. The PED has provided a reason for the attainment  of the quarterly target. 
",,capture output for Q1,,171
Basic Education,Education,Mpumalanga,Programme 7: Examination and Education Related Services,Sub-Programme 7.1: Payments to SETA,Annually,Default,Not Applicable,Not  Applicable,Not Applicable,-,Not Applicable,,,,,,,,,,,,,,,,,,,,,,,,,,,,,,171
Basic Education,Education,Mpumalanga,Programme 7: Examination and Education Related Services,Sub-Programme 7.1: Payments to SETA,Quarterly,Default,Not Applicable,Not  Applicable,Not Applicable,-,Not Applicable,,,,,,,,,,,,,,,,,,,,,,,,,,,,,,171
Basic Education,Education,Mpumalanga,Programme 7: Examination and Education Related Services,Sub-Programme 7.2: Professional Services ,Annually,Default,Not Applicable,Not  Applicable,Not Applicable,-,Not Applicable,,,,,,,,,,,,,,,,,,,,,,,,,,,,,,171
Basic Education,Education,Mpumalanga,Programme 7: Examination and Education Related Services,Sub-Programme 7.2: Professional Services ,Quarterly,Default,Not Applicable,Not  Applicable,Not Applicable,-,Not Applicable,,,,,,,,,,,,,,,,,,,,,,,,,,,,,,171
Basic Education,Education,Mpumalanga,Programme 7: Examination and Education Related Services,Sub-Programme 7.3: External Examinations,Annually,Default,Not Applicable,Not  Applicable,Not Applicable,-,Not Applicable,,,,,,,,,,,,,,,,,,,,,,,,,,,,,,171
Basic Education,Education,Mpumalanga,Programme 7: Examination and Education Related Services,Sub-Programme 7.3: External Examinations,Quarterly,Default,Not Applicable,Not  Applicable,Not Applicable,-,Not Applicable,,,,,,,,,,,,,,,,,,,,,,,,,,,,,,171
Basic Education,Education,Mpumalanga,Programme 7: Examination and Education Related Services,Sub-Programme 7.4: Special Projects,Annually,Default,Not Applicable,Not  Applicable,Not Applicable,-,Not Applicable,,,,,,,,,,,,,,,,,,,,,,,,,,,,,,171
Basic Education,Education,Mpumalanga,Programme 7: Examination and Education Related Services,Sub-Programme 7.4: Special Projects,Quarterly,Default,Not Applicable,Not  Applicable,Not Applicable,-,Not Applicable,,,,,,,,,,,,,,,,,,,,,,,,,,,,,,171
Basic Education,Education,Mpumalanga,Programme 7: Examination and Education Related Services,Sub-Programme 7.5: Conditional Grants,Annually,Default,Not Applicable,Not  Applicable,Not Applicable,-,Not Applicable,,,,,,,,,,,,,,,,,,,,,,,,,,,,,,171
Basic Education,Education,Mpumalanga,Programme 7: Examination and Education Related Services,Sub-Programme 7.5: Conditional Grants,Quarterly,Default,Not Applicable,Not  Applicable,Not Applicable,-,Not Applicable,,,,,,,,,,,,,,,,,,,,,,,,,,,,,,171
Environmental Affairs,Environmental Affairs,Mpumalanga,"Programme 2: Environmental Policy,  Planning and Coordination  ","Programme 2: Environmental Policy,  Planning and Coordination  ",Annually,Number of climate change response interventions implemented,Standardized,Not  Applicable,"Priority 1: A Capable, Ethical and Developmental State",-,"The Economic Sectors, Employment and Infrastructure Development cluster",,,,,,,2,2,2,2,,"

None

","

None",,,,,,,,,,,,,,,,,171
Environmental Affairs,Environmental Affairs,Mpumalanga,"Programme 2: Environmental Policy,  Planning and Coordination  ","Programme 2: Environmental Policy,  Planning and Coordination  ",Annually,Number of environmental research projects completed,Standardized,Not  Applicable,"Priority 1: A Capable, Ethical and Developmental State",-,"The Economic Sectors, Employment and Infrastructure Development cluster",,,,,,,1,0,1,0,,The underperformance was due to adverse weather conditions prevented bird capture,"Extension to complete project has been granted, the project will be completed in the next financial year",,,,,,,,,,,,,,,,,171
Environmental Affairs,Environmental Affairs,Mpumalanga,"Programme 2: Environmental Policy,  Planning and Coordination  ","Programme 2: Environmental Policy,  Planning and Coordination  ",Annually,Number of functional environmental information management systems maintained,Standardized,Not  Applicable,"Priority 1: A Capable, Ethical and Developmental State",-,"The Economic Sectors, Employment and Infrastructure Development cluster",,,,,,,0,,0,,,,,,,,,,,,,,,,,,,,,171
Environmental Affairs,Environmental Affairs,Mpumalanga,"Programme 2: Environmental Policy,  Planning and Coordination  ","Programme 2: Environmental Policy,  Planning and Coordination  ",Annually,Number of inter-governmental sector programmes implemented,Standardized,Not  Applicable,"Priority 1: A Capable, Ethical and Developmental State",-,"The Economic Sectors, Employment and Infrastructure Development cluster",,,,,,,2,2,2,2,,"
None","
None",,,,,,,,,,,,,,,,,171
Environmental Affairs,Environmental Affairs,Mpumalanga,"Programme 2: Environmental Policy,  Planning and Coordination  ","Programme 2: Environmental Policy,  Planning and Coordination  ",Annually,Number of legislated tools developed,Standardized,Not  Applicable,"Priority 1: A Capable, Ethical and Developmental State",-,"The Economic Sectors, Employment and Infrastructure Development cluster",,,,,,,1,1,1,1,,"
None","
None",,,,,,,,,,,,,,,,,171
Environmental Affairs,Environmental Affairs,Mpumalanga,"Programme 2: Environmental Policy,  Planning and Coordination  ","Programme 2: Environmental Policy,  Planning and Coordination  ",Quarterly,Number of Functional Environmental information Management Systems Maintained,Non-Standardized,Max,"Priority 5: Spatial Integration, Human Settlements and Local Government","Spatial Integration, Human Settlements  and Local Government","The Economic Sectors, Employment and Infrastructure Development cluster",5,5,5,"

5
",5,"5
",5,5,5,5,,,,,"
None
",,"The province is on target for Q1 and has achieved the target for the quarter. The Calculation Type for the indicator is non-cumulative  and the reporting cycle is annually reported.   


","

None","

None","The province is on target for Q2 and has achieved the target for the quarter 
",None,None,"The province is on target for Q3 and has achieved the target for the quarter 
",None,None,"The province is on target for Q4 and has achieved the annual target  
",,,,171
Environmental Affairs,Environmental Affairs,Mpumalanga,"Programme 2: Environmental Policy,  Planning and Coordination  ",Sub-Programme 2.2: Legislative Development,Annually,Number of Legislated Tools Developed,Non-Standardized,Not  Applicable,"Priority 5: Spatial Integration, Human Settlements and Local Government","A capable, ethical and developmental state","The Economic Sectors, Employment and Infrastructure Development cluster",,,,,,,,,0,,,,,,,,,,,,,,,,,,,,,171
Environmental Affairs,Environmental Affairs,Mpumalanga,"Programme 2: Environmental Policy,  Planning and Coordination  ",Sub-Programme 2.3: Research and Development Support,Annually,Number of environmental research projects completed,Standardized,Not  Applicable,Not Applicable,"Spatial Integration, Human Settlements  and Local Government",Not Applicable,,,,,,,1,0,1,0,,The underperformance was due to adverse weather conditions prevented bird capture,"Extension to complete project has been granted, the project will be completed in the next financial year",,,,,,,,,,,,,,,,,171
Environmental Affairs,Environmental Affairs,Mpumalanga,"Programme 2: Environmental Policy,  Planning and Coordination  ",Sub-Programme 2.5: Climate Change Management,Annually,Default ,Not Applicable,Not  Applicable,Not Applicable,-,Not Applicable,,,,,,,,,0,,,,,,,,,,,,,,,,,,,,,171
Environmental Affairs,Environmental Affairs,Mpumalanga,"Programme 2: Environmental Policy,  Planning and Coordination  ",Sub-Programme 2.5: Climate Change Management,Annually,Number of Climate Change Response interventions implemented,Standardized,Not  Applicable,"Priority 5: Spatial Integration, Human Settlements and Local Government","Spatial Integration, Human Settlements  and Local Government","The Economic Sectors, Employment and Infrastructure Development cluster",,,,,,,2,2,2,2,,None,None,,,,,,,,,,,,,,,,,171
Environmental Affairs,Environmental Affairs,Mpumalanga,Programme 3: Compliance and Enforcement,Programme 3: Compliance and Enforcement,Annually,Number of Joint Partnerships conducted with external role players,Non-Standardized,Not  Applicable,"Priority 5: Spatial Integration, Human Settlements and Local Government","Spatial Integration, Human Settlements  and Local Government","The Economic Sectors, Employment and Infrastructure Development cluster",,,,,,,5,5,5,5,,"
None
","
None",,,,,,,,,,,,,,,,,171
Environmental Affairs,Environmental Affairs,Mpumalanga,Programme 3: Compliance and Enforcement,Programme 3: Compliance and Enforcement,Quarterly,Number of administrative enforcement notices issued for non-compliance with environmental management legislation,Standardized,Not  Applicable,"Priority 5: Spatial Integration, Human Settlements and Local Government",-,"The Economic Sectors, Employment and Infrastructure Development cluster",37,33,37,"


96",31,30,30,"


40",135,199,,,,,Received less complaints for administrative enforcement action than anticipated,None,"The province is below Q1 target and has not achieved the target for the quarter 
","More cases were received and attended as per legal requirement 


",None,"The province is above Q2 target and has achieved by exceeding the target for the quarter 
",Received less non-compliance cases than anticipated ,None,"The province is below Q target and has not achieved the target for the quarter 
",Received more complaints than anticipated and attended to as per legal requirements,None,"The province is above Q4 target and has achieved the annual target  
",,,,171
Environmental Affairs,Environmental Affairs,Mpumalanga,Programme 3: Compliance and Enforcement,Programme 3: Compliance and Enforcement,Quarterly,Number of completed criminal investigations handed to the NPA for prosecution,Standardized,Not  Applicable,"Priority 5: Spatial Integration, Human Settlements and Local Government",-,"The Economic Sectors, Employment and Infrastructure Development cluster",8,8,9,"

8",8,"10

",7,"

8
",32,34,,,,,"
None","
None","The province is on target for Q1 and has achieved the target for the quarter
",One (1) criminal case was not finalized awaiting further instructions from NPA,Fast-track the pending investigation,"The province is below Q2 target and has not achieved the target for the quarter 
",Over-achievement was due to finalization of the outstanding investigations,None,"The province is above Q3 target and has achieved by exceeding the target for the quarter 
",More criminal cases finalized for prosecution,None,"The province is above Q4 target and has achieved the annual target  
",,,,171
Environmental Affairs,Environmental Affairs,Mpumalanga,Programme 3: Compliance and Enforcement,Programme 3: Compliance and Enforcement,Quarterly,Number of compliance inspections conducted,Standardized,Not  Applicable,"Priority 5: Spatial Integration, Human Settlements and Local Government",-,"The Economic Sectors, Employment and Infrastructure Development cluster",120,120,120,"
115",100,"
105",60,"
116",400,456,,,,,"
None","
None","The province is on target for Q1 and has achieved the target for the quarter
",Less cases were received than planned,None,"The province is below Q2 target and has not achieved the target for the quarter 
","More complaints received than planned
",None,"The province is above Q3 target and has achieved by exceeding the target for the quarter 
",More complaints received and attended as per legal requirement,None,"The province is above Q4 target and has achieved the annual target  
",,,,171
Environmental Affairs,Environmental Affairs,Mpumalanga,Programme 3: Compliance and Enforcement,Programme 3: Compliance and Enforcement,Quarterly,Number of Section 24G applications finalized,Non-Standardized,Not  Applicable,"Priority 5: Spatial Integration, Human Settlements and Local Government",Social Cohesion and Safe communities,"The Economic Sectors, Employment and Infrastructure Development cluster",5,3,6,"
10",2,"
5",2,"
4",15,22,,,,,Finalized less applications than anticipated due to non- payment of administration fines by transgressors,Follow- up on non-payment to fastrack application finalization,,More applicants paid the administrative fines. The applications have to be finalized within 30 days after payment, None,,More applicants paid administrative fines,None,,More applicants paid administrative fines and finalized as per the legal requirement.,None,,,,,171
Environmental Affairs,Environmental Affairs,Mpumalanga,Programme 4: Environmental Quality Management,Programme 4: Environmental Quality Management,Quarterly,"Number of activities conducted for waste diversion through recycling, re-use and beneficiation",Non-Standardized,Not  Applicable,"Priority 5: Spatial Integration, Human Settlements and Local Government",Economic transformation and job  creation,"The Economic Sectors, Employment and Infrastructure Development cluster",40,43,40,"

85",20,"

56",20,"

84",120,268,,,,,Conducted more activities in support of stakeholders partnership ,Conducted more activities in support of stakeholders partnership ,,"More activities conducted due to requests from municipalities

",None,,The over achievement was due to activities conducted in partnership with stakeholders,None,,Conducted more activities due to collaboration with external stakeholders,None,,,,,171
Environmental Affairs,Environmental Affairs,Mpumalanga,Programme 4: Environmental Quality Management,Programme 4: Environmental Quality Management,Quarterly,Number of Ambient Air Quality Monitoring Stations managed,Non-Standardized,Not  Applicable,"Priority 5: Spatial Integration, Human Settlements and Local Government","Spatial Integration, Human Settlements  and Local Government","The Economic Sectors, Employment and Infrastructure Development cluster",6,6,6,"
6",6,"
6",6,"
6",6,24,,,,,"
None","
None",,"
None","
None",,"
None","
None",,"
None","
None",,,,,171
Environmental Affairs,Environmental Affairs,Mpumalanga,Programme 4: Environmental Quality Management,Programme 4: Environmental Quality Management,Quarterly,Number of Waste Certificates issued,Non-Standardized,Not  Applicable,"Priority 5: Spatial Integration, Human Settlements and Local Government",Social Cohesion and Safe communities,"The Economic Sectors, Employment and Infrastructure Development cluster",20,13,20,"
56",20,"
36",20,"
34",80,139,,,,,Received less application than anticipated,None,,More applications for waste certificates received than planned,None,,More registration requests received than anticipated,None,,"
More applications received than anticipated","
None",,,,,171
Environmental Affairs,Environmental Affairs,Mpumalanga,Programme 4: Environmental Quality Management,Programme 4: Environmental Quality Management,Quarterly,Percentage of complete Atmospheric Emission Licenses (AELs) issued within legislated timeframes,Standardized,Not  Applicable,"Priority 1: A Capable, Ethical and Developmental State",-,"The Economic Sectors, Employment and Infrastructure Development cluster",100,Not applicable,100,"

Not applicable",100,Not applicable,100,"

Not applicable",100,-,,,,,"

No applications received","
None","The province did not receive applications for the quarter. 
","

No applications received","

None","The province did not receive applications during quarter four.
",No applications received,None,"The province did not receive applications during quarter three.
","

No applications received

","

None","The province did not receive applications for the quarter. 
",,,capture target as 0,171
Environmental Affairs,Environmental Affairs,Mpumalanga,Programme 4: Environmental Quality Management,Programme 4: Environmental Quality Management,Quarterly,Percentage of complete Environmental Impact Assessment (EIA) applications finalized within legislated timeframes,Standardized,Not  Applicable,"Priority 1: A Capable, Ethical and Developmental State",-,"The Economic Sectors, Employment and Infrastructure Development cluster",100,96.2,100,"


100",100,"100


",100,"

100%
",100,-,,,,,One EIA application was finalized 3 days out of time frame,None,"The province is below Q1 target and has not achieved the target for the quarter 
","


None","


None","The province is on target for Q2 and has achieved the target for the quarter 
",None,None,"The province is on target for Q3 and has achieved the target for the quarter 
","

None","

None","The province is on target for Q4 and has achieved the annual target  
",,,,171
Environmental Affairs,Environmental Affairs,Mpumalanga,Programme 4: Environmental Quality Management,Programme 4: Environmental Quality Management,Quarterly,Percentage of complete Waste License applications finalised within legislated time-frames,Standardized,Not  Applicable,"Priority 1: A Capable, Ethical and Developmental State",-,"The Economic Sectors, Employment and Infrastructure Development cluster",100,Not applicable,100,"

Not applicable
",100,Not applicable,100,"

Not applicable",100,-,,,,,"
No applications received","
 None","The province did not receive applications for the quarter. 
","

No applications received","

None","The province did not receive applications during quarter four.
",No applications received,None,The province did not receive applications during quarter three.,"

No applications received","

None","The province did not receive applications for the quarter. 
",,,capture target as 0,171
Environmental Affairs,Environmental Affairs,Mpumalanga,Programme 5:  Biodiversity Management,Programme 5:  Biodiversity Management,Annually,Number of Biodiversity Economy initiatives implemented,Standardized,Not  Applicable,"Priority 5: Spatial Integration, Human Settlements and Local Government",-,"The Economic Sectors, Employment and Infrastructure Development cluster",,,,,,,2,0,2,0,,"The non implementation of the initiatives was a result of cost curtailment from Department of Forestry, Fisheries & Environment (DFFE) and Mpumalanga Tourism and Parks Agency (MTPA)",The MTPA has engaged DFFE to jointly plan for the implementation of the node,,,,,,,,,,,,,,,,,171
Environmental Affairs,Environmental Affairs,Mpumalanga,Programme 5:  Biodiversity Management,Programme 5:  Biodiversity Management,Annually,Number of hectares under the conservation estate,Standardized,Not  Applicable,"Priority 5: Spatial Integration, Human Settlements and Local Government",-,"The Economic Sectors, Employment and Infrastructure Development cluster",,,,,,,9000,5572.8,9000,5572.8,,The target was not achieved due to delays regarding declarations of Loskop and Dixie sites as a result of external support by stakeholders not forthcoming and landowners not providing consent,Continue to engage private landowners and partners to finalize processes to declare these sites,,,,,,,,,,,,,,,,,171
Environmental Affairs,Environmental Affairs,Mpumalanga,Programme 5:  Biodiversity Management,Programme 5:  Biodiversity Management,Annually,Percentage of area of state managed protected areas assessed with a METT score above 67%,Standardized,Not  Applicable,"Priority 5: Spatial Integration, Human Settlements and Local Government",-,"The Economic Sectors, Employment and Infrastructure Development cluster",,,,,,,10 %,12 %,10 %,12 %,,Over achievement due to external partnership (We Care for Wild at Barberton Nature Reserve),None,,,,,,,,,,,,,,,,,171
Environmental Affairs,Environmental Affairs,Mpumalanga,Programme 5:  Biodiversity Management,Programme 5:  Biodiversity Management,Quarterly,Percentage of complete biodiversity management permits issued within legislated timeframes,Standardized,Not  Applicable,"Priority 5: Spatial Integration, Human Settlements and Local Government",-,"The Economic Sectors, Employment and Infrastructure Development cluster",100 %,100 %,100 %,"

100 %",100 %,"

100 %",100 %,"

100 %",100 %,400 %,,,,,"

None","

None","The province is on target for Q1 and has achieved the target for the quarter
","

None","

None","The province is on target for Q2 and has achieved the target for the quarter
","

None","

None","The province is on target for Q3 and has achieved the target for the quarter 
","

None","

None","The province is on target for Q4 and has achieved the annual target  
",,,,171
Environmental Affairs,Environmental Affairs,Mpumalanga,Programme 6:	Environmental Empowerment Services  ,Programme 6:	Environmental Empowerment Services  ,Annually,Number of work opportunities created through environment sector public employment programmes,Standardized,Not  Applicable,"Priority 1: A Capable, Ethical and Developmental State",-,"The Economic Sectors, Employment and Infrastructure Development cluster",,,,,,,225,225,225,225,,"

None","

None
",,,,,,,,,,,,,,,,,171
Environmental Affairs,Environmental Affairs,Mpumalanga,Programme 6:	Environmental Empowerment Services  ,Programme 6:	Environmental Empowerment Services  ,Quarterly,Number of environmental awareness activities conducted,Standardized,Not  Applicable,"Priority 3: Education, Skills And Health",-,"The Economic Sectors, Employment and Infrastructure Development cluster",56,56,57,"
57",0,"
Planned for the 4th quarter",57,"
57",170,113,,,,,"
None","
None","The province is on target for Q1 and has achieved the target for the quarter 
","
None","
None","The province is on target for Q2 and has achieved the target for the quarter
","
None
","
None","The province did not plan to implement on the indicator during quarter 3 
","
None","
None","The province is on target for Q4 and has achieved the annual target  
",,,,171
Environmental Affairs,Environmental Affairs,Mpumalanga,Programme 6:	Environmental Empowerment Services  ,Programme 6:	Environmental Empowerment Services  ,Quarterly,Number of environmental capacity building activities conducted,Standardized,Not  Applicable,"Priority 3: Education, Skills And Health",-,"The Economic Sectors, Employment and Infrastructure Development cluster",42,42,35,"
35",7,"
7",4,"
4",88,88,,,,,"
None","
None","The province is on target for Q1 and has achieved the target for the quarter 
","
None","
None","The province is on target for Q2 and has achieved the target for the quarter
","
None","
None","The province is on target for Q3 and has achieved the target for the quarter 
","
None","
None","The province is on target for Q4 and has achieved the annual target  
",,,,171
Environmental Affairs,Environmental Affairs,Mpumalanga,Programme 6:	Environmental Empowerment Services  ,Programme 6:	Environmental Empowerment Services  ,Quarterly,Number of programmes implemented on key Result areas of the National Environmental Education and Training Strategy and Action Plan,Non-Standardized,Not  Applicable,"Priority 5: Spatial Integration, Human Settlements and Local Government","Spatial Integration, Human Settlements  and Local Government","The Economic Sectors, Employment and Infrastructure Development cluster",0,0,0,"


Planned for the 3rd quarter",2,"


2",1,"


1",3,0,,,,,Planned for the third quarter,,,"


None","


None",,"


None","


None",,"


None","


None",,,,,171
