Sector,Institution,Programme,SubProgramme,Location,Frequency,Indicator,Type,SubType,Outcome,Priority,Cluster,Target_Q1,ActualOutput_Q1,Target_Q2,ActualOutput_Q2,Target_Q3,ActualOutput_Q3,Target_Q4,ActualOutput_Q4,AnnualTarget_Summary2,Preliminary_Summary2,PrelimaryAudited_Summary2,ReasonforDeviation_Summary,CorrectiveAction_Summary,ValidatedAudited_Summary2,ReasonforDeviation_Q1,CorrectiveAction_Q1,OTP_Q1,ReasonforDeviation_Q2,CorrectiveAction_Q2,OTP_Q2,ReasonforDeviation_Q3,CorrectiveAction_Q3,OTP_Q3,ReasonforDeviation_Q4,CorrectiveAction_Q4,OTP_Q4,National_Q1,National_Q2,National_Q3,National_Q4,UID
Social Development,Social Development,Northern Cape,Programme 1:  Administration,Sub Programme 1.2:	Corporate Management Services,Annually,1.Number of EPWP work opportunities created,Non-Standardized,Not  Applicable,Priority 4: Consolidating the Social Wage through Reliable and Quality Basic Services,Driver 2: Social Equity and Human Welfare ,"The Social Protection, Community and Human Development cluster",,,,,,,1082,1239,1082,1239,1239,The over achievement of the target is a result of the consolidation of work opportunities on he Department interms of the Equitable Share and the Incentive Grant allocation and the reallocation of funds fir the creation of additional work opportunities ,No Corrective action needed ,,,,,,,,,,,,,,,,,,58
Social Development,Social Development,Northern Cape,Programme 1:  Administration,Sub Programme 1.2:	Corporate Management Services,Annually,4.Number of approved Human Resource Reports in line with the reviewal of the Human Resource Plan,Non-Standardized,Not  Applicable,Priority 4: Consolidating the Social Wage through Reliable and Quality Basic Services,Driver 2: Social Equity and Human Welfare ,"The Social Protection, Community and Human Development cluster",,,,,,,1,1,1,1,1,Target achieved as planned.,No corrective action needed,,,,,,,,,,,,,,,,,,58
Social Development,Social Development,Northern Cape,Programme 1:  Administration,Sub Programme 1.2:	Corporate Management Services,Quarterly,2.Number of Annual and interim financial statements,Non-Standardized,Not  Applicable,Priority 4: Consolidating the Social Wage through Reliable and Quality Basic Services,Driver 2: Social Equity and Human Welfare ,"The Social Protection, Community and Human Development cluster",0,0,1,1,1,1,1,1,3,3,3,"Key control measures were implemented to mitigate the risk of non-compliance, resulting in achievement of targets.",No need for corrective action. ,,No target set for the quarter.,Not applicable.,There is no planned target for Q1.,Target achieved as planned.,No need for corrective action.,"To date, performance is on track.",Target achieved as planned. ,No corrective action needed.,"To date, performance is on track. ",Target achieved as planned. ,No corrective action needed.,"To date, performance is on track.",,,,,58
Social Development,Social Development,Northern Cape,Programme 1:  Administration,Sub Programme 1.2:	Corporate Management Services,Quarterly,3.Number of risk management reviews conducted.,Non-Standardized,Not  Applicable,Priority 4: Consolidating the Social Wage through Reliable and Quality Basic Services,Driver 2: Social Equity and Human Welfare ,"The Social Protection, Community and Human Development cluster",1,1,1,1,1,1,1,1,4,4,4,"Key control measures were implemented to mitigate the risk of non-compliance, resulting in achievement of targets.",No need for corrective action.,,Target achieved as planned ,Not applicable.,The target was achieved as planned.,Target achieved as planned. ,No need for corrective action. ,"To date, performance is on track.",Target achieved as planned. ,No corrective action needed.,"To date, performance is on track. ",Target achieved as planned. ,No corrective action needed.,"To date, performance is on track.",,,,,58
Social Development,Social Development,Northern Cape,Programme 1:  Administration,Sub Programme 1.2:	Corporate Management Services,Quarterly,5. Number of approved planning and reporting documents: Annual Performance Plan and Annual Report,Non-Standardized,Not  Applicable,Priority 4: Consolidating the Social Wage through Reliable and Quality Basic Services,Driver 2: Social Equity and Human Welfare ,"The Social Protection, Community and Human Development cluster",0,0,1,1,0,0,1,1,2,2,2,"Key control measures were implemented to mitigate the risk of non-compliance, resulting in achievement of targets.",No need for corrective action. ,,No target set for the quarter ,Not applicable,There is no planned target for Q1.,Target achieved as planned.,No need for corrective action. ,"To date, performance is on track.",No target planned for the quarter under review.,No corrective action needed.,"To date, performance is on track. ",Target achieved as planned. ,No corrective action needed.,"To date, performance is on track.",,,,,58
Social Development,Social Development,Northern Cape,Programme 2:  Social Welfare Services,Sub Programme 2.2: Services to Older Persons,Quarterly,1.Number of older persons accessing residential facilities.,Non-Standardized,Max,Priority 4: Consolidating the Social Wage through Reliable and Quality Basic Services,Driver 2: Social Equity and Human Welfare ,"The Social Protection, Community and Human Development cluster",829,854,829,851,829,861,829,882,829,882,882,The over achievement  of the target was as a result of the opening of a  new residential facility in the Pixley ka Seme district.,Continuous awareness about the benefits of Home and Community- care and support services. ,,The reason for the over-achievement is the opening of a new facility in the Pixley Ka Seme District.,No corrective action needed ,Target exceeded.,The reason for the over-achievement is the opening of a new facility in the Pixley Ka Seme District.,No need for corrective action.,"To date the target is over exceeded, and the reason for the overachievement is noted.",The reason for the over-achievement is the high demand for the service and as a result of the opening of a new facility in the Pixley Ka Seme District.,No need for corrective action. ,"To date, performance is on track. ",This is a demand driven service and as a result of the high demand during the quarter under review the target was over-achieved.,No Corrective Action Needed ,"To date, performance is on track.",Targeted output is overachieved with reason for deviation for this indicator.,Overachievement with reason for deviation and corrective action is noted for this indicator.,Reason for deviation noted for this indicator with overachievement reported.,Over achievement recorded with reason for deviation for this indicator is noted.,58
Social Development,Social Development,Northern Cape,Programme 2:  Social Welfare Services,Sub Programme 2.2: Services to Older Persons,Quarterly,2.Number of older persons accessing community-based care and support services.,Non-Standardized,Max,Priority 4: Consolidating the Social Wage through Reliable and Quality Basic Services,Driver 2: Social Equity and Human Welfare ,"The Social Protection, Community and Human Development cluster",1500,1422,1500,1476,1500,1614,1500,1667,1500,1667,1667,"The implementation of a range of awareness programmes about the benefits of community based care and support services resulted in an increase in older persons  in service centres, hence the over-achievement.",Continuous awareness about the benefits of Home and Community- care and support services. ,,The under-achievement of the target was due to the low demand for the service,Continuous awareness programmes ,The target was not achieved as planned. ,The under-achievement of the target was due to the low demand for the service.,Continuous awareness programmes.,"To date, performance is not on track.",This is a demand driven service and as a result of the high demand during the quarter under review the target was over-achieved.,Continuous advocacy and awareness programmes. ,"To date, performance is on track. ",This is a demand driven service and as a result of the high demand during the quarter under review the target was over-achieved.,Continuous advocacy and awareness programmes. ,"To date, performance is on track.",Underachievement with reason for deviation and corrective action is noted for this indicator.,Underachievement with reason for deviation and corrective action is noted for this indicator.,Reason for deviation and corrective action noted for this indicator with overachievement reported.,Over achievement recorded with reason for deviation and corrective action for this indicator is noted.,58
Social Development,Social Development,Northern Cape,Programme 2:  Social Welfare Services,Sub Programme 2.2: Services to Older Persons,Quarterly,3.Number of older persons accessing services through the Home Community –based Caregivers (HCBC).,Non-Standardized,Max,Priority 4: Consolidating the Social Wage through Reliable and Quality Basic Services,Driver 2: Social Equity and Human Welfare ,"The Social Protection, Community and Human Development cluster",1800,1813,1800,1772,1800,1767,1800,1816,1800,1816,1816,"The implementation of a range of awareness about the benefits of Home and Community- care and support services resulted in an increased uptake for HCBC services, hence the over-achievement.",Continuous awareness about the benefits of Home and Community- care and support services. ,,The target was over achieved due to the high demand of the service ,No corrective action needed,Target exceeded.,The under-achievement of the target was due to the low demand for the service.,Continuous awarenss programmes.,"To date, performance is not on track.",The under-achievement of the target was due to the low demand for the service,Continuous advocacy and awareness programmes. ,Target not achieved in Q3 due to low enrolment. but to date performance is on track.,This is a demand driven service and as a result of the high demand during the quarter under review the target was over-achieved.,Continuous advocacy and awareness programmes. ,"To date, performance is on track.",,,,,58
Social Development,Social Development,Northern Cape,Programme 2:  Social Welfare Services,Sub Programme 2.3:	Services to the Persons with Disabilities,Quarterly,1.Number of persons with disabilities accessing residential facilities.,Non-Standardized,Max,Priority 4: Consolidating the Social Wage through Reliable and Quality Basic Services,Driver 2: Social Equity and Human Welfare ,"The Social Protection, Community and Human Development cluster",260,266,260,257,260,257,260,259,260,266,266,The over-achievement of the target was as a result of 6 older persons that passed -on which resulted in additional  intakes in terms of replacements.,Continuous advocacy and awareness programmes. ,,The target was over achieved due a increase in intake of people with disabilities.,No corrective action needed.,"The target was exceeded, and the reason for the deviation is noted.",The under-achievement is due to  low intake.,Continuous marketing of service. ,"Q2 target was not achieved as planned, but due to the overperformance in Q1, to date performance is on track. ",This is a demand driven service. Beneficiaries was assessed during  quarter 3. Intake will take place during January 2025 in quarter 4. ,No need for corrective action.,"Slight underperformance is noted in Q3 and the reason for deviation is noted. But to date, performance is on track.",The target is under achieved due to the fact that a service beneficiary passed away and the new admission process for applicant is  not concluded. ,Admission process needs to be Fastrack ,"To date, performance is on track.",Targeted output is overachieved with reason for deviation reported.,Underachievement with reason for deviation and corrective action is noted for this indicator.,Reason for deviation noted for this indicator with underachievement reported.,Under achievement recorded with reason for deviation and corrective action for this indicator is noted.,58
Social Development,Social Development,Northern Cape,Programme 2:  Social Welfare Services,Sub Programme 2.3:	Services to the Persons with Disabilities,Quarterly,2.Number of persons with disabilities accessing services in protective workshops ,Non-Standardized,Max,Priority 4: Consolidating the Social Wage through Reliable and Quality Basic Services,Driver 2: Social Equity and Human Welfare ,"The Social Protection, Community and Human Development cluster",180,201,180,203,180,203,180,204,180,204,204,The over-achievement of the target was as a result of increased awareness programmes about protective workshops and their developmental impact on persons with disabilities.,Continuous advocacy and awareness programmes. ,,The over-achievement of the target was as a result of increased awareness programmes about protective workshops and their developmental impact on persons with disabilities.,No corrective action needed ,"The target was exceeded, and the reason for the deviation is noted.",The over-achievement of the target was as a result of continuous awareness programmes around protective workshops and their developmental impact on persons with disabilities.,No corrective action needed.,To date the annual target is exceeded as a result of the demand for the service. ,The over-achievement of the target was as a result of increased awareness programmes about protective workshops and their developmental impact on persons with disabilities.,No need for corrective action. ,"To date, the annual target is already achieved. The department is requested to review the target for the 25/26 financial year.",The over-achievement of the target was as a result of increased awareness programmes about protective workshops and their developmental impact on persons with disabilities.,No Corrective Action Needed ,"To date, performance is on track.",The same comment as above applies.,Overachievement with reason for deviation and corrective action is noted for this indicator.,Reason for deviation noted for this indicator with overachievement reported.,Over achievement recorded with reason for deviation for this indicator is noted.,58
Social Development,Social Development,Northern Cape,Programme 2:  Social Welfare Services,Sub Programme 2.4:	HIV and AIDS,Quarterly,1.Number of implementers trained on social and behaviour change programmes.,Non-Standardized,Not  Applicable,Priority 4: Consolidating the Social Wage through Reliable and Quality Basic Services,Driver 2: Social Equity and Human Welfare ,"The Social Protection, Community and Human Development cluster",30,0,30,0,30,92,10,0,100,92,92,"There was a high turn over of master trainers in the NGO sector  for social and behaviour change programmes , hence the under achievement .",Strengthening of internal controls.,,The target was not achieved to the postponement of training by National to 2nd Quarter.,Strengthening of internal controls ,"The target was not achieved as planned, and the reason for the deviation is noted.",The under-achievement of the target was due to the postponement of the programme. ,Continue strengthening internal controls. ,"To date, performance is not on track, due to the postponement in both Q1 and 2. The department did not indicate why the service was postponed. ",The over-achievement of the target was as a result of National having to move some of the training that was scheduled for quarter 1 and 2 to the 3rd Quarter.,No need for corrective action. ,"To date, performance is on track.",The reason of the under achievement is due to the postponement of National to conduct the training ,The programme must ensure that the training continue despite unavailability of National  ,"To date, performance is not on track, and the reason for the deviation is noted.",Reason for deviation and corrective action noted for this indicator.,"Reason for deviation and corrective action are acknowledged although the targeted output is zero.

",Reason for deviation noted for this indicator with overachievement reported.,Reason for deviation and corrective action are noted for this underachieved indicator.,58
Social Development,Social Development,Northern Cape,Programme 2:  Social Welfare Services,Sub Programme 2.4:	HIV and AIDS,Quarterly,2.Number of beneficiaries reached through social and behaviour change programmes.,Non-Standardized,Not  Applicable,Priority 4: Consolidating the Social Wage through Reliable and Quality Basic Services,Driver 2: Social Equity and Human Welfare ,"The Social Protection, Community and Human Development cluster",636,1005,637,918,637,1833,636,421,2546,4177,4177,The over-achievement of the target bears testimony to the relevance of the  intervention  and the  demand for the programmes.,"Continuous implementation, advocacy and awareness. ",,The over-achievement of the target bears testimony to the relevance of the intervention and the demand for the programme,The continued implementation of awareness programmes.,The Q1 target was exceeded.,The over-achievement of the target bears testimony to the relevance of the intervention and the demand for the programme,The continued implementation of awareness programmes.,"To date, performance is on track.",The over-achievement of the target bears testimony to the relevance of the intervention and the demand for the programme,The continued implementation of awareness programmes.,"To date, the annual target is significantly overachieved. The department might want to review the target for the 25/26 financial year.",There was a high turnover of facilitators  due to better work opportunities ,the programme will more facilitators to mitigate the risk ,"The 4th quarter was not achieved as planned, but to date the annual target is exceeded. ",Targeted output is overachieved with reason for deviation and corrective action reported.,Overachievement with reason for deviation and corrective action is noted for this indicator.,Reason for deviation and corrective action noted for this indicator with overachievement reported.,Reason for deviation and corrective action are noted for this underachieved indicator.,58
Social Development,Social Development,Northern Cape,Programme 2:  Social Welfare Services,Sub Programme 2.4:	HIV and AIDS,Quarterly,3.Number of beneficiaries receiving Psychosocial Support Services. ,Non-Standardized,Max,Priority 4: Consolidating the Social Wage through Reliable and Quality Basic Services,Driver 2: Social Equity and Human Welfare ,"The Social Protection, Community and Human Development cluster",4661,6558,4661,5396,4661,6465,4661,6129,4661,6558,6558,The over-achievement of the target bears testimony to the relevance of the  intervention  and the  demand for psychosocial support programmes.,Continuous advocacy and awareness. ,,The over-achievement of the target bears testimony to the relevance of the intervention and the demand for  psycho-social support services.,The continued implementation of awareness programmes.,The Q1 target was exceeded.,The over-achievement of the target bears testimony to the relevance of the intervention and the demand for  psycho-social support services.,The continued implementation of awareness programmes.,"To date, the annual target is already achieved. ",The over-achievement of the target bears testimony to the relevance of the intervention and the demand for  psycho-social support services.,The continued implementation of awareness programmes.,"To date, the annual target is significantly overachieved. The department might want to review the target for the 25/26 financial year.","The increase in the target was due to high demand of Psychosocial Support Services, this bears testimony to the relevance of the intervention of the programme. ",No corrective action needed ,The annual target is significantly overachieved. ,The same comment as above applies.,Overachievement with reason for deviation and corrective action is noted for this indicator.,Reason for deviation and corrective action noted for this indicator with overachievement reported.,"Over achievement recorded with reason for deviation for this indicator is noted.

",58
Social Development,Social Development,Northern Cape,Programme 2:  Social Welfare Services,Sub Programme 2.5: Social Relief,Quarterly,1.Number of individuals who benefited from DSD Social Relief programmes,Non-Standardized,Not  Applicable,Priority 4: Consolidating the Social Wage through Reliable and Quality Basic Services,Driver 2: Social Equity and Human Welfare ,"The Social Protection, Community and Human Development cluster",800,423,997,786,900,322,1098,1168,3795,2699,2699,"Due to the high inflation rate, the budget allocation could not cover all families in distress.",The sub-programme to strengthen key control measures with regard to the rendering of  social relief of distress services.,,The target was not achieved as Social Relief is a demand driven service. ,"This is a demand driven service.
Continuous awareness.",The Q1 target was not achieved as planned.,The under-achievement is as a result of a low demand for the service. This is a needs based service. ,Continuous marketing of the services. ,"To date performance is not on track, due to the underperformance in botb Q1 and 2. ",This is a needs based service. In the quarter under review there was a low demand for the service. ,Continuous advocacy and awareness programmes. ,Underperformance noted since Q1 to date. ,This is a needs based service. In the quarter under review there was a high demand for the service. ,Continuous advocacy and awareness programmes. ,"The 4th quarter target was exceeded, but to date performance is not on track. ",,,,,58
Social Development,Social Development,Northern Cape,Programme 3: Children and Families,Sub Programme 3.2: Care and Services to Families,Quarterly,1.Number of family members participating in family preservation services.,Non-Standardized,Not  Applicable,Priority 4: Consolidating the Social Wage through Reliable and Quality Basic Services,Driver 2: Social Equity and Human Welfare ,"The Social Protection, Community and Human Development cluster",1696,1431,1676,1672,1565,1490,1425,1574,6362,6167,6167,"This is a need based service, hence the under-achievement of the target",to strengthen key control measures with regard to the rendering of family preservation services.,,The under-achievement of the target was due to the low demand for the service.,Increased awareness of the service,The target was not achieved as planned.,The under-achievement of the target was due to the low demand for the service.,Continuous advocacy and awareness ,"To date, performance is on track. ",The under-achievement of the target was due to the low demand for the service. Based on the fact that this is a demand driven service. ," 
Intensification of advocacy and  awareness to promote family preservation.
","Target not achieved for Q3, and to date performance is not on track. ",The over achievement of the target is due to the increase in awareness programmes. ,No Corrective Action needed ,"The 4th quarter target is exceeded, but to date, the annual target is slightly underachieved.",Underachievement with reason for deviation and corrective action is noted for this indicator.,"Reason for deviation and corrective action are acknowledged although the targeted output is underachieved.

",Underachievement is acknowledged with reason for deviation and corrective action in place.,"Over achievement recorded with reason for deviation for this indicator is noted.

",58
Social Development,Social Development,Northern Cape,Programme 3: Children and Families,Sub Programme 3.2: Care and Services to Families,Quarterly,2.Number of family members re-united with their families.,Non-Standardized,Not  Applicable,Priority 4: Consolidating the Social Wage through Reliable and Quality Basic Services,Driver 2: Social Equity and Human Welfare ,"The Social Protection, Community and Human Development cluster",14,32,14,10,14,16,11,18,53,76,76,"This is a need based service ,and all targeted family members were reunified, therefore the over achievement.",Continuous advocacy of reunification services.,,"The success of this indicator depends on the willingness of family members to be re-united, furthermore the department advocates for family preservation.",Continuous aftercare service.,The Q1 target was exceeded.,"The success of this indicator mainly depends on the willingness of family members to be re-united, furthermore the department advocates for family preservation.",Continuous aftercare service and advocacy. ,"To date, performance is on track. ",The over-achievement of the target was as a result of the continued implementation of reintegration and reunification services targeting all prospective families were reunification was possible based on an assessment that was conducted of existing clients and the conditions for reunification.,Continuous aftercare service. ,"To date, the annual target is already achieved. ",The over-achievement of the target was as a result of the continued implementation of reintegration and reunification services targeting all prospective families were reunification was possible based on an assessment that was conducted of existing clients and the conditions for reunification.,No Corrective Action needed ,"To date, performance is on track.",Targeted output is overachieved with reason for deviation and corrective action reported.,Underachievement with reason for deviation and corrective action is noted for this indicator.,Reasons for deviation and corrective action noted for this indicator with overachievement reported.,"Over achievement recorded with reason for deviation for this indicator is noted.

",58
Social Development,Social Development,Northern Cape,Programme 3: Children and Families,Sub Programme 3.2: Care and Services to Families,Quarterly,3.Number of family members participating in parenting programmes.,Non-Standardized,Not  Applicable,Priority 4: Consolidating the Social Wage through Reliable and Quality Basic Services,Driver 2: Social Equity and Human Welfare ,"The Social Protection, Community and Human Development cluster",802,1043,1021,1196,882,1369,471,756,3176,4364,4364,"This is a need based service ,and all targeted family members completed the programme, therefore the over achievement.",Continuous implementation of awareness programmes,,The over-achievement of the target is due to the high demand for the programme. This was as a result of increased advocacy and awareness of the programme,Continues awareness programmes,The Q1 target was exceeded.,The over-achievement of the target is due to the high demand for the programme. ,Continuous advocacy and awareness of the programme,"To date, performance is on track. ",The over-achievement of the target is due to the high demand for the programme. This was as a result of increased advocacy and awareness of the programme,Increased advocacy  and awareness ,"To date, the annual target is already achieved. ",The over-achievement of the target is due to the high demand for the programme. This was as a result of increased advocacy and awareness of the programme,No Corrective Action needed ,"To date, performance is on track.","The same comment as above applies, submission noted.",Overachievement with reason for deviation and corrective action is noted for this indicator.,Reasons for deviation and corrective action noted for this indicator with overachievement reported.,The same comment as above applies.,58
Social Development,Social Development,Northern Cape,Programme 3: Children and Families,Sub Programme 3.3: Child Care and Protection,Quarterly,1.Number of reported cases of child abuse ,Non-Standardized,Not  Applicable,Priority 4: Consolidating the Social Wage through Reliable and Quality Basic Services,Driver 2: Social Equity and Human Welfare ,"The Social Protection, Community and Human Development cluster",44,59,47,96,45,80,42,86,178,321,321,The over-achievement of the target is as a result  of the increased awareness raised on child protection in communities and the reporting of cases,Continuous prevention and awareness programmes.,,The over-achievement of the target is as a result  of the increased awareness raised on child protection in communities and the reporting of cases.,Continuous prevention and awareness programmes ,The Q1 target was exceeded.,The over-achievement is as a result of increased awareness campaigns in the communities. Resulting in increased reporting of child abuse cases. ,Continuous awareness and prevention programmes. ,"To date, performance is on track. ","The continued advocacy,  awareness and prevention programmes has resulted in increased reporting of child abuse cases. ",Intensified prevention and early intervention programmes. ,"To date, the annual target is already achieved. ","The continued advocacy,  awareness and prevention programmes has resulted in increased reporting of child abuse cases. ",Intensified prevention and early intervention programmes. ,Annual target significantly overachieved. ,Overachievement for this indicator shows the department's effort for awareness sessions.,Overachievement for foster care indicators shows performance in terms of services for foster care programme,Overachievement is noted for this indicator although it is a negative indicator.,Overachievement for this indicator shows determination in terms of awareness with regards to services of abuse cases.,58
Social Development,Social Development,Northern Cape,Programme 3: Children and Families,Sub Programme 3.3: Child Care and Protection,Quarterly,2.Number of children with valid foster care orders.,Non-Standardized,Max,Priority 4: Consolidating the Social Wage through Reliable and Quality Basic Services,Driver 2: Social Equity and Human Welfare ,"The Social Protection, Community and Human Development cluster",9678,5238,9678,7463,9678,7412,9678,6397,9678,7463,7463,The under-achievement of the target is as a result of challenges experience to update the database to report  credible information.,Strengthen of internal key control measures. ,,The non-achievement of the target is due to the delays in the processing of review orders,Continued engagement with SASSA,The Q1 target was not achieved.,The non-achievement of the target is due to the delays in the processing of review orders,Continued engagement with SASSA and District offices. ,"To date, performance is not on track. ",The non-achievement of the target is due to the delays in the processing of review orders.,The Department will advocate and continue working towards restoring the family unit.  ,Underperofmnce noted since Q1. The department to indicate if engagements were held with SASSA and restrictions on improving performance. ,The non-achievement of the target is due to the delays in the processing of review orders.,The Department will advocate and continue working towards restoring the family unit.  ,"To date, performance is not on track. ",Targeted output is underachieved with reason for deviation and corrective action in place.,Underachievement with reason for deviation and corrective action is noted for this indicator.,Performance is acknowledged for this indicator.,Performance for this indicator shows an improvement with regards to services related to foster care.,58
Social Development,Social Development,Northern Cape,Programme 3: Children and Families,Sub Programme 3.3: Child Care and Protection,Quarterly,3.Number of children placed in foster care.,Non-Standardized,Not  Applicable,Priority 4: Consolidating the Social Wage through Reliable and Quality Basic Services,Driver 2: Social Equity and Human Welfare ,"The Social Protection, Community and Human Development cluster",93,65,104,67,104,101,85,58,386,291,291,"Foster care placements is an intervention implemented based on the need to secure  the safety and wellbeing of the children , unfortunately fewer than planned children were found to be in need of alternative safe care , hence the under achievement  of the target.",Strengthen of internal key control measures. ,,"The placement of children in foster care is a last resort intervention, therefore, the re-unification of children with their families instead of foster care placement resulted in the non-achievement of the target.",Continues advocacy for family reunification ,The Q1 target was not achieved.,"In the spirit of advocating and embracing the Amended Children's Act, that lobby's for family preservation, foster care is a last resort. This contributed to the under-achievement of the target.",Continued advocacy. ,"To date, performance is not on track. ","In the spirit of advocating and embracing the Amended Children's Act, that lobby's for family preservation, foster care is a last resort. This contributed to the under-achievement of the target.",Based on the reason for deviation the  Department will advocate and continue working towards restoring the family unit.  ,"To date, performance is not on track. ","Due to the Amended Children's Act, that lobby's for family preservation, foster care is a last resort. This contributed to the under-achievement of the target.",the  Department will advocate and continue working towards restoring the family unit.,"To date, performance is not on track. ",The same comment as above applies.,Underachievement with reason for deviation and corrective action is noted for this indicator.,Reason for deviation and corrective action noted for this indicator with underachievement reported.,Performance for this indicator shows an improvement with regards to services related to foster care.,58
Social Development,Social Development,Northern Cape,Programme 3: Children and Families,Sub Programme 3.3: Child Care and Protection,Quarterly,4.Number of children in foster care re-unified with their families. ,Non-Standardized,Not  Applicable,Priority 4: Consolidating the Social Wage through Reliable and Quality Basic Services,Driver 2: Social Equity and Human Welfare ,"The Social Protection, Community and Human Development cluster",5,6,7,3,5,10,5,13,22,32,32,Circumstances of parents improved significantly  and more children in foster care  could be reunified  with their families.,Continuous advocacy and awareness programmes.,,The over-achievement of the target is due to the demand for the service.,No need for corrective action. ,The Q1 target was achieved.,Reunification is a process and it also ways heavily on the psycho social and economic readiness of the families. ,Continuous aftercare services. ,"To date, performance is not on track. ",The reason for the over-achievement of the indicator was as a result of a basket of services that was rendered to the families to enable the re-unification of the children with their families of origin. ,Continuous aftercare service. ,"To date, the annual target is already achieved. ",The reason for the over-achievement of the indicator is due to the effectives of reunification is dependent on physio-social behavior and the economic situation of the families.  ,Continuous implementation of after Care Services  ,Annual target exceeded. ,Targeted output is overachieved.,Underachievement with reason for deviation and corrective action is noted for this indicator.,Reason for deviation and corrective action noted for this indicator with overachievement reported.,Performance for this indicator shows an improvement with regards to services related to foster care.,58
Social Development,Social Development,Northern Cape,Programme 3: Children and Families,Sub Programme 3.3: Child Care and Protection,Quarterly,5.Number of children receiving therapeutic services.,Non-Standardized,Not  Applicable,Priority 4: Consolidating the Social Wage through Reliable and Quality Basic Services,Driver 2: Social Equity and Human Welfare ,"The Social Protection, Community and Human Development cluster",400,150,420,349,440,541,330,349,1590,1389,1389,"Less children were found to be in need of therapeutic services, hence the under -achievement.",Continuous advocacy and awareness programmes.,,The under-achievement of the target is due to the low demand for the service.,The sub-programme to strengthen key control measures with regard to rendering of therapeutic services ,"The target was not overachieved, corrections must be made for the final submission.",The under-achievement of the target is due to the low demand for the service.,The programme to strengthen key controls in terms of therapeutic services. ,"To date, performance is not on track. ",More children was identified to be in need of therapeutic services to enable them to cope with everyday life. ,Continuous advocacy and awareness. ,"The target was overachieved in Q3, but due to the underperformance in Q1-2, to date performance is not on track. ",More children was identified to be in need of therapeutic services to enable them to cope with everyday life. ,No corrective action needed ,Annual target exceeded.,,,,,58
Social Development,Social Development,Northern Cape,Programme 3: Children and Families,Sub Programme 3.3: Child Care and Protection,Quarterly,6.Number of orders of children in foster care reviewed by Government and NPO’s in order to offer them alternative safe environment,Non-Standardized,Not  Applicable,Priority 4: Consolidating the Social Wage through Reliable and Quality Basic Services,Driver 2: Social Equity and Human Welfare ,"The Social Protection, Community and Human Development cluster",646,994,527,798,544,550,1437,1938,3154,4280,4280,"More children participated in prevention and dearly intervention programmes , hence the over-achievement.",Strengthen of internal key control.,,The over-achievement  of the target  is due to an increase in cases from neighboring  provinces which  resulted in more foster care reviews.,No need for corrective action ,The Q1 target was exceeded.,"The over-achievement of the target is as a result of the improvement plan in managing the foster care backlog, whereby officials are encouraged to do cases well in advance (months before expiry). ",No need for corrective action. ,"To date, performance is on track. ",A high number foster care was orders was reviewed for the quarter under review to ensure the legal status of children placed in fostercare.,No need for corrective action.,"To date, performance is on track.",A high number foster care was orders was reviewed for the quarter under review to ensure the legal status of children placed in fostercare.,No corrective action needed ,Annual target exceeded.,,,,,58
Social Development,Social Development,Northern Cape,Programme 3: Children and Families,Sub Programme 3.3: Child Care and Protection,Quarterly,7.Number of children reached through prevention and early intervention services,Non-Standardized,Not  Applicable,Priority 4: Consolidating the Social Wage through Reliable and Quality Basic Services,Driver 2: Social Equity and Human Welfare ,"The Social Protection, Community and Human Development cluster",1620,2127,1530,3287,1530,1582,1480,1368,6160,8364,8364,"More children participated in prevention and dearly intervention programmes, therefore the over-achievement.",Continuous implantation of early intervention programmes ,,The over-achievement of the service is due to a high demand for the service,Continues implementation of prevention and awareness programmes ,The Q1 target was exceeded.,The over-achievement of the service is prompted by the increased need to prevent and protect children from child abuse.,Continued prevention and early intervention services. ,"To date, performance is on track. ",Additional prevention and early intervention programmes was held as part of the school holiday programme. ,The continued implementation of prevention programmes.,"To date, the annual target is already achieved. ",The turnover was very low hence the under achievement of the targets ,The programme should intensify advocacy   ,Annual target exceeded. ,,,,,58
Social Development,Social Development,Northern Cape,Programme 3: Children and Families,Sub Programme 3.5: Child and Youth Care Centres,Quarterly,1. Number of children placed in Child and Youth Care Centers.,Non-Standardized,Max,Priority 4: Consolidating the Social Wage through Reliable and Quality Basic Services,Driver 2: Social Equity and Human Welfare ,"The Social Protection, Community and Human Development cluster",350,346,350,347,350,330,350,319,350,347,347,The under -achievement of the target is as a result of challenges  experiences at one of the CYCC where children had to be placed in the care of families and no replacements could be done.,Strengthen key control measures with regard to the provision of residential care to children.,,"This is a negative target, the decrease of the target is as a result of the increase of  prevention and awareness programmes.",Continuous prevention and awareness programmes. ,The Q1 target is slightly underachieved. The department captured the indicator as a forward indicator. Amendments are to be made in the APP and TID.,The reason for the under-achievement is due to the fact that this is a needs based service. There was a low intake.,The continued implementation of prevention ,"To date, performance is not on track. ","This is a negative indicator, the under-achievement of the target is as a result of the increase of  prevention and awareness programmes.","Continuous preventions , awareness and early intervention programmes. ","To date, performance is not on track, and the reason for deviation is noted. ","This is a negative indicator, the under-achievement of the target is as a result of the increase of  prevention and awareness programmes.","Continuous preventions , awareness and early intervention programmes. ","While the department indicated that this is a negative indicator, performance is assessed based on maximum output achieved.",Targeted output is underachieved with reason for deviation and corrective action noted.,Underachievement with reason for deviation and corrective action is noted for this indicator.,Reason for deviation and corrective action noted for this indicator with underachievement reported.,Reason for deviation and corrective action are acknowledged for this underachieved indicator.,58
Social Development,Social Development,Northern Cape,Programme 3: Children and Families,Sub Programme 3.5: Child and Youth Care Centres,Quarterly,2.Number of children in CYCCs re-unified with their families,Non-Standardized,Not  Applicable,Priority 4: Consolidating the Social Wage through Reliable and Quality Basic Services,Driver 2: Social Equity and Human Welfare ,"The Social Protection, Community and Human Development cluster",3,0,3,0,3,1,2,0,11,1,1,"The reunification of children in CYCCs with their families relies  on the willingness of families to take the children and if circumstances are conducive , hence the underachievement.",Continuous advocacy of reunification services.,,This may be as a result of the willingness and readiness of the family to reunify with child. ,The continued implementation of preparatory interventions to facilitate re-unification.,The Q1 target not achieved as planned.,"The reunification of children in CYCCs with their families relies  on the willingness of families to take the children and if circumstances are conducive . Furthermore, it can also be attributed to the deferral of reunification  because of the need for additional services.",Continuous advocacy,"To date, performance is not on track. ",The under-achievement of the indicator is based on the willingness and readiness of the family to reunite. ,"Intensified family preservation, advocacy and awareness of the benefits of restoring the family unit. ","To date, performance is not on track, and the reason for deviation is noted. ",The effectiveness of reunification depends on the physio-social and economic situation of the families ,Strengthen unification services ,"To date, performance is not on track. ",Reason for deviation and corrective action are noted for this indicator although nothing is reported.,Reason for deviation and corrective action are acknowledged although zero output is reported.,Performance is noted for this indicator.,Reason for deviation and corrective action are acknowledged for this underachieved indicator.,58
Social Development,Social Development,Northern Cape,Programme 3: Children and Families,Sub Programme 3.6:	Community-Based Care Services for children,Quarterly,1.Number of children reached through community based prevention and early intervention programmes,Non-Standardized,Not  Applicable,Priority 4: Consolidating the Social Wage through Reliable and Quality Basic Services,Driver 2: Social Equity and Human Welfare ,"The Social Protection, Community and Human Development cluster",6500,3108,100,3229,23,1102,100,0,6723,7439,7439,The over-achievement of the target is as a result of the implementation of additional holiday programmes due to the increase levels of vulnerability amongst children. ,Increased prevention and early intervention programmes.,,The programme is currently in the process of an internal audit process to address the challenges and to ensure that eligible children receive the service.,Continuous marketing of the service. Furthermore the programme must strengthen internal controls. ,The Q1 target was not achieved as planned.,The over-achievement is as a result of the continued advocacy and awareness of the programme. ,No need for corrective action. ,"To date, performance is on track.",The over-achievement of the target is as a result of the increased holiday programmes due to the high vulnerability rate during the school holidays.,Reason for deviation noted. ,"To date, the annual target is already achieved. ",The target was under achieve due to the fact that all intervention and early intervention programmes was conducted in the 3rd Quarter ,The programme should Strengthen of internal planning processes ,Annual target exceeded. ,Underachievement is noted with corrective action in place.,Overachievement with reason for deviation and corrective action is noted for this indicator.,Reason for deviation noted for this indicator with overachievement reported.,Reason for deviation and corrective action are acknowledged for this underachieved indicator.,58
Social Development,Social Development,Northern Cape,Programme 4:  Restorative Services,Sub Programme 4.2:	Crime Prevention and support,Quarterly,1.Number of persons reached through social crime prevention programmes,Non-Standardized,Not  Applicable,Priority 4: Consolidating the Social Wage through Reliable and Quality Basic Services,Driver 2: Social Equity and Human Welfare ,"The Social Protection, Community and Human Development cluster",2500,3542,3300,5409,3600,3519,1800,3442,11200,15912,15912,The over-achievement of the target was as a result of an increase in crime which necessitated the need for increased prevention programmes,Continued early intervention and prevention programmes. ,,The over-achievement of the target was as a result of an increase in crime which necessitated the need for increased prevention programmes.,No need for corrective action,Q1 target exceeded.,The over-achievement is as a result of Frances Baard District targeting additional schools.,Continuous advocacy and awareness. ,"To date, performance is on track.","Due to the end examinations, some schools did not allowed officials to visits schools for programmes during November 2024.",Strengthening of internal planning processes  ensuring that prevention programmes  rendered during November-December do not interfere with examination period.,"To date, the annual target is already achieved. ",the target was over achieve due to the fact that that there was a intensified focus on holiday programmes ,No Corrective action needed ,Annual target significantly achieved. ,Overachievement with reason for deviation noted.,Overachievement with reason for deviation and corrective action is noted for this indicator.,Reason for deviation and corrective action noted for this indicator with underachievement reported.,Overachievement for this indicator is noted with reason for deviation reported.,58
Social Development,Social Development,Northern Cape,Programme 4:  Restorative Services,Sub Programme 4.2:	Crime Prevention and support,Quarterly,2.Number of persons in conflict with the law who completed diversion programmes.,Non-Standardized,Not  Applicable,Priority 4: Consolidating the Social Wage through Reliable and Quality Basic Services,Driver 2: Social Equity and Human Welfare ,"The Social Protection, Community and Human Development cluster",20,24,25,25,20,42,15,25,80,116,116,"This is a needs-based service, consequently the over-achievement of the target is due to the increased crime and violence.",Continued early intervention and prevention programmes. ,,"This is a needs-based service, consequently the over-achievement of the target is due to the increased crime and violence.",No need for corrective action,Q1 target exceeded.,Target was achieved as planned. ,No corrective action needed. ,"To date, performance is on track.","This is a needs-based service, consequently the over-achievement of the target is due to the increased crime and violence.",Continuous prevention and and early intervention programmes.,"To date, the annual target is already achieved. ", the over-achievement of the target is due to the increased crime and violence cases that was reported ,Continuous prevention and and early intervention programmes.,Annual target exceeded.,"Targeted output is overachieved, reason for deviation is noted for this indicator.",Targeted output is achieved for this indicator.,Reason for deviation and corrective action noted for this indicator with overachievement reported.,Overachievement for this indicator is noted with reason for deviation and corrective action reported.,58
Social Development,Social Development,Northern Cape,Programme 4:  Restorative Services,Sub Programme 4.2:	Crime Prevention and support,Quarterly,3. Number of children in conflict with the law who accessed secure care centres,Non-Standardized,Not  Applicable,Priority 4: Consolidating the Social Wage through Reliable and Quality Basic Services,Driver 2: Social Equity and Human Welfare ,"The Social Protection, Community and Human Development cluster",75,119,25,33,25,31,25,26,150,209,209,"This is a needs-based service, consequently the over-achievement of the target is due to the increased crime and violence.",Continued early intervention and prevention programmes. ,,"This is a needs-based service, consequently the over-achievement of the target is due to the increased crime and violence.",Continuous prevention and awareness programmes ,Q1 target exceeded.,As a result of the increase in substance abuse and poverty crime is on the rise. ,Continued prevention and early intervention programmes. ,"To date, performance is on track.","This is a needs-based service, consequently the over-achievement of the target is due to the increased crime and violence.",Continuous prevention and awareness .,"To date, the annual target is already achieved. ","his is a needs-based service, consequently the over-achievement of the target is due to the increased crime and violence.",Continuous prevention and and early intervention programmes.,Annual target exceeded. ,Overachievement is noted as well as reason for deviation and corrective action for this indicator.,Overachievement with reason for deviation and corrective action is noted for this indicator.,Reason for deviation and corrective action noted for this indicator with overachievement reported.,Overachievement for this indicator is noted with reason for deviation and corrective action reported.,58
Social Development,Social Development,Northern Cape,Programme 4:  Restorative Services,Sub Programme 4.3:	Victim empowerment,Annually,2.Number of human trafficking victims who accessed social services.,Non-Standardized,Not  Applicable,Priority 4: Consolidating the Social Wage through Reliable and Quality Basic Services,Driver 2: Social Equity and Human Welfare ,"The Social Protection, Community and Human Development cluster",,,1,0,,,,,1,0,0,This is a negative indicator. The under-achievement may be attributed to the increased awareness and prevention. ,Continuous awareness and prevention programmes ,,,,,,,,,,,,,,,,,,58
Social Development,Social Development,Northern Cape,Programme 4:  Restorative Services,Sub Programme 4.3:	Victim empowerment,Quarterly,1.Number of victims of crime and violence accessing support services ,Non-Standardized,Not  Applicable,Priority 4: Consolidating the Social Wage through Reliable and Quality Basic Services,Driver 2: Social Equity and Human Welfare ,"The Social Protection, Community and Human Development cluster",752,716,752,765,752,823,752,699,3008,3003,3003,"This is a needs-based service, consequently the over-achievement of the target is due to the increased crime and violence.","Strengthen key control measures with regard to the provision of services to victims of GBVF, crime and violence.

",,This is a needs based services ,Continuous awareness and prevention programmes ,The target was not achieved as planned for Q1.,The over-achievement of the target is clear manifestation of the increased  advocacy and awareness ,Continuous prevention and early intervention programmes. ,"To date, performance is on track.",This is a needs based indicator. During the festive season there was an increased demand for the service. ,Contious advocacy and prevention programmes ,"To date, performance is on track. ","This is a negative indicator and therefore a reduction in the number of reported cases are a positive outcome.  The decrease in the number of victims requiring support services for this quarter suggests that proactive prevention and intervention strategies are having a significant impact, reducing the number of individuals falling into situations that would necessitate such services.",No corrective action needed ,Annual target slightly underachieved. ,Targeted output is underachieved with reason for deviation and corrective action reported.,Overachievement with reason for deviation and corrective action is noted for this indicator.,Reason for deviation and corrective action noted for this indicator with overachievement reported.,Performance for this indicator shows determination in terms of awareness with regards to services to victims of violence.,58
Social Development,Social Development,Northern Cape,Programme 4:  Restorative Services,Sub Programme 4.3:	Victim empowerment,Quarterly,3.Number of victims of GBVF and crime who accessed sheltering services ,Non-Standardized,Not  Applicable,Priority 4: Consolidating the Social Wage through Reliable and Quality Basic Services,Driver 2: Social Equity and Human Welfare ,"The Social Protection, Community and Human Development cluster",60,48,61,61,61,45,60,39,242,193,193,"This is a negative indicator and therefore a reduction in the number of reported cases are a positive outcome. The decrease in the number of victims requiring sheltering  services  suggests that proactive prevention and intervention strategies are having a significant impact, reducing the number of individuals falling into situations that would necessitate such services.","Continuous early intervention and prevention programmes . Strengthen key control measures with regard to the provision of services to victims of GBVF, crime and violence.",,This is a needs based service,Continuous awareness and prevention programmes ,The target was not achieved as planned for Q1.,Although the target was achieved as planned. This is a negative indicator and in ideal situation the target should not be achieved..  ,Continuous prevention and early intervention programmes. ,"To date, performance is not on  track.","This is a needs based. This is also  negative indicator. Furthermore, there is still a stigma in our communities regarding the admission in a shelter.  ",Do more awareness and education about shelter admission and services in a shelter.,"3rd quarter target not achieved as planned, and to date performance is not on track. ","This is a negative indicator and therefore the absence of identified trafficking victims in this financial year reflects the effectiveness of preventative measures, strong community awareness, and successful partnerships with stakeholders and support organizations in combating trafficking in persons.

",No corrective action needed ,"While the department indicated that this is a negative indicator, performance is assessed based on maximum output achieved.","The same comment as above applies, submission noted.",Targeted output is achieved for this indicator.,Performance is noted for this indicator.,Performance for this indicator shows determination in terms of awareness with regards to services to victims of violence.,58
Social Development,Social Development,Northern Cape,Programme 4:  Restorative Services,"Sub Programme 4.4:	Substance Abuse, Prevention and Rehabilitation",Quarterly,1.Number of people reached through substance abuse prevention programmes.,Non-Standardized,Not  Applicable,Priority 4: Consolidating the Social Wage through Reliable and Quality Basic Services,Driver 2: Social Equity and Human Welfare ,"The Social Protection, Community and Human Development cluster",580,654,580,642,580,744,580,491,2320,2531,2531,"The high levels of substance abuse in the province has resulted in an increased prevention and awareness programmes,  hence the over-achievement of the target",Continuous early intervention and prevention programmes.,,The high levels of substance abuse in the province has resulted in an increased prevention and awareness programmes  hence the over-achievement of the target.,Continuous awareness and prevention programmes ,The Q1 target was exceeded.,The over-achievement is as a result of the increased prevention programmes. ,Continuous prevention programmes  ,"To date, performance is on track.",The intensification of services in collaboration with different stakeholders during the festive season campaigns yields much more results.,No need for corrective action.,"To date, performance is on track.",Restricted access to the target market due to intensified institution orientation program for students  ,The programme must strengthen there planning processes to ensure that achievement of planned targets.,The annual target is exceeded.,Overachievement is noted which shows an increased awareness from the department's part.,Overachievement with reason for deviation and corrective action is noted for this indicator.,Reason for deviation noted for this indicator with overachievement reported.,Performance is noted for this indicator with underachievement reported.,58
Social Development,Social Development,Northern Cape,Programme 4:  Restorative Services,"Sub Programme 4.4:	Substance Abuse, Prevention and Rehabilitation",Quarterly,2.Number of service users who accessed substance use disorder (SUD) treatment services,Non-Standardized,Not  Applicable,Priority 4: Consolidating the Social Wage through Reliable and Quality Basic Services,Driver 2: Social Equity and Human Welfare ,"The Social Protection, Community and Human Development cluster",80,72,80,108,60,49,20,74,240,303,303,"?	There was in increase in the demand for treatment services from service users, hence the over-achievement.",Continuous early intervention and prevention programmes.,,This is a demand driven service. The under-performance is due to the low demand for the service. ,Continuous awareness and prevention programmes ,The target was not achieved as planned for Q1.,This is a demand driven service. The over-achievement is a indication of the increased  implementation of  prevention programmes. ,Continuous prevention and early intervention. ,"To date, performance is on track.","Lack of commitment of service users to participate and complete all sessions of community based treatment services.

",Intensify their efforts in terms of marketing of treatment services with specific reference to  community-based treatment and the value thereof.,"Underperformance was noted in Q3, but to date performance is on track.",intensification of  marketing of community base treatment  services resulted in the increased accessibility of  the service ,No corrective action needed ,The annual target is exceeded.,Targeted output is underachieved with reason for deviation and corrective action in place.,Overachievement with reason for deviation and corrective action is noted for this indicator.,Reason for deviation and corrective action noted for this indicator with underachievement reported.,Performance is noted for this indicator with overachievement reported.,58
Social Development,Social Development,Northern Cape,Programme 5: Development and Research,5.10: Institutional Funding and Monitoring,Quarterly,1. Number of funding applications assessed,Non-Standardized,Not  Applicable,Priority 4: Consolidating the Social Wage through Reliable and Quality Basic Services,Driver 2: Social Equity and Human Welfare ,"The Social Protection, Community and Human Development cluster",0,0,0,0,140,263,180,191,320,454,454,The over achievement is as a result of four additional programmes registered and supported during the financial year thereby creating new additional work opportunities and a number of EPWP participant resignations that were replaced.,No need for corrective action. ,,Not applicable,Not applicable,There is no planned target for Q1.,No target planned for the quarter. ,No need for corrective action. ,Targets planned for 3rd and 4th quarters.,The over-achievement of the target as due to the assessment of  additional funding applications.,No need for corrective action.,"To date, performance is on track.",The over-achievement of the target as due to the assessment of  additional funding applications.,No corrective action needed ,The annual target is exceeded.,,,,,58
Social Development,Social Development,Northern Cape,Programme 5: Development and Research,5.10: Institutional Funding and Monitoring,Quarterly,2.Number of funded organisations monitored,Non-Standardized,Not  Applicable,Priority 4: Consolidating the Social Wage through Reliable and Quality Basic Services,Driver 2: Social Equity and Human Welfare ,"The Social Protection, Community and Human Development cluster",30,13,60,88,90,91,30,31,210,223,223,The over-achievement was as a result that Departmental funded programmes reporting more work opportunities created through the funded NPO’s.,No need for corrective.,,Due to cost containment measures not all target organization could be monitored . ,Strengthening of internal controls.,The Q1 target was not achieved as planned.,Increased number of funded organisation monitored for the quarter under review. ,No need for corrective action. ,"To date, performance is on track.",As a result of the additional applications that was assessed more organisations was monitored.,No need for corrective action.,"To date, performance is on track.",Increased number of funded organisation monitored for the quarte,No corrective action needed ,The annual target is exceeded.,,,,,58
Social Development,Social Development,Northern Cape,Programme 5: Development and Research,5.9: Expanded Public Works Programme (EPWP),Annually,1.Number of participants accessing Incentive Grant,Non-Standardized,Not  Applicable,Priority 4: Consolidating the Social Wage through Reliable and Quality Basic Services,Driver 2: Social Equity and Human Welfare ,"The Social Protection, Community and Human Development cluster",82,87,,,,,,,82,87,113,The over-achievement is due to additional work opportunities created .,Not applicable ,,,,,,,,,,,,,,,,,,58
Social Development,Social Development,Northern Cape,Programme 5: Development and Research,5.9: Expanded Public Works Programme (EPWP),Annually,2.Number of work opportunities created utilizing Departmental budgets,Non-Standardized,Not  Applicable,Priority 4: Consolidating the Social Wage through Reliable and Quality Basic Services,Driver 2: Social Equity and Human Welfare ,"The Social Protection, Community and Human Development cluster",,,,,,,1000,1126,1000,1126,1126,The target was over achieve due to ,Not applicable ,,,,,,,,,,,,,,,,,,58
Social Development,Social Development,Northern Cape,Programme 5: Development and Research,Sub Programme 5.2:	Community Mobilisation,Quarterly,1.Number of people reached through community mobilization programmes.,Non-Standardized,Not  Applicable,Priority 4: Consolidating the Social Wage through Reliable and Quality Basic Services,Driver 2: Social Equity and Human Welfare ,"The Social Protection, Community and Human Development cluster",1140,1156,1140,1286,570,971,570,1225,3420,4638,4638,The over-achievement of the target is as a result of the implementation of additional programmes.,No need for corrective action.,,The over-achievement of the target is due to the demand for capacity development sessions ,No need for corrective action ,Q1 target exceeded.,The over-achievement of the target is as a result of additional  programmes being implemented.,No need for corrective action. ,"To date, performance is on track.",The over-achievement of the target is as a result of additional  programmes  implemented.,No need for corrective action.,"To date, performance is on track.",The over achievement of the target is as a result of additional programmes implemented ,No corrective action needed ,The annual target is exceeded.,Targeted output is overachieved with reason for deviation in place.,Overachievement with reason for deviation is noted for this indicator.,Reason for deviation noted for this indicator with overachievement reported.,Performance is noted for this indicator with overachievement reported.,58
Social Development,Social Development,Northern Cape,Programme 5: Development and Research,Sub Programme 5.2:	Community Mobilisation,Quarterly,2.Number of outcomes-based Community Mobilization and Empowerment (CME) reports,Non-Standardized,Max,Priority 4: Consolidating the Social Wage through Reliable and Quality Basic Services,Driver 2: Social Equity and Human Welfare ,"The Social Protection, Community and Human Development cluster",19,8,19,19,19,19,19,19,19,19,19,"The target has been achieved, as planned.",No need for corrective action. ,,The department is in a process revisiting internal controls in terms of capturing of performance and reporting of the indicator ,Strengthening of internal controls,"Q1 target not achieved, ",Target was achieved as planned.,No need for corrective action.,"To date, performance is on track.",Target achieved as planned. ,No need for corrective action. ,"To date, performance is on track.",Target achieved as planned ,No corrective action needed ,The target was achieved as planned. ,,,,,58
Social Development,Social Development,Northern Cape,Programme 5: Development and Research,Sub Programme 5.3:	Institutional capacity building and support for NPOs,Quarterly,1.Number of NPOs capacitated ,Non-Standardized,Not  Applicable,Priority 4: Consolidating the Social Wage through Reliable and Quality Basic Services,Driver 2: Social Equity and Human Welfare ,"The Social Protection, Community and Human Development cluster",40,102,50,79,20,30,20,83,130,294,294,,,,Additional NPO's was capacitated ,No need for corrective action. ,The Q1 target was exceeded.,The over-achievement is as a result of increased number of NPO's capacitated. ,Continuous advocacy and awareness. ,"To date, performance is on track.",Additional NPO's capicitated during quarter  3.,No need for corrective action. ,"To date, the annual target is already achieved. ",Due to collaborated efforts with other stakeholders allowed for potential NPO's  to be capacitated hence the increase of the target ,No corrective action needed ,The annual target is exceeded.,Overachievement noted with reason for deviation.,Overachievement with reason for deviation and corrective action is noted for this indicator.,Reason for deviation noted for this indicator with overachievement reported.,Performance is noted for this indicator with overachievement reported.,58
Social Development,Social Development,Northern Cape,Programme 5: Development and Research,Sub Programme 5.4:	Poverty Alleviation and Sustainable Livelihoods,Annually,4.Number of cooperatives linked to economic opportunities,Non-Standardized,Not  Applicable,Priority 4: Consolidating the Social Wage through Reliable and Quality Basic Services,Driver 2: Social Equity and Human Welfare ,"The Social Protection, Community and Human Development cluster",,,,,10,10,,,10,10,10,Target achieved as planned. ,The continue lobbing and advocating for economic opportunities for cooperatives.,,,,,,,,,,,,,,,,,,58
Social Development,Social Development,Northern Cape,Programme 5: Development and Research,Sub Programme 5.4:	Poverty Alleviation and Sustainable Livelihoods,Quarterly,1.Number of people benefitting from poverty reduction initiatives.,Non-Standardized,Not  Applicable,Priority 4: Consolidating the Social Wage through Reliable and Quality Basic Services,Driver 2: Social Equity and Human Welfare ,"The Social Protection, Community and Human Development cluster",219,581,371,107,206,68,0,52,796,808,808,"The over-achievement of the target is as a result of additional people that could be appointed to benefit to earn an income at food outlets

",No need for corrective action. ,,Additional people was identified to benefit from  poverty reduction initiatives ,No need for corrective action,The Q1 target was exceeded.,"The under-achivement of the target is due to non compliance by NPO's, therefore fewer NPO's could be reached. ",Continuous advocacy and awareness. ,"To date, performance is on track.",The under-achievement of the target is a result of NPOs not being funded due to non-compliance and the mismanagement of previous funds received.,Intensified monitoring and capacity building. ,"To date, performance is on track.",The under-achievement of the target is a result of NPOs not being funded due to non-compliance and the mismanagement of previous funds received.,Intensified Monitoring and Capacity Building of NPO's,The annual target is exceeded.,Overachievement is noted for this indicator.,"Reason for deviation and corrective action are acknowledged although the targeted output is underachieved.

",Performance is acknowledged for this indicator.,"Although nothing was targeted for, actual performance with reason for deviation and corrective action are included for this indicator.

",58
Social Development,Social Development,Northern Cape,Programme 5: Development and Research,Sub Programme 5.4:	Poverty Alleviation and Sustainable Livelihoods,Quarterly,2.Number of households accessing food through DSD food security programmes.,Non-Standardized,Not  Applicable,Priority 4: Consolidating the Social Wage through Reliable and Quality Basic Services,Driver 2: Social Equity and Human Welfare ,"The Social Protection, Community and Human Development cluster",689,791,1372,729,1053,709,886,1140,4000,3369,3369,The under-achievement of the target is as a result of the demand for food parcels,Strengthen key control measures with regard to people accessing food through DSD feeding programmes.,,During the winter season additional people benefitted DSD food security programmes.,No need for corrective action,The Q1 target was exceeded.,The reason for the under-achievement is that this is a needs based service and during the quarter under review there was a low demand for the service. ,Continuous advocacy and awareness. ,"Due to the underperformance in Q2, to date performance is not on track.",This is a needs-based service and is based on the number of applications received for households in distress,Continuous advocacy and awareness of the service. ,"To date, performance is not on track. ",This is a needs-based service and is based on the number of applications received for households in distress,Continues advocacy and awareness of the service ,"To date, performance is not on track.",Targeted output is overachieved with the reason for deviation reported.,"Reason for deviation and corrective action are acknowledged although the targeted output is underachieved.

",Underachievement is noted for this indicator with reason for deviation and corrective action in place.,Over achievement recorded with reason for deviation for this indicator is noted.,58
Social Development,Social Development,Northern Cape,Programme 5: Development and Research,Sub Programme 5.4:	Poverty Alleviation and Sustainable Livelihoods,Quarterly,3.Number of people accessing food through DSD feeding programmes (centre-based),Non-Standardized,Not  Applicable,Priority 4: Consolidating the Social Wage through Reliable and Quality Basic Services,Driver 2: Social Equity and Human Welfare ,"The Social Protection, Community and Human Development cluster",13153,21005,20200,12237,11284,7295,8363,5203,53000,45740,45740,The under-achievement of the target is as a result of a number of organizations were not funded due to non-compliance and mismanagement of previous funds received and non-compliance with Health inspector regulations.,Strengthening of monitoring and support of organisations.,,As a result of the winter season and the closure of school there was an influx of people at soup kitchen's ,No need for corrective action,The Q1 target was exceeded.,The reason for the under-achievement is that this is a needs based service and during the quarter under review there was a low demand for the service. ,Continuous advocacy and awareness. ,"Due to the underperformance in Q2, to date performance is not on track.",The under-achievement of the target is a result of NPOs not being funded due to non-compliance and the mismanagement of previous funds received,Intensified monitoring and capacity building of NPO's. ,"To date, performance is not on track.",The under-achievement of the target is a result of NPOs not being funded due to non-compliance and the mismanagement of previous funds received.,Intensified Monitoring and Capacity Building of NPO's,"To date, performance is not on track.","The same comment as above applies, submission noted.","Reason for deviation and corrective action are acknowledged although the targeted output is underachieved.

",Same comment as above applies.,Under achievement recorded with reason for deviation for this indicator is noted.,58
Social Development,Social Development,Northern Cape,Programme 5: Development and Research,Sub Programme 5.5:	Community Based Research and Planning,Annually,2.Number of community based plans developed.,Non-Standardized,Not  Applicable,Priority 4: Consolidating the Social Wage through Reliable and Quality Basic Services,Driver 2: Social Equity and Human Welfare ,"The Social Protection, Community and Human Development cluster",,,,,,,19,19,19,19,19,No target planned for this quarter.,No need for corrective action,,,,,,,,,,,,,,,,,,58
Social Development,Social Development,Northern Cape,Programme 5: Development and Research,Sub Programme 5.5:	Community Based Research and Planning,Quarterly,1.Number of households profiled.,Non-Standardized,Not  Applicable,Priority 4: Consolidating the Social Wage through Reliable and Quality Basic Services,Driver 2: Social Equity and Human Welfare ,"The Social Protection, Community and Human Development cluster",650,404,650,0,650,418,650,892,2600,1714,1714,"The system failures experienced by  the electronic NISIS system probed the Department to developed their own  tool and database. Training on the mentioned tool took longer than anticipated, hence not all targeted households were profiled, therefore the under-achievement.",Continue strengthening internal controls.,,"Challenges experienced with the NSIS system, thus the department resorted to using a manual system. ",Strengthening of internal controls,The Q1 target was exceeded.,,,"To date, performance is not on track, due to the underperformance in Q2.",The NDSD NISIS household profiling system crashed and forced Prog 5 to introduce a new household profile template. Q3 was used in the main to conduct training for all community development staff on the template and database.,"Continuous training, monitoring and strengthening of internal controls. ","To date, performance is not on track. ",The reason for the over achievement was as a result of the training on the Manual systems ,Continuous training on manual system  and monitoring thereof.,"To date, performance is not on track.",Underachievement noted with reason for deviation and corrective action.,"
Reason for deviation and corrective action should have been provided considering this indicator was targeted for although zero output is reported.


",Reason for deviation and corrective action noted for this indicator with underachievement reported.,Over achievement recorded with reason for deviation for this indicator is noted.,58
Social Development,Social Development,Northern Cape,Programme 5: Development and Research,Sub Programme 5.6:	Youth development,Quarterly,1.Number of youth development structures supported.,Non-Standardized,Max,Priority 4: Consolidating the Social Wage through Reliable and Quality Basic Services,Driver 2: Social Equity and Human Welfare ,"The Social Protection, Community and Human Development cluster",24,24,24,28,24,28,24,29,24,29,29,The target has been exceeded due to the funding of an additional youth development structure.,Continued support of youth development structures.,,Target achieved as planned ,No need for corrective action ,The Q1 target was achieved as planned.,Increased number of youth structures was supported. ,No need for corrective action. ,"To date, performance is on track.","
The over-achievement is as a result of additional youth structures supported.
",No need for corrective action.,"To date, the annual target is already achieved. ",The over-achievement is as a result of additional youth structures supported.,No corrective action needed ,Annual target exceeded.,Targeted output is achieved.,Overachievement with reason for deviation is noted for this indicator.,Reason for deviation noted for this indicator with overachievement reported.,Over achievement recorded with reason for deviation for this indicator is noted.,58
Social Development,Social Development,Northern Cape,Programme 5: Development and Research,Sub Programme 5.6:	Youth development,Quarterly,2.Number of youth participating in skills development programmes.,Non-Standardized,Not  Applicable,Priority 4: Consolidating the Social Wage through Reliable and Quality Basic Services,Driver 2: Social Equity and Human Welfare ,"The Social Protection, Community and Human Development cluster",0,13,100,35,50,88,0,124,150,260,260,The over-achievement of the target is as a result of  partnerships that were formed with institutions of learning.,No need for corrective action. ,,"No skills development programmes planned for this quarter, yet JTG skills development programmes beneficiaries graduated in this quarter.",No need for corrective action ,"Performance noted, no planned target for Q1.",The under-achievement is as a result of the delay in the moderation process of the trainings.,Strengthen internal controls,"To date, performance is not on track.",The over-achievement of the target is as a result of partnerships with between the Department and stakeholders which resulted in greater access to skills development programmes ,No need for corrective action.,"To date, performance is not on track.",The under achievement of target was due to the fact that the training was concluded in the 4th quarter  ,No corrective action needed ,Annual target exceeded.,Actual output is noted as well the reason for deviation.,"Reason for deviation and corrective action are acknowledged although the targeted output is underachieved.

",Reason for deviation noted for this indicator with overachievement reported.,"Although nothing was targeted for, actual performance with reason for deviation is included for this indicator.",58
Social Development,Social Development,Northern Cape,Programme 5: Development and Research,Sub Programme 5.6:	Youth development,Quarterly,3.Number of youth participating in youth mobilization programmes.,Non-Standardized,Not  Applicable,Priority 4: Consolidating the Social Wage through Reliable and Quality Basic Services,Driver 2: Social Equity and Human Welfare ,"The Social Protection, Community and Human Development cluster",10000,8044,8500,10661,7500,9717,6000,9790,32000,38212,6212,"Innovation and partnerships during the implementation of needs-based services and programmes more young people were reached, which resulted in the over-achievement of the target.",No need for corrective action. ,,Delay in funding of Youth services centres lead to under-achievement,Strengthening of internal controls ,Q1 target was not achieved as planned.,The over-achievement is as a result of additional centres that was funded. ,No need for corrective action. ,"To date, performance is on track.",The over-achievement of the target is due to partnerships with different stakeholders.,No need for corrective action.,"To date, performance is not on track.",The over-achievement of the target is due to partnerships with different stakeholders.,No corrective action needed ,Annual target exceeded.,Underachievement is noted with reason for deviation and corrective action in place.,Overachievement with reason for deviation is noted for this indicator.,Reason for deviation noted for this indicator with overachievement reported.,Over achievement recorded with reason for deviation for this indicator is noted.,58
Social Development,Social Development,Northern Cape,Programme 5: Development and Research,Sub Programme 5.7:	Women development,Quarterly,1. Number of women participating in empowerment programmes.,Non-Standardized,Not  Applicable,Priority 4: Consolidating the Social Wage through Reliable and Quality Basic Services,Driver 2: Social Equity and Human Welfare ,"The Social Protection, Community and Human Development cluster",0,0,90,39,60,82,0,21,150,142,142,The under -achievement of the target is as a result of  delay in securing of credible service providers to provide empowerment programmes.,Strengthen key control measures with regard to the empowerment programmes for women.,,No target planned for this quarter,No need for corrective action ,Targets planned for Q2 & 3,There was a delay in the appointment of the service providers for the identified trainings.,Strengthening of internal controls. ,"To date, performance is not on track.","The target was over-achieved due to additional skills empowerment development programmes implemented.

",No need for corrective action. ,"The taregt was exceeded in Q3, bu to date performance is not on track.",The target was over-achieved due to additional skills empowerment development programmes implemented.,No corrective action needed ,"To date, performance is not on track.",,"Reason for deviation and corrective action are acknowledged although the targeted output is underachieved.

",Reason for deviation noted for this indicator with overachievement reported.,"Although nothing was targeted for, actual performance with reason for deviation is reported.",58
Social Development,Social Development,Northern Cape,Programme 5: Development and Research,Sub Programme 5.8:	Population Policy Promotion,Annually,3.Number of Population Policy Monitoring and Evaluation reports produced.,Non-Standardized,Not  Applicable,Priority 4: Consolidating the Social Wage through Reliable and Quality Basic Services,Driver 2: Social Equity and Human Welfare ,"The Social Protection, Community and Human Development cluster",,,,,,,1,1,1,1,1,No target planned for this quarter. ,Not applicable ,,,,,,,,,,,,,,,,,,58
Social Development,Social Development,Northern Cape,Programme 5: Development and Research,Sub Programme 5.8:	Population Policy Promotion,Annually,4.Number of research projects completed.,Non-Standardized,Not  Applicable,Priority 4: Consolidating the Social Wage through Reliable and Quality Basic Services,Driver 2: Social Equity and Human Welfare ,"The Social Protection, Community and Human Development cluster",,,,,,,1,2,1,2,2,The over achievement of the target was due to the high social ills and crime statics that was released hence the demand.    , No corrective action needed ,,,,,,,,,,,,,,,,,,58
Social Development,Social Development,Northern Cape,Programme 5: Development and Research,Sub Programme 5.8:	Population Policy Promotion,Quarterly,1.Number of population capacity development sessions conducted.,Non-Standardized,Not  Applicable,Priority 4: Consolidating the Social Wage through Reliable and Quality Basic Services,Driver 2: Social Equity and Human Welfare ,"The Social Protection, Community and Human Development cluster",2,3,2,5,2,8,2,4,8,20,20,The over-achievement of the target is due to the demand for capacity development sessions.,No need for corrective action.,,The reason for the over-achievement is that additional session conducted ,No need for corrective action,Q1 target exceeded.,The over-achievement of the target is due to the demand for capacity development sessions,No need for corrective action. ,Performance achieved to date shows the annual target is already achieved. ,The over-achievement of the target is due to the demand for capacity development sessions,No need for corrective action. ,"To date, the annual target is already exceeded.",The over-achievement of the target is due to the demand for capacity development sessions,No corrective action needed ,Annual target exceeded.,Targeted output is overachieved.,Overachievement with reason for deviation is noted for this indicator.,Reason for deviation noted for this indicator with overachievement reported.,Over achievement recorded with reason for deviation for this indicator is noted,58
Social Development,Social Development,Northern Cape,Programme 5: Development and Research,Sub Programme 5.8:	Population Policy Promotion,Quarterly,"2.Number of Population Advocacy, Information, Education and Communication (IEC) activities implemented.",Non-Standardized,Not  Applicable,Priority 4: Consolidating the Social Wage through Reliable and Quality Basic Services,Driver 2: Social Equity and Human Welfare ,"The Social Protection, Community and Human Development cluster",5,6,6,12,5,5,5,7,21,30,30,The over-achievement of the target is due to the demand for information in terms of evidence-based planning.,No need for corrective action.,,Target was reached as planned. ,No need for corrective action,Q1 target exceeded.,"The over-achievement of the target is due to the demand for the service, given the need for evidence based planning

",No need for corrective action. ,"To date, performance is on track. ","Target was achieved as planned.  This was to ensure that the demand for the service is met, given the need for evidence based planning",No need for corrective action. ,"To date, the annual target is already exceeded.","arget was achieved as planned.  This was to ensure that the demand for the service is met, given the need for evidence based planning",No corrective action needed ,Annual target exceeded.,Targeted output is overachieved.,Overachievement with reason for deviation is noted for this indicator.,Targeted output achieved.,Over achievement recorded with reason for deviation for this indicator is noted,58
Social Development,Social Development,Northern Cape,Programme 5: Development and Research,Sub Programme 5.8:	Population Policy Promotion,Quarterly,5.Number of demographic profiles completed.,Non-Standardized,Not  Applicable,Priority 4: Consolidating the Social Wage through Reliable and Quality Basic Services,Driver 2: Social Equity and Human Welfare ,"The Social Protection, Community and Human Development cluster",9,14,10,16,9,14,9,9,37,53,53,The over-achievement of the target is due to the demand/requisition of information from stakeholders ,,,"The reason for the over-achievement was, additional profiles was done ",No need for corrective action,Q1 target exceeded.,The over-achievement of the target is due to the demand/requisition of information from stakeholders ,No need for corrective action. ,"To date, performance is on track. ",The over-achievement of the target is due to the demand/requisition of information from stakeholders ,No need for corrective action. ,"To date, the annual target is already exceeded.",Target achieved ,No corrective actions needed ,Annual target exceeded.,Targeted output is overachieved with reason for deviation in place.,Overachievement with reason for deviation is noted for this indicator.,Reason for deviation noted for this indicator with overachievement reported.,Targeted output is achieved for this indicator.,58
