Sector,Institution,Programme,SubProgramme,Location,Frequency,Indicator,Type,SubType,Outcome,Priority,Cluster,Target_Q1,ActualOutput_Q1,Target_Q2,ActualOutput_Q2,Target_Q3,ActualOutput_Q3,Target_Q4,ActualOutput_Q4,AnnualTarget_Summary2,Preliminary_Summary2,PrelimaryAudited_Summary2,ReasonforDeviation_Summary,CorrectiveAction_Summary,OTP_Summary,ValidatedAudited_Summary2,ReasonforDeviation_Q1,CorrectiveAction_Q1,OTP_Q1,ReasonforDeviation_Q2,CorrectiveAction_Q2,OTP_Q2,ReasonforDeviation_Q3,CorrectiveAction_Q3,OTP_Q3,ReasonforDeviation_Q4,CorrectiveAction_Q4,OTP_Q4,UID
Police, Safety and Liaison,Northern Cape,Programme 1: Administration,Sub-Programme 1.3: Financial Management,Annually,Percentage Fruitless and Wasteful Expenditure incurred in the previous financial year,Non-Standardized,Not  Applicable,"Priority 1: A Capable, Ethical and Developmental State",Drive 4:  Accountable and Effective Governance,"Governance, State Capacity and Institutional Development cluster",,,0 %,9.3 %,,,,,0 %,9.3 %,9.3,"Interest charged on late payment.
Arbitration award.
",Payment of undisputed invoices within 30 days,"Underperformance with 9,3% fruitless and wasteful expenditure incurred in 2023/24. Aligned to reports throughout the year. Declined from the 1,1% achieved in the 2023/24 FY.
",,,,,,,,,,,,,,23
Police, Safety and Liaison,Northern Cape,Programme 1: Administration,Sub-Programme 1.3: Financial Management,Annually,Percentage of Irregular Expenditure incurred in the previous financial year,Non-Standardized,Not  Applicable,"Priority 1: A Capable, Ethical and Developmental State",Drive 4:  Accountable and Effective Governance,"Governance, State Capacity and Institutional Development cluster",,,0 %,11.4 %,,,,,0 %,11.4 %,11.4,"Expired PTOG contracts.
Expired SITA SLA
Ocean Echo rentals for 2023/24 financial year
","Public Transport programme to complete ITP’s and service designs, which are conditions precedent for procurement process that will ultimately regularise PTOG bus contracts.
Concluded SLA with SITA
Addendum to SLA for Ocean Echo lease
","Underperformance with 11,4% Irregular expenditure incurred in 2023/24. Aligned to reports throughout the year. Improved from 45,6% in the 2023/24 FY.",,,,,,,,,,,,,,23
Police, Safety and Liaison,Northern Cape,Programme 1: Administration,Sub-Programme 1.3: Financial Management,Annually,Percentage unauthorised expenditure incurred in the previous financial year,Non-Standardized,Not  Applicable,"Priority 1: A Capable, Ethical and Developmental State",Drive 4:  Accountable and Effective Governance,"Governance, State Capacity and Institutional Development cluster",,,0 %,0 %,,,,,0 %,0 %,0,,,Annual target achieved as planned in the 2nd Quarter. Aligned to reports throughout the year. ,,,,,,,,,,,,,,23
Police, Safety and Liaison,Northern Cape,Programme 1: Administration,Sub-Programme 1.3: Financial Management,Annually,Unqualified Audit Opinion,Non-Standardized,Not  Applicable,Priority 2: Economic Transformation And Job Creation,Drive 4:  Accountable and Effective Governance,Not Applicable,,,Unqualified Audit Opinion,Unqualified Audit Opinion,,,,,Unqualified Audit Opinion,Unqualified Audit Opinion,To be determined after audit,,,"Unqualified audit opinion reported in the 2nd quarter, relating to the 2023-24 FY. Please review the Pre-audited output. ",,,,,,,,,,,,,,23
Police, Safety and Liaison,Northern Cape,Programme 1: Administration,Sub-Programme 1.3: Financial Management,Quarterly,Percentage of uncontested invoices paid within 30 days,Non-Standardized,Max,Priority 2: Economic Transformation And Job Creation,"Driver 1: Economic Transformation, Growth and Development","Governance, State Capacity and Institutional Development cluster",100 %,98 %,100 %,98 %,100 %,97 %,100 %,94 %,100 %,98 %,98,,,"Slight underperformance reflected against the annual target with an average performance of 96,75% across all quarters. A decline refleted in comparison with the 100% achieved in 2023/24 FY. Please provide reason for deviation and corrective action. ",,"Systems error
Tax compliance
","Log call with helpdesk.
Ensure that no procurement is done without order.
Implementation of consequence management in cases of non-compliance
",The targets are aligned to the APP 2024-25. Performance of 98% against the quarterly target up to the 1st quarter. (11 invoices not paid within 30 days) Improvement from 97 in the 4th quarter of previous financial year. ,"Expired contract.
Non-tax compliant by service provider.
Discrepancy with banking details on the invoice and CSD of the institution 
",Procurement process or renewal of the contract be initiated prior expiry of the contract.,Performance remained consistent at 98% between Q1 and Q2. (10 invoices not paid within 30 days),"•	Outstanding supporting documentation;
•	Delay in submission of invoices for processing;
•	Contract expired and awaiting the addendum to extend the contract;
Supplier not registered on CSD
","•	Immediate and constant follow-ups on all outstanding documentation
•	Invoices to be monitored daily to avoid delay in processing;
Immediate follow-ups on all expired contracts;
","97% performance against the quarterly target, a slight reduction in comparison with the 1st and 2nd quarter. ","Official currently experiencing challenges with regard resources on printing, internet, financial systems, office space, signatories as officials are working in different departments and not sitting in the same building",Department to get an office space that can accommodate office of the CFO,"A slight decline reflected in the 4th quarter. Average performance of 96,75% across all the quarters. ",23
Police, Safety and Liaison,Northern Cape,Programme 1: Administration,Sub-Programme 1.3: Financial Management,Quarterly,"Percentage procurement for women, youth and persons with disability",Non-Standardized,Max,Priority 2: Economic Transformation And Job Creation,"Driver 1: Economic Transformation, Growth and Development","Governance, State Capacity and Institutional Development cluster",40 %,21 %,40 %,40 %,40 %,36 %,40 %,30 %,40 %,40 %,40,,,"Achieved the annual target as planned, with average performance of 31,75% across the four quarters. Decline indicated from the 68% achieved in 2023/24 FY. ",,Outstanding information from Provincial Treasury on the CSD. Requests have been made to Provincial Treasury and it appears that all Departments are experiencing the same challenge ,Await updated figures from Treasury,"The targets are aligned to the APP 2024-25. Department is reminded to populate the output before the final submission on 31 July 2024, when the information is available. ",,,The department is reminded to populate the quarterly output before the final submission on 31 October 2024. ,Non-responsiveness from RFQ sent to suppliers,"•	Identify RFQ’s that will be used to promote SMME’s for procurement in the designated groups
•	SCM must investigate reasons for the non-responsiveness.
","90% performance against the quarterly target and an average of 32% procurement for women, youth and persons with disability up to the 3rd quarter. ","Women, youth and person with disabilities, owning companies, did not respond satisfactorily, to the request for quotation issued by the department",Additional to the rotational system the Department will make use of the Central Supplier Database (CSD) functionality criteria to specifically target,"75% performance achieved against the quarterly target, with an average performance of 31,75% across the four quarters against the annual target of 40%. ",23
Police, Safety and Liaison,Northern Cape,Programme 1: Administration,Sub-Programme 1.4: Corporate Services,Annually,Percentage of interns and learners employed in the Department,Non-Standardized,Not  Applicable,Priority 2: Economic Transformation And Job Creation,"Driver 1: Economic Transformation, Growth and Development","The Economic Sectors, Employment and Infrastructure Development cluster",,,,,,,5 %,4.2 %,5 %,4.2 %,4.2,Recruitment of interns and learners were reduced as a result of limited budget available,More interns and  learners will be recruited through SETA programmes,Declined slightly from the 5% achieved in 2023/24 FY. Aligned to what was reported through the year.,,,,,,,,,,,,,,23
Police, Safety and Liaison,Northern Cape,Programme 1: Administration,Sub-Programme 1.4: Corporate Services,Annually,Percentage of performance agreements captured,Non-Standardized,Not  Applicable,"Priority 1: A Capable, Ethical and Developmental State",Drive 4:  Accountable and Effective Governance,"Governance, State Capacity and Institutional Development cluster",100 %,100 %,,,,,,,100 %,100 %,100,,,Annual target achieved as planned. Maintained the 100% performance achieved in the 2023/24 FY. ,,,,,,,,,,,,,,23
Police, Safety and Liaison,Northern Cape,Programme 1: Administration,Sub-Programme 1.4: Corporate Services,Annually,Percentage of persons with disability employed in the Department,Non-Standardized,Not  Applicable,Priority 2: Economic Transformation And Job Creation,"Driver 1: Economic Transformation, Growth and Development","The Economic Sectors, Employment and Infrastructure Development cluster",,,,,,,2 %,0.7 %,2 %,0.7 %,0.7,Not enough people with disabilities respond to advertisements of vacancies,Posts will be targeted for filling by people with disabilities. This will be in line with the EE plan targets ,Declined slightly from the 1% achieved in 2023/24 FY. Aligned to what was reported through the year. ,,,,,,,,,,,,,,23
Police, Safety and Liaison,Northern Cape,Programme 1: Administration,Sub-Programme 1.4: Corporate Services,Annually,Percentage of required employees subjected to the e-disclosure financial interest audit,Non-Standardized,Not  Applicable,"Priority 1: A Capable, Ethical and Developmental State",Drive 4:  Accountable and Effective Governance,"Governance, State Capacity and Institutional Development cluster",,,100 %,89 %,,,,,100 %,89 %,89,Non-compliance with the prescripts,Officials will be formally charged thereafter request made to DPSA to open the system for those who have valid reasons for non-submission,89% achieved against the annual target and declined in comparison with the 100% achieved in 2023/24 FY. ,,,,,,,,,,,,,,23
Police, Safety and Liaison,Northern Cape,Programme 1: Administration,Sub-Programme 1.4: Corporate Services,Annually,Percentage of Women employed in SMS positions in the Department,Non-Standardized,Not  Applicable,Priority 2: Economic Transformation And Job Creation,"Driver 1: Economic Transformation, Growth and Development","The Economic Sectors, Employment and Infrastructure Development cluster",,,,,,,50 %,25 %,50 %,25 %,25,Only 1 SMS position was advertised during the period under review,Women will be encouraged to apply for vacant positions when SMS posts are advertised in the 2025/26 financial year,Achieved 50% performance against the annual target and output is aligned to what was reported through the year. Improved from 20% achieved in 2023/24 FY. ,,,,,,,,,,,,,,23
Police, Safety and Liaison,Northern Cape,Programme 1: Administration,Sub-Programme 1.4: Corporate Services,Annually,Percentage youth employed in the Department ,Non-Standardized,Not  Applicable,Priority 2: Economic Transformation And Job Creation,"Driver 1: Economic Transformation, Growth and Development","The Economic Sectors, Employment and Infrastructure Development cluster",,,,,,,30 %,21.16 %,30 %,21.16 %,21.16,Very few young people applied for positions advertise during the period under review,Special focus will be given to appoint and request young people to apply in subsequent recruitment period,"70,5% achieved against the annual target. Output is aligned to what was reported throughout the year. Improved performance in comparison with the 9% achieved in the 2023/24 FY. ",,,,,,,,,,,,,,23
Police, Safety and Liaison,Northern Cape,Programme 2: Provincial Secretariat for Police Service,Sub-Programme 2.2: Policy and Research ,Quarterly,Number of community satisfaction surveys completed ,Non-Standardized,Not  Applicable,Priority 6: Social Cohesion and Safer Communities,Driver 2: Social Equity and Human Welfare ,"The Social Protection, Community and Human Development cluster",2,2,2,2,2,2,2,1,8,7,7,Cost Containment resulted in no travelling during the 4th Quarter,None,"87,5% achieved against the annual target with the total surveys aligned to what was reported during the year. A decline noted when compared to the 8 achieved in 2023/24. ",,,,The targets are aligned to the APP 2024-25. Performance is on track up to the 1st quarter with quarterly targets achieved as planned. ,,,Performance is on track with quarterly target achieved as planned,,,Performance is on track with quarterly targets achieved as planned up to the 3rd quarter.,Cost Containment,None,"50% Performance achieved against the quarterly target and 87,5% against the planned annual target.",23
Police, Safety and Liaison,Northern Cape,Programme 2: Provincial Secretariat for Police Service,Sub-Programme 2.3: Monitoring and Evaluation,Quarterly,Number of National Monitoring Tools Conducted,Non-Standardized,Not  Applicable,Priority 6: Social Cohesion and Safer Communities,Driver 2: Social Equity and Human Welfare ,"The Social Protection, Community and Human Development cluster",6,6,6,6,6,6,6,6,24,24,24,,,Annual target achieved as planned. Maintained the 24 National monitoring Tools conducted in the 2023/24 FY. ,,,,The targets are aligned to the APP 2024-25. Performance is on track up to the 1st quarter with quarterly targets achieved as planned. ,,,Performance is on track with quarterly target achieved as planned,,,"83% performance against the quarterly target and 70,8% against the annual target up to the 3rd quarter. ",N/A,N/A,Quarterly and annual target achieved as planned.,23
Police, Safety and Liaison,Northern Cape,Programme 2: Provincial Secretariat for Police Service,Sub-Programme 2.3: Monitoring and Evaluation,Quarterly,Percentage of DVA Tools recommendations implemented,Non-Standardized,Max,Priority 6: Social Cohesion and Safer Communities,Driver 2: Social Equity and Human Welfare ,"The Social Protection, Community and Human Development cluster",100 %,100 %,100 %,100 %,100 %,100 %,100 %,100 %,100 %,100 %,100,,,Annual target achieved as planned. Maintained the 100% performance achieved in the 2023/24 FY. ,,,,The targets are aligned to the APP 2024-25. Performance is on track up to the 1st quarter with quarterly targets achieved as planned. ,,,Performance is on track with quarterly target achieved as planned,,,Performance is on track with quarterly targets achieved as planned up to the 3rd quarter.,N/A,N/A,Quarterly and annual target achieved as planned.,23
Police, Safety and Liaison,Northern Cape,Programme 2: Provincial Secretariat for Police Service,Sub-Programme 2.3: Monitoring and Evaluation,Quarterly,Percentage of IPID recommendations implemented,Non-Standardized,Max,Priority 6: Social Cohesion and Safer Communities,Driver 2: Social Equity and Human Welfare ,"The Social Protection, Community and Human Development cluster",100 %,100 %,100 %,100 %,100 %,100 %,100 %,100 %,100 %,100 %,100,,,Annual target achieved as planned. Maintained the 100% performance achieved in the 2023/24 FY. ,,,,The targets are aligned to the APP 2024-25. Performance is on track up to the 1st quarter with quarterly targets achieved as planned. ,,,Performance is on track with quarterly target achieved as planned,,,Performance is on track with quarterly targets achieved as planned up to the 3rd quarter.,N/A,N/A,Quarterly and annual target achieved as planned.,23
Police, Safety and Liaison,Northern Cape,Programme 2: Provincial Secretariat for Police Service,Sub-Programme 2.4: Safety Promotion,Quarterly,Number of School Safety Assessments conducted,Non-Standardized,Not  Applicable,Priority 6: Social Cohesion and Safer Communities,Driver 2: Social Equity and Human Welfare ,"The Social Protection, Community and Human Development cluster",25,25,25,26,25,21,16,17,91,89,89,SAPS operations during 16 days of activism and the festive season impacted the agreed assessment dates,None,"97,8% achieved against the annual target. Output is aligned to quarterly outputs reported during the year. Slight decrease reflected in comparison with the 2023/24 performance(92).",,,,"The targets are aligned to the APP 2024-25. Performance is on track up to the 1st quarter with quarterly targets achieved as planned. 
FB (3) - Jan Kempdorp, Pampierstad, Hartswater
JTG (3) - Kuruman, Siyathemba, Tsineng.
NAM (4) - Steinkopf, Aggeneys, Hondeklipbay, Brandvlei
PKS (10) - Hopetown, Stydenburg, Belmont, Marydale, Prieska, Niekerkshoop, Douglas, Griekwastad, Cambell, Plooysburg
ZFM (5) - Kakamas, Postmasburg, Danielskuil, Lime Acres, Upington
",Additional School safety assessments were conducted during the implementation of the social crime prevention project to adhere to cost containment measures being implemented in the province,Address the target as set in the forthcoming quarters,"Performance is on track with quarterly target achieved. (FB(3) Warrenton, Barkley-West, Windsorton, JTG (3) - Van Zylsrus, Mothibistad, Batlharos, NAM (8) Calvinia, Fraserburg, Williston, Kleinzee, Kommagas, Alexanderbay, Loeriesfontein, Niewoudtville, PKS (9) De Aar, Brtistown, Hanover, Phillipstown, Van der Kloof, Petrusville, Carnarvon, Vosburg, Van Wyksvlei, ZFM (3) Keimoes, Paballelo, Rosedale)",SAPS operations during 16 days of activism and the festive season impacted the agreed assessment dates,Outstanding target will be conducted in Q4,"84% Performance against the quarterly target and 79% against the annual target up to the 3rd quarter. (In the narrative report the DTSL reflected the following stations - Kimberley, Roodepan, Modderrivier, Galeshewe, Kathu, Olifantshoek, Boithithong, Middelpos, Port Nolloth, Kuyasa, Colesberg, Norvalpont, Noupoort, Richmond, Victoria West, Loxton, Rietfontein, Witdraai, Noenieput, Kenhardt, Augrabies)",Address the under-performance of Q3,N/A,"Quarterly target achieved, however, the underperformance of Q3 not fully addressed. 98,8% Performance achieved against the planned annual target up to the 4th quarter. (The DTSL reflected the following stations in the narrative report: Delportshoop, Boetsap, Severn, Heuningsvlei, Deben, Wrenchville, Pella, Nababeep, Pofadder, Onseepkans, Springbok, Vioolsdrift, Kamieskroon, Garies, Sunrise, Kanoneiland, Grobershoop) ",23
Police, Safety and Liaison,Northern Cape,Programme 2: Provincial Secretariat for Police Service,Sub-Programme 2.4: Safety Promotion,Quarterly,Number of social crime prevention programmes implemented,Non-Standardized,Max,Priority 6: Social Cohesion and Safer Communities,Driver 2: Social Equity and Human Welfare ,"The Social Protection, Community and Human Development cluster",5,5,5,5,5,5,5,5,5,5,5,,,Annual target achieved as planned. Maintained the 5 social crime prevention programmes implemented in the 2023/24 FY. ,,,,The targets are aligned to the APP 2024-25. Performance is on track up to the 1st quarter with quarterly targets achieved as planned. ,,,Performance is on track with quarterly target achieved as planned,,,Performance is on track with quarterly targets achieved as planned up to the 3rd quarter.,N/A,N/A,Quarterly and annual target achieved as planned.,23
Police, Safety and Liaison,Northern Cape,Programme 2: Provincial Secretariat for Police Service,Sub-Programme 2.4: Safety Promotion,Quarterly,Number of Victim Friendly facilities assessed,Non-Standardized,Not  Applicable,Priority 6: Social Cohesion and Safer Communities,Driver 2: Social Equity and Human Welfare ,"The Social Protection, Community and Human Development cluster",25,25,25,26,25,21,16,17,91,89,89,SAPS operations during 16 days of activism and the festive season impacted the agreed assessment dates,None,"97,8% achieved against the annual target. Output is aligned to quarterly outputs reported during the year. Slight decrease reflected in comparison with the 2023/24 performance (97).",,,,"The targets are aligned to the APP 2024-25. Performance is on track up to the 1st quarter with quarterly targets achieved as planned. 
FB (3) - Jan Kempdorp, Pampierstad, Hartswater
JTG (3) - Kuruman, Siyathemba, Tsineng.
NAM (4) - Steinkopf, Aggeneys, Hondeklipbay, Brandvlei
PKS (10) - Hopetown, Stydenburg, Belmont, Marydale, Prieska, Niekerkshoop, Douglas, Griekwastad, Cambell, Plooysburg
ZFM (5) - Kakamas, Postmasburg, Danielskuil, Lime Acres, Upington
2 Functional (8%), 8 not functional (32%) and 15 were reflected as partially functional (60%) in the narrative report.  ",Additional VFF assessed during the implementation of the social crime prevention project to adhere to cost containment measures being implemented in the province,Address the target as set in the forthcoming quarters,"Performance is on track with quarterly target achieved. (FB(3) Warrenton, Barkley-West, Windsorton, JTG (3) - Van Zylsrus, Mothibistad, Batlharos, NAM (8) Calvinia, Fraserburg, Williston, Kleinzee, Kommagas, Alexanderbay, Loeriesfontein, Niewoudtville, PKS (9) De Aar, Brtistown, Hanover, Phillipstown, Van der Kloof, Petrusville, Carnarvon, Vosburg, Van Wyksvlei, ZFM (3) Keimoes, Paballelo, Rosedale) Indicating that 19 were functional and 7 not functional.","SAPS operations during 16 days of activism and the festive season impacted the agreed assessment dates.
",Outstanding target will be conducted in Q4,"84% Performance against the quarterly target and 79% against the annual target up to the 3rd quarter. (In the narrative report the DTSL reflected that 2 VFF not functional - Middelpos and Witdraai. Functional - Kimberley, Roodepan, Modderrivier, Galeshewe, Kathu, Olifantshoek, Boithithong, Port Nolloth, Kuyasa, Colesberg, Norvalpont, Noupoort, Richmond, Victoria West, Loxton, Rietfontein, Noenieput, Kenhardt, Augrabies)",Address the under-performance of Q3,N/A,"Quarterly target achieved, however, the underperformance of Q3 not fully addressed. 98,8% Performance achieved against the planned annual target up to the 4th quarter.(The DTSL reflected the following stations in the narrative report: Delportshoop, Boetsap, Severn, Heuningsvlei, Deben, Wrenchville, Pella, Nababeep, Pofadder, Onseepkans, Springbok, Vioolsdrift, Kamieskroon, Garies, Sunrise, Kanoneiland, Grobershoop)  ",23
Police, Safety and Liaison,Northern Cape,Programme 2: Provincial Secretariat for Police Service,Sub-Programme 2.5: Community Police Relations,Quarterly,Number of municipalities that have functional CSFs,Non-Standardized,Not  Applicable,Priority 6: Social Cohesion and Safer Communities,Driver 2: Social Equity and Human Welfare ,"The Social Protection, Community and Human Development cluster",3,3,3,3,3,5,3,1,12,12,12,,,Annual target achieved and output is aligned to the quarterly outputs reported during the year. Improvement noted in comparison with the 11 achieved in 2023/24. ,,,,"The targets are aligned to the APP 2024-25. Performance is on track up to the 1st quarter. The department reflected in the narrative report that only 2 of the 3 that were assessed were functional (Siyancuma and Hantam) with Dikgatlong not established. The department is commended for the detailed reporting, and reminded to align actual output as per the TID of the deliverable. ",Non-Availability of Municipal Councils ,Request an intervention from the Political Office,Slight under performance reflected against the quarterly target. (Gamagara dn Kareeberg assessed during Q2) Functional CSF's to be reported on and not only those municipaltiies assessed. Please ensure the detailed report as attachment as indicated in the narrative report. ,Additional CSF’s conducted to compensate for underperformance in Q2,,"Quarterly target achieved, with 91,7% achieved against the annual target as per reports submitted up to the 3rd quarter. (Richtersveld, Siyancuma, Tsantsabane, Gamagara and Hantam) The department may have to consider to include principles in the TID with regards to duplication of municipalities across the financial year. E.g : Siyancuma, Hantam and Gamagara reflected in Q1 and Q2 ",Municipalities took long before taken a council resolution to establish CSF’s,Engage with municipalities,"Under performance in the 4th quarter, however, due to over performance in Q3, the annual target is achieved as planned. (Emthanjeni) 
The department, however needs to ensure that these CSFs, reported, are functional, as per the TID and do not only reflect the assessments done.",23
Police, Safety and Liaison,Northern Cape,Programme 2: Provincial Secretariat for Police Service,Sub-Programme 2.5: Community Police Relations,Quarterly,Number of police stations that have functional CPFs,Non-Standardized,Not  Applicable,Priority 6: Social Cohesion and Safer Communities,Driver 2: Social Equity and Human Welfare ,"The Social Protection, Community and Human Development cluster",15,17,15,19,15,15,15,9,60,60,60,,,Annual target achieved and the output is aligned to the quarterly outputs reported during the year. Improvement noted in comparison with the 52 achieved in the 2023/24 FY. ,,2 Additional Assessments were conducted in Pixley-Ka-Seme and ZFM as part of an induction process to ensure that police stations have functional CPF's,None ,"The targets are aligned to the APP 2024-25. Performance is on track up to the 1st quarter. However, the department reflected in the narrative report that 11 of the 17 CPFs were functional (64,7%) namely Strydenburg, Hopetown, Steinkopf, Jan Kempdorp, Niekershoop, Siyathemba, Lime Acres, Upington, Hondeklipbay, Tsineng, Hartswater. 6 of the 17 were not functional (35,3%) namely Kuruman, Belmont, Pampierstad, Postmasburg, Danielskuil, Aggeneys. ",Additional CPF assessments were conducted during the implementation of the social crime prevention project to adhere to cost containment measures being implemented in the province,Address the target as set in the forthcoming quarters,Performance is on track with quarterly target achieved. Please ensure the detailed report as attachment as indicated in the draft narrative report with the final submission at 31 October 2024.,,,"Performance is on track up to the 3rd quarter with 85% achieved against the annual target. (Kathu, Witdraai, Rietfontein, Noenieput, Colesberg, Kuyasa, Noupoort, Norvalspont, Roodepan, Kimberley, Middelpos, Port Nolloth, Boithitong, Augrabies, Modderrivier)",Target achieved within previous quarters,None ,"Under performance in the 4th quarter, however, due to over performance in Q1 and Q2, the annual target is achieved as planned. (The DTSL reflected the following stations in the narrative report: Pella, Kanoneiland, Delportshoop, Sunrise, Groblershoop, Springbok, Deben, Vioolsdrift, Wrenchville) 
The department, however needs to ensure that these CPFs, reported, are functional, as per the TID and do not only reflect the assessments done.",23
Police, Safety and Liaison,Northern Cape,Programme 2: Provincial Secretariat for Police Service,Sub-Programme 2.5: Community Police Relations,Quarterly,Number of Work opportunities created through EPWP,Non-Standardized,Max,Priority 2: Economic Transformation And Job Creation,"Driver 1: Economic Transformation, Growth and Development","The Economic Sectors, Employment and Infrastructure Development cluster",76,78,76,78,76,79,76,81,76,81,81,Due to resignations and new appointees,,Annual target achieved and the output is aligned to the quarterly outputs reported during the year. ,,2 participants resigned during the quarter and were replaced to avoid under-expenditure ,None,The targets are aligned to the APP 2024-25. Performance is on track up to the 1st quarter. ,2 EPWP Safety Participants resigned and an additional 2 were recruited in the same period ,Address the target as set in the forthcoming quarters,Performance is on track with quarterly target achieved. ,3 participants resigned and we replaced them.,This is also to avoid underspending on both fundings in terms of resignations during the year.,Performance is on track up to the 3rd quarter. ,Due to resignations and new appointees,None ,Quarterly and annual target achieved.,23
