Sector,Institution,Programme,SubProgramme,Location,Frequency,Indicator,Type,SubType,Outcome,Priority,Cluster,Target_Q1,ActualOutput_Q1,Target_Q2,ActualOutput_Q2,Target_Q3,ActualOutput_Q3,Target_Q4,ActualOutput_Q4,AnnualTarget_Summary2,Preliminary_Summary2,PrelimaryAudited_Summary2,ReasonforDeviation_Summary,CorrectiveAction_Summary,OTP_Summary,ValidatedAudited_Summary2,ReasonforDeviation_Q1,CorrectiveAction_Q1,OTP_Q1,National_Q1,ReasonforDeviation_Q2,CorrectiveAction_Q2,OTP_Q2,National_Q2,ReasonforDeviation_Q3,CorrectiveAction_Q3,OTP_Q3,National_Q3,ReasonforDeviation_Q4,CorrectiveAction_Q4,OTP_Q4,National_Q4,UID
Basic Education,Education,Northern Cape,Programme 1:  Administration,Sub-Programme 1.5: Education Management Information System (EMIS),Annually,Percentage of expenditure going towards non- personnel items,Non-Standardized,Not  Applicable,"Priority 3: Education, Skills And Health",Driver 2: Social Equity and Human Welfare ,"The Social Protection, Community and Human Development cluster",,,,,,,27 %,27 %,27 %,27 %,24.4,Cash flow shortage to fund schools for Section 21 during the year under review ,Budget reprioritasation will be explored for 2025/26 ,Annual target not achieved as planned. Cash flow issues must be better forecasted and monitored quarterly.,,,,,,,,,,,,,,,,,,30
Basic Education,Education,Northern Cape,Programme 1:  Administration,Sub-Programme 1.5: Education Management Information System (EMIS),Quarterly,: Number of public schools that use the South African School Administration and Management System (SA-SAMS) or any alternative electronic solution to provide data,Non-Standardized,Max,"Priority 3: Education, Skills And Health",Driver 2: Social Equity and Human Welfare ,"The Social Protection, Community and Human Development cluster",554,554,554,"  


554",554,554,554,554,554,554,554,None ,None ,Target achieved as planned.,,,,Target achieved as planned,"There is  alignment between the targets in the e-QPR and the 2024/25 APP for all the quarters  of the  2024/25 financial year. The outcome for the 1st quarter of the 2024/25 financial year is 100% of the set target.
",,,"Target achieved as planned for Q2 , and to date performance is on track.","The PED is advised to insert the outcome for the quarter under review.
",,,"To date, performance is on track.","The PED has achieved 100% of the set target for the quarter under review.
",none applicable ,none applicable ,"To date, performance is on track. ","The PED has achieved 100% of the set target for the quarter under review. 
",30
Basic Education,Education,Northern Cape,Programme 1:  Administration,Sub-Programme 1.5: Education Management Information System (EMIS),Quarterly,Number of public schools that can be  contacted electronically (email),Non-Standardized,Max,"Priority 3: Education, Skills And Health",Driver 2: Social Equity and Human Welfare ,"The Social Protection, Community and Human Development cluster",554,554,554,"
554",554,554,554,554,554,554,554,None ,None ,Target achieved as planned.,,,,Target achieved as planned ,"There is  alignment between the targets in the e-QPR and the 2024/25 APP for all the quarters  of the  2024/25 financial year. The outcome for the 1st quarter of the 2024/25 financial year is 100% of the set target.
",,,"Target achieved as planned for Q2, and to date performance is on track.
","The PED is advised to insert the outcome for the quarter under review.
",,,"To date, performance is on track.","The PED has achieved 100% of the set target for the quarter under review.
",none applicable ,none applicable ,"To date, performance is on track. ","The PED has achieved 100%  of the set target for the quarter under review. 
",30
Basic Education,Education,Northern Cape,Programme 2.	Public Ordinary School Education,Sub-Programme 2.3: Human Resource Development,Annually,Number of foundation phase teachers trained in numeracy content and methodology,Non-Standardized,Not  Applicable,"Priority 3: Education, Skills And Health",Driver 2: Social Equity and Human Welfare ,"The Social Protection, Community and Human Development cluster",,,,,,,1825,183,1825,183,989,Cost containment measures and two of teachers'unions adopted a stance of working only for prescrbed time (work to rule) and this affected training as such (training) mostly scheduled after school hours.,None ,,,,,,,,,,,,,,,,,,,30
Basic Education,Education,Northern Cape,Programme 2.	Public Ordinary School Education,Sub-Programme 2.3: Human Resource Development,Annually,Number of foundation phase teachers trained in reading  methodology,Non-Standardized,Not  Applicable,"Priority 3: Education, Skills And Health",Driver 2: Social Equity and Human Welfare ,"The Social Protection, Community and Human Development cluster",,,,,,,1825,664,1825,664,1871,"Slightly more teachers were trained in the 1st Term before cost containment was implemented, which adversely affected other planned targets.  ",None ,,,,,,,,,,,,,,,,,,,30
Basic Education,Education,Northern Cape,Programme 2.	Public Ordinary School Education,Sub-Programme 2.3: Human Resource Development,Annually,Number of learners in no fee public ordinary schools that benefit in line with the National Norms and Standards for School Funding,Non-Standardized,Not  Applicable,"Priority 3: Education, Skills And Health",Driver 2: Social Equity and Human Welfare ,"The Social Protection, Community and Human Development cluster",197228,195633,,,,,,,197228,195633,195633,"Lessor learners were enrolled in no fee schools than the anticipated planned target for the 2024 Academic year.
",NONE,,,,,,,,,,,,,,,,,,,30
Basic Education,Education,Northern Cape,Programme 2.	Public Ordinary School Education,Sub-Programme 2.3: Human Resource Development,Annually,Number of schools provided with multi- media resources,Non-Standardized,Not  Applicable,"Priority 3: Education, Skills And Health",Driver 2: Social Equity and Human Welfare ,"The Social Protection, Community and Human Development cluster",,,,,,,15,10,15,10,10,Implemented cost conatinmentmeasures and the Department did not retable the 2024/25 APP where original targets would have been reviewed ,None ,,,,,,,,,,,,,,,,,,,30
Basic Education,Education,Northern Cape,Programme 2.	Public Ordinary School Education,Sub-Programme 2.3: Human Resource Development,Annually,Number of teachers trained in language content and methodology,Non-Standardized,Not  Applicable,"Priority 3: Education, Skills And Health",Driver 2: Social Equity and Human Welfare ,"The Social Protection, Community and Human Development cluster",,,,,,,2200,358,2200,358,1606,Cost containment measures and two of teachers'unions adopted a stance of working only for prescrbed time (work to rule) and this affected training as such (training) mostly scheduled after school hours.,None ,,,,,,,,,,,,,,,,,,,30
Basic Education,Education,Northern Cape,Programme 2.	Public Ordinary School Education,Sub-Programme 2.3: Human Resource Development,Annually,Number of teachers trained in mathematics content and methodology,Non-Standardized,Not  Applicable,"Priority 3: Education, Skills And Health",Driver 2: Social Equity and Human Welfare ,"The Social Protection, Community and Human Development cluster",,,,,,,1900,119,1900,119,1106,Cost containment measures and two of teachers'unions adopted a stance of working only for prescrbed time (work to rule) and this affected training as such (training) mostly scheduled after school hours.,None ,,,,,,,,,,,,,,,,,,,30
Basic Education,Education,Northern Cape,Programme 2.	Public Ordinary School Education,Sub-Programme 2.3: Human Resource Development,Annually,Percentage of learners in schools that are funded at a minimum level,Non-Standardized,Not  Applicable,"Priority 3: Education, Skills And Health",Driver 2: Social Equity and Human Welfare ,"The Social Protection, Community and Human Development cluster",29.8 %,100 %,,,,,,,29.8 %,100 %,0,"Cash flow shortage to fund schools for Section 21 


",Cash flow  repriotisation to be explored in 2025/26,,,,,,,,,,,,,,,,,,,30
Basic Education,Education,Northern Cape,Programme 2.	Public Ordinary School Education,Sub-Programme 2.3: Human Resource Development,Quarterly,Number of schools monitored on the implementation of EGRA tool,Non-Standardized,Not  Applicable,"Priority 3: Education, Skills And Health",Driver 2: Social Equity and Human Welfare ,"The Social Protection, Community and Human Development cluster",17,17,15,"
15",0,,18,7,50,39,27,Cost containment resulted in downscaling of programmes inclusive of monitoring of EGRA ,,"Annual target not achieved as planned. Department must quantify the cost containment issue (i.e., what was cut, why, and what impact it had). Propose clear corrective action, e.g., shifting unmet activities to 2025/26 with budget allocation.",,,,Target achieved as planned ,"There is  alignment between the targets in the e-QPR and the 2024/25 APP for all the quarters  of the  2024/25 financial year. The outcome for the 1st quarter of the 2024/25 financial year is 100% of the set target.
",,,"Target achieved as planned for Q2, and to date performance is on track.
"," The outcome for the 2nd  quarter of the 2024/25 financial year is 100% of the set target. 
",,,"No targer was planned for 3rd quarter, but to date performance is on track. ",,Cost containment ,,"To date, performance is not on track due to cost containment.","The PED has achieved 38,89%  of the set target for the quarter under review.   The variance is -11. The PED has provided a reason for the attainment of the quarterly target. 
",30
Basic Education,Education,Northern Cape,Programme 2.	Public Ordinary School Education,Sub-Programme 2.3: Human Resource Development,Quarterly,Number of schools provided with free sanitary towels,Non-Standardized,Max,"Priority 3: Education, Skills And Health",Driver 2: Social Equity and Human Welfare ,"The Social Protection, Community and Human Development cluster",360,42,360,"
98",360,0,360,80,360,98,245,Cost containment and lack of staff to deliver at schools,,"To ensure the effective delivery of sanitary towels to schools, it is recommended that the department strengthens both its logistical and staffing capacity. While previous quarters presented challenges, this presents an opportunity to reassess internal coordination, enhance interdepartmental collaboration, and implement targeted operational improvements. With focused intervention and strategic planning, the programme can be realigned to meet its goals and positively impact the health, dignity, and school attendance of young girls. Proactive steps such as appointing delivery personnel, leveraging existing school visits, and streamlining distribution systems will significantly improve performance in the upcoming financial year.






To ensure the effective delivery of sanitary towels to schools, it is recommended that the department strengthens both its logistical and staffing capacity. While previous quarters presented challenges, this presents an opportunity to reassess internal coordination, enhance interdepartmental collaboration, and implement targeted operational improvements. With focused intervention and strategic planning, the programme can be realigned to meet its goals and positively impact the health, dignity, and school attendance of young girls. Proactive steps such as appointing delivery personnel, leveraging existing school visits, and streamlining distribution systems will significantly improve performance in the upcoming financial year.










",,"Late delivery by supplier
(06 June 2024)",Sanitary towels will be delivered from the 16th July 2024 directly to schools.,Target not achieved as planned and the reason for deviation is noted.,"There is  alignment between the targets in the e-QPR and the 2024/25 APP for all the quarters  of the  2024/25 financial year. The outcome for the 1st quarter of the 2024/25 financial year is 11,7% of the set target. The variance is -318, The PED has provided a reason for the attainment of the outcome for the period under review. The PED is advised to monitor the outcome of the corrective action to be undertaken.
",Cost containment and lack of staff to deliver at district office and schools,,"The target was not met as planned for both quarters 1 and 2, and performance to date is not on track. The issue of delivering from district offices to schools has been ongoing since the previous financial year. The department is asked to outline how this challenge will be addressed. "," The outcome for the 2nd  quarter of the 2024/25 financial year is 27% of the set target. The variance is -262. The PED has provided a reason for the attainment of the outcome for the quarter under review. The PED is advised to insert a corrective action that will be undertaken.

",Sanitary towels delivered to all district offices must still be dispatched to the schools ,"Given the lack of appointment of officials designated to deliver sanitary towels, the Programme Manager must coordinate with officials visiting schools to ensure ongoing timeous delivery throughout the year  ","To date, performance is not on track. Cost containment and lack of staff to deliver at district offices and schools still remain a challenge. ","The PED has achieved 0% of the set target for the quarter under review. The variance  is -360. The PED has provided a reason for the attainment of the outcome. It is advised that the corrective action to be undertaken is monitored.  Has the PED checked what was the impact  on schools due to the non-delivery of the sanitary towels. Further will be sanitary towels be delivered early in the 4th quarter.
",Department unable to deliver to schools due to none appointment of personnel. ,,"To date, performance is not on track due to cost containment","
The PED has achieved 22,22%  of the set target for the quarter under review.   The variance is -280. The PED has provided a reason for the attainment  of the quarterly target. 
",30
Basic Education,Education,Northern Cape,Programme 3: Independent School Subsidies,Sub-Programme 3.2: Secondary Level,Annually, Percentage of registered independent schools receiving subsidies ,Non-Standardized,Not  Applicable,"Priority 3: Education, Skills And Health",Driver 2: Social Equity and Human Welfare ,"The Social Protection, Community and Human Development cluster",11.90 %,10.86 %,,,,,,,11.90 %,10.86 %,10.86,"Due to budgetary constraints the NCDoE is only in a position to subsidize 5 of 46 registered independent schools
",None ,,,,,,,,,,,,,,,,,,,30
Basic Education,Education,Northern Cape,Programme 3: Independent School Subsidies,Sub-Programme 3.2: Secondary Level,Quarterly,Number of learners subsidised at registered independent schools ,Non-Standardized,Max,"Priority 3: Education, Skills And Health",Driver 2: Social Equity and Human Welfare ,"The Social Protection, Community and Human Development cluster",1962,1932,1962,"
1932",1962,1932,1962,1962,1962,1962,1962,None ,None ,,,Lessor learners  enrolled as anticipated/projected for the 2024/25 academic year,,The actual output for Q1 is to be provided in the final submission.,"There is  alignment between the targets in the e-QPR and the 2024/25 APP for all the quarters  of the  2024/25 financial year. The PED is advised to insert the outcome for the quarter under review.
",Lessor learners enrolled than anticipated,,The target was not achieved as planned and the reason for deviation is noted.," The outcome for the 2nd  quarter of the 2024/25 financial year is 98% of the set target. The variance is -30. The PED has provided a reason for the attainment of the outcome for the quarter under review. 
",Lessor learners enrolled than anticipated,,"To date, performance is on track. ","The PED has achieved 100% of the set target for the quarter under review.
",,,Actual output not provided. The information to be provided in the final submission.,"The PED is advised to insert the outcome for the quarter under review.
",30
Basic Education,Education,Northern Cape,Programme 4:  Public Special School Education,Sub-Programme 4.2: Human Resource Development,Annually,Number of learners in public special schools,Non-Standardized,Not  Applicable,"Priority 3: Education, Skills And Health",Driver 2: Social Equity and Human Welfare ,"The Social Protection, Community and Human Development cluster",1759,1781,,,,,,,1759,1781,1781,Slightly more learners than anticipated registered in Public Special Schools ,None ,,,,,,,,,,,,,,,,,,,30
Basic Education,Education,Northern Cape,Programme 4:  Public Special School Education,Sub-Programme 4.2: Human Resource Development,Quarterly,Number of therapists/specialist staff in public special school,Non-Standardized,Max,"Priority 3: Education, Skills And Health",Driver 2: Social Equity and Human Welfare ,"The Social Protection, Community and Human Development cluster",17,10,17,"
10",17,10,17,12,17,12,12,None filling of Specialists posts.,Vacant posts have been advertised in March 2025.,,,Awaiting HR   recruitment process.,,The target was not achieved as planned.,"There is  alignment between the targets in the e-QPR and the 2024/25 APP for all the quarters  of the  2024/25 financial year. The outcome for the 1st quarter of the 2024/25 financial year is 58,8% of the set target. The variance is -7, The PED has provided a reason for the attainment of the outcome for the period under review. 
",No post advertised due to cost containment measures,,"Underperformance has been observed in both quarter 1 and quarter 2, leading to the current performance being off track. The department is asked to specify the effects of the shortage of specialist staff on schools and students, and identify the schools that are most affected."," The outcome for the 2nd  quarter of the 2024/25 financial year is 98% of the set target. The variance is -30. The PED has provided a reason for the attainment of the outcome for the quarter under review. 
",No post advertised due to cost containment measures,,"To date, performance is not on track. Additional staff could not be appointed due to cost containments. ","The PED has achieved 58.8% of the set target for the quarter under review. The variance  is -7. The PED has provided a reason for the attainment of the outcome. 
",Resignation and overall non appointment of Specialists.,A total of eight posts have since been advertised during March 2025 with intend to fill by start of May. ,"Target was not achieved, and to date performance is not on track. The department is requested to give progress on the 8 advertised posts. ","The PED has achieved 70,59%  of the set target for the quarter under review.   The variance is -5. The PED has provided a reason for the attainment  of the quarterly target. The outcome of the corrective action to be undertaken should be monitored.
",30
Basic Education,Education,Northern Cape,Programme 5:  Early Childhood Development,Sub-Programme 5.4: Human Resource Development,Annually,Number of children accessing registered ECD Programmes ,Non-Standardized,Not  Applicable,"Priority 3: Education, Skills And Health",Driver 2: Social Equity and Human Welfare ,"The Social Protection, Community and Human Development cluster",,,,,,,13600,20582,13600,20582,21091,Number of registered ECD programmes was higher thus enabling more children to access the services,,,,,,,,,,,,,,,,,,,,30
Basic Education,Education,Northern Cape,Programme 5:  Early Childhood Development,Sub-Programme 5.4: Human Resource Development,Annually,Number of registered ECD programmes ,Non-Standardized,Not  Applicable,"Priority 3: Education, Skills And Health",Driver 2: Social Equity and Human Welfare ,"The Social Protection, Community and Human Development cluster",,,,,,,300,392,300,392,392,New ECD programmes were registered due to an extension of registration period,,,,,,,,,,,,,,,,,,,,30
Basic Education,Education,Northern Cape,Programme 5:  Early Childhood Development,Sub-Programme 5.4: Human Resource Development,Quarterly,Number of public schools that offer Grade R ,Non-Standardized,Max,"Priority 3: Education, Skills And Health",Driver 2: Social Equity and Human Welfare ,"The Social Protection, Community and Human Development cluster",364,364,364,"
364",364,364,364,364,364,364,368, Slightly more Grade R classes were established.,None.,,,,,The target was achieved as planned.,"There is  alignment between the targets in the e-QPR and the 2024/25 APP for all the quarters  of the  2024/25 financial year. The outcome for the 1st quarter of the 2024/25 financial year is 100% of the set target.
",,,"Target as achieved as planned for both quarters 1 and 2, and to date performance is on track. "," The outcome for the 2nd  quarter of the 2024/25 financial year is 100% of the set target. 
",,,"To date, performance is on track. ","The PED has achieved 100% of the set target for the quarter under review.
",,,"To date, performance is on track. ","The PED has achieved 100%  of the set target for the quarter under review. 
",30
Basic Education,Education,Northern Cape,Programme 6:  Infrastructure Development,Sub-Programme 6.2: Public Ordinary Schools,Annually,Number of schools provided with new or additional boarding facilities,Non-Standardized,Not  Applicable,"Priority 3: Education, Skills And Health",Driver 2: Social Equity and Human Welfare ,"The Social Protection, Community and Human Development cluster",,,,,,,1.1,0,1.1,0,0,"The reported deviation is due to an incorrectly populated target; the correct target for 2024/25 should have been 0. Although 1 hostel is currently under construction, it was not scheduled for completion in 2024/25 as the contractor has been terminated.",Adjust target to reflect 0	,,,,,,,,,,,,,,,,,,,30
Basic Education,Education,Northern Cape,Programme 6:  Infrastructure Development,Sub-Programme 6.2: Public Ordinary Schools,Annually,Number of schools where scheduled maintenance projects were completed,Non-Standardized,Not  Applicable,"Priority 3: Education, Skills And Health",Driver 2: Social Equity and Human Welfare ,"The Social Protection, Community and Human Development cluster",,,,,,,56,24,56,24,24,"Due to prior budget cuts and severe overcommitment on capital projects, appointing additional contractors would have further overcommitted the Department. As a result, some of the targeted maintenance projects were placed on hold during the planning stages. However, 25 projects are currently in construction, although they have not reached completion in 2024/25.",Improve integration between budget availability and project planning to avoid overcommitment.	,,,,,,,,,,,,,,,,,,,30
Basic Education,Education,Northern Cape,Programme 6:  Infrastructure Development,Sub-Programme 6.2: Public Ordinary Schools,Annually,The percentage of public ordinary schools where upgrades or additional supply was provided in terms of electricity in line with agreed norms and standards,Non-Standardized,Not  Applicable,"Priority 3: Education, Skills And Health",Driver 2: Social Equity and Human Welfare ,"The Social Protection, Community and Human Development cluster",,,,,,,1.1 %,3.3 %,1.1 %,3.3 %,3.3,"This overachievement resulted from the completion of rollover projects, faster delivery on current projects, and the extension of electrical connections to mobile classrooms provided to address learner admission challenges. Although not originally targeted under this indicator, the mobile units required full service connections. Electricity access is a high priority and electricity-related challenges are addressed with urgency.",Improve planning and project tracking to avoid carryovers by aligning implementation schedules with financial year targets.	,,,,,,,,,,,,,,,,,,,30
Basic Education,Education,Northern Cape,Programme 6:  Infrastructure Development,Sub-Programme 6.2: Public Ordinary Schools,Annually,The percentage of public ordinary schools where upgrades or additional supply was provided in terms of sanitation in line with agreed norms and standards,Non-Standardized,Not  Applicable,"Priority 3: Education, Skills And Health",Driver 2: Social Equity and Human Welfare ,"The Social Protection, Community and Human Development cluster",,,,,,,1.1 %,2.4 %,1.1 %,2.4 %,2.4,"""The overachievement in sanitation provision is due to the finalization of projects from prior years and efficient construction progress during 2024/25. Sanitation remains a key priority, given its critical role in schooling, and any challenges are addressed with urgency.
""",Improve planning and project tracking to avoid carryovers by aligning implementation schedules with financial year targets.	,,,,,,,,,,,,,,,,,,,30
Basic Education,Education,Northern Cape,Programme 6:  Infrastructure Development,Sub-Programme 6.2: Public Ordinary Schools,Annually,The percentage of public ordinary schools where upgrades or additional supply was provided in terms of water in line with agreed norms and standards,Non-Standardized,Not  Applicable,"Priority 3: Education, Skills And Health",Driver 2: Social Equity and Human Welfare ,"The Social Protection, Community and Human Development cluster",,,,,,,1.1 %,1.5 %,1.1 %,1.5 %,1.5,"The overachievement is attributed to the completion of additional water supply projects carried over from previous financial years, along with accelerated progress on ongoing projects. Providing basic services such as water remains a high priority, and water-related challenges are addressed with urgency.",Improve planning and project tracking to avoid carryovers by aligning implementation schedules with financial year targets.	,,,,,,,,,,,,,,,,,,,30
Basic Education,Education,Northern Cape,Programme 7: Examination and Education Related Services,Sub-Programme 7.3: External Examinations,Annually,Number of secondary schools with National Senior Certificate (NSC) pass rate of 60% and above,Non-Standardized,Not  Applicable,"Priority 3: Education, Skills And Health",Driver 2: Social Equity and Human Welfare ,"The Social Protection, Community and Human Development cluster",,,,,130,139,,,130,139,139,"Improved performance due to more focused support
to both subject teacher and learner",,,,,,,,,,,,,,,,,,,,30
Basic Education,Education,Northern Cape,Programme 7: Examination and Education Related Services,Sub-Programme 7.3: External Examinations,Annually,Percentage of Grade 12 learners achieving 60% or more in Physical Sciences,Non-Standardized,Not  Applicable,"Priority 3: Education, Skills And Health",Driver 2: Social Equity and Human Welfare ,"The Social Protection, Community and Human Development cluster",,,,,18 %,12.0 %,,,18 %,12.0 %,12.0,Participation rate declined and impacted on outcomes,,,,,,,,,,,,,,,,,,,,30
Basic Education,Education,Northern Cape,Programme 7: Examination and Education Related Services,Sub-Programme 7.3: External Examinations,Annually,Percentage of Grade 12 learners achieving	60%	and	above	in Mathematics,Non-Standardized,Not  Applicable,"Priority 3: Education, Skills And Health",Driver 2: Social Equity and Human Welfare ,"The Social Protection, Community and Human Development cluster",,,,,18 %,14.8 %,,,18 %,14.8 %,14.8,Participation rate declined and impacted on outcomes,,,,,,,,,,,,,,,,,,,,30
Basic Education,Education,Northern Cape,Programme 7: Examination and Education Related Services,Sub-Programme 7.3: External Examinations,Annually,Percentage of Grade 12 learners passing at the Bachelor Pass level,Non-Standardized,Not  Applicable,"Priority 3: Education, Skills And Health",Driver 2: Social Equity and Human Welfare ,"The Social Protection, Community and Human Development cluster",,,,,34 %,38.6 %,,,34 %,38.6 %,38.6,"Improved performance due to more focused support
to both subject teacher and learner",,,,,,,,,,,,,,,,,,,,30
Basic Education,Education,Northern Cape,Programme 7: Examination and Education Related Services,Sub-Programme 7.3: External Examinations,Annually,Percentage of learners who passed the National Senior Certificate (NSC) examination,Non-Standardized,Not  Applicable,"Priority 3: Education, Skills And Health",Driver 2: Social Equity and Human Welfare ,"The Social Protection, Community and Human Development cluster",,,,,80 %,84.2 %,,,80 %,84.2 %,84.2,"Improved performance due to more focused support
to both subject teacher and learner",,,,,,,,,,,,,,,,,,,,30
