Sector,Institution,Programme,SubProgramme,Location,Frequency,Indicator,Type,SubType,Outcome,Priority,Cluster,Target_Q1,ActualOutput_Q1,ReasonforDeviation_Q1,CorrectiveAction_Q1,OTP_Q1,Target_Q2,ActualOutput_Q2,ReasonforDeviation_Q2,CorrectiveAction_Q2,OTP_Q2,Target_Q3,ActualOutput_Q3,ReasonforDeviation_Q3,CorrectiveAction_Q3,OTP_Q3,Target_Q4,ActualOutput_Q4,ReasonforDeviation_Q4,CorrectiveAction_Q4,OTP_Q4,AnnualTarget_Summary2,Preliminary_Summary2,PrelimaryAudited_Summary2,ReasonforDeviation_Summary,CorrectiveAction_Summary,ValidatedAudited_Summary2,UID
,Free State: Office of the Premier,Free State,Programme 1:  Administration,1.1 Premier's Support ,Quarterly,Management report,Non-Standardized,Not  Applicable,"Priority 1: A Capable, Ethical and Developmental State",Good governance,"Governance, State Capacity and Institutional Development cluster",1,1,,,Achieved.,1,1,,,Achieved,1,1,,,,1,1,,,Performance noted.,4,4,4,,,,165
,Free State: Office of the Premier,Free State,Programme 1:  Administration,1.1 Premier's Support ,Quarterly,Report on parliamentary activities ,Non-Standardized,Not  Applicable,"Priority 1: A Capable, Ethical and Developmental State",Good governance,"Governance, State Capacity and Institutional Development cluster",1,1,,,Achieved.,1,1,,,Achieved,1,1,,,Achieved,1,1,,,,4,4,4,,,,165
,Free State: Office of the Premier,Free State,Programme 1:  Administration,1.2 Executive Council Support ,Quarterly,Report on the implementation of the Clusters Resolutions ,Non-Standardized,Not  Applicable,"Priority 1: A Capable, Ethical and Developmental State",Good governance,"Governance, State Capacity and Institutional Development cluster",4,4,,,Achieved.,4,4,,,Achieved,4,4,,,Achieved. ,4,4,,,Performance noted.,16,16,16,,,,165
,Free State: Office of the Premier,Free State,Programme 1:  Administration,1.2 Executive Council Support ,Quarterly,Report on the implementation of the Executive Council Resolutions ,Non-Standardized,Not  Applicable,"Priority 1: A Capable, Ethical and Developmental State",Good governance,"Governance, State Capacity and Institutional Development cluster",1,1,,,Achieved.,1,1,,,Achieved,1,1,,,,1,1,,,,4,4,4,,,,165
,Free State: Office of the Premier,Free State,Programme 1:  Administration,1.2 Executive Council Support ,Quarterly,Reports on the implementation of the Forum of Heads of Departments (FOHOD) Resolutions,Non-Standardized,Not  Applicable,"Priority 1: A Capable, Ethical and Developmental State",Good governance,"Governance, State Capacity and Institutional Development cluster",1,1,,,Achieved.,1,1,,,Achieved,1,1,,,,1,1,,,,4,4,4,,,,165
,Free State: Office of the Premier,Free State,Programme 1:  Administration,1.3 Director General ,Quarterly,Favourable Audit Opinion,Non-Standardized,Not  Applicable,"Priority 1: A Capable, Ethical and Developmental State",Good governance,"Governance, State Capacity and Institutional Development cluster",0,0,,,Not planned for the quarter.,1,0,Qualified Audit Outcome,Audit Action Plan,,0,0,,,Not planned for the quarter.,0,0,,,,1,0,0,Qualified Audit,Audit Action Plan,,165
,Free State: Office of the Premier,Free State,Programme 1:  Administration,1.3 Director General ,Quarterly,Percentage of output indicators in the Annual Performance Plan achieved,Non-Standardized,Average,"Priority 1: A Capable, Ethical and Developmental State",Good governance,"Governance, State Capacity and Institutional Development cluster",90 %,99 %,,,Achieved.,90 %,97 %,,,"Although over-achieved, what is the reason for this deviation?",90 %,97 %,,,"Although over achieved, what is the reason for over achievement?",90 %,97 %,,,Any overachievement must be accompanied by a clear reason for deviation when reporting. This ensures transparency and maintains alignment with the original plans submitted.,90 %,"97,5 %",97.5,Establishment of a quality control committee ,Re-evaluate target,,165
,Free State: Office of the Premier,Free State,Programme 1:  Administration,1.3 Director General ,Quarterly,Report on the implementation of decisions of the Executive and Senior Management meetings,Non-Standardized,Not  Applicable,"Priority 1: A Capable, Ethical and Developmental State",Good governance,"Governance, State Capacity and Institutional Development cluster",1,1,,,Achieved.,1,1,,,,1,1,,,,1,1,,,,4,4,4,,,,165
,Free State: Office of the Premier,Free State,Programme 1:  Administration,1.4 Internal Audit,Quarterly,Number of internal audits conducted,Non-Standardized,Not  Applicable,"Priority 1: A Capable, Ethical and Developmental State",Good governance,"Governance, State Capacity and Institutional Development cluster",3,3,,,Achieved.,3,3,,,Achieved,3,3,,,,3,3,,,,12,12,12,,,,165
,Free State: Office of the Premier,Free State,Programme 1:  Administration,1.4 Internal Audit,Quarterly,Report on the implementation of Internal Audit recommendations,Non-Standardized,Not  Applicable,"Priority 1: A Capable, Ethical and Developmental State",Good governance,"Governance, State Capacity and Institutional Development cluster",0,0,,,Not planned for the quarter.,1,1,,,Achieved,0,0,,,Not planned for the quarter.,1,1,,,Performance noted.,2,2,2,,,,165
,Free State: Office of the Premier,Free State,Programme 1:  Administration,1.4 Internal Audit,Quarterly,Report on the implementation of the Shared Audit Committee decisions,Non-Standardized,Not  Applicable,"Priority 1: A Capable, Ethical and Developmental State",Good governance,"Governance, State Capacity and Institutional Development cluster",1,1,,,Achieved.,1,1,,,Achieved,1,1,,,,1,1,,,,4,4,4,,,,165
,Free State: Office of the Premier,Free State,Programme 1:  Administration,1.5  Security and Integrity Management,Quarterly,Percentage of Anti-Corruption cases resolved in the FSPG,Non-Standardized,Average,"Priority 1: A Capable, Ethical and Developmental State",Good governance,"Governance, State Capacity and Institutional Development cluster",80 %,80 %,,,Achieved.,80 %,80 %,,,Achieved,80 %,80 %,,,,80 %,80 %,,,,80 %,80 %,80,,,,165
,Free State: Office of the Premier,Free State,Programme 1:  Administration,1.5  Security and Integrity Management,Quarterly,Report on Implementation of a Fraud Prevention and Detection Plan,Non-Standardized,Not  Applicable,"Priority 1: A Capable, Ethical and Developmental State",Good governance,"Governance, State Capacity and Institutional Development cluster",1,1,,,Achieved.,1,1,,,,1,1,,,Achieved.,1,1,,,Performance noted.,4,4,4,,,,165
,Free State: Office of the Premier,Free State,Programme 1:  Administration,1.5  Security and Integrity Management,Quarterly,Report on Information Security Compliance,Non-Standardized,Not  Applicable,"Priority 1: A Capable, Ethical and Developmental State",Good governance,"Governance, State Capacity and Institutional Development cluster",1,1,,,Achieved.,1,1,,,Achieved,1,1,,,,1,1,,,,4,4,4,,,,165
,Free State: Office of the Premier,Free State,Programme 1:  Administration,1.5  Security and Integrity Management,Quarterly,Report on Physical Security Compliance ,Non-Standardized,Not  Applicable,"Priority 1: A Capable, Ethical and Developmental State",Good governance,"Governance, State Capacity and Institutional Development cluster",1,1,,,Achieved.,1,1,,,Achieved,1,1,,,Achieved.,1,1,,,Performance noted.,4,4,4,,,,165
,Free State: Office of the Premier,Free State,Programme 1:  Administration,1.6 Financial Management,Quarterly,In-year-monitoring reports,Non-Standardized,Not  Applicable,"Priority 1: A Capable, Ethical and Developmental State",Good governance,"Governance, State Capacity and Institutional Development cluster",3,3,,,Achieved.,3,3,,,,3,3,,,Achieved.,3,3,,,Performance noted.,12,12,12,,,,165
,Free State: Office of the Premier,Free State,Programme 1:  Administration,1.6 Financial Management,Quarterly,Percentage of supply chain service providers appointed according to Supply Chain Management (SCM) process,Non-Standardized,Average,"Priority 1: A Capable, Ethical and Developmental State",Good governance,"Governance, State Capacity and Institutional Development cluster",100 %,100 %,,,Achieved.,100 %,100 %,,,Achieved,100 %,100 %,,,Achieved.,100 %,100 %,,,Performance noted.,100 %,100 %,100,,,,165
,Free State: Office of the Premier,Free State,Programme 1:  Administration,1.6 Financial Management,Quarterly,Percentage of supply chain service providers paid within 30 days,Non-Standardized,Average,"Priority 1: A Capable, Ethical and Developmental State",Good governance,"Governance, State Capacity and Institutional Development cluster",100 %,100 %,,,Achieved.,100 %,100 %,,,,100 %,100 %,,,,100 %,100 %,,,,100 %,100 %,100,,,,165
,Free State: Office of the Premier,Free State,Programme 1:  Administration,1.6 Financial Management,Quarterly,Percentage reduction in irregular fruitless and wasteful expenditure,Non-Standardized,Average,"Priority 1: A Capable, Ethical and Developmental State",Good governance,"Governance, State Capacity and Institutional Development cluster",0 %,0 %,,,Not planned for the quarter.,15 %,15 %,,,Achieved,0 %,0 %,,,Not planned for the quarter.,0 %,0 %,,,,15 %,"3,75 %",15,EQPRS Calculation error,DPME,,165
,Free State: Office of the Premier,Free State,Programme 1:  Administration,1.6 Financial Management,Quarterly,Percentage reduction in unauthorised expenditure,Non-Standardized,Average,"Priority 1: A Capable, Ethical and Developmental State",Good governance,"Governance, State Capacity and Institutional Development cluster",0 %,0 %,,,Not planned for the quarter.,100 %,100 %,,,Achieved,0 %,0 %,,,Not planned for the quarter.,0 %,0 %,,,Not scheduled for the quarter.,100 %,25 %,100,EQPRS Calculation error,DPME,,165
,Free State: Office of the Premier,Free State,Programme 1:  Administration,1.7 Risk and Ethics Management,Quarterly,Percentage of designated employees submitted their Financial Disclosure,Non-Standardized,Average,"Priority 1: A Capable, Ethical and Developmental State",Good governance,"Governance, State Capacity and Institutional Development cluster",0 %,0 %,,,Not planned for the quarter.,0 %,0 %,,,Due in Q3,100 %,100 %,,,Achieved.,0 %,0 %,,,Not scheduled for the quarter.,100 %,25 %,100,EQPRS Calculation error,DPME,,165
,Free State: Office of the Premier,Free State,Programme 1:  Administration,1.7 Risk and Ethics Management,Quarterly,Report of Audit Action Plan corrective measures implemented,Non-Standardized,Not  Applicable,"Priority 1: A Capable, Ethical and Developmental State",Good governance,"Governance, State Capacity and Institutional Development cluster",1,1,,,Achieved.,1,1,,,,1,1,,,,1,1,,,,4,4,4,,,,165
,Free State: Office of the Premier,Free State,Programme 1:  Administration,1.7 Risk and Ethics Management,Quarterly,Report on the compliance findings and remedial action of the financial disclosure process,Non-Standardized,Not  Applicable,"Priority 1: A Capable, Ethical and Developmental State",Good governance,"Governance, State Capacity and Institutional Development cluster",0,0,,,Not planned for the quarter.,0,0,,,Due in Q4,0,0,,,Not planned for the quarter. ,1,1,,,,1,1,1,,,,165
,Free State: Office of the Premier,Free State,Programme 1:  Administration,1.7 Risk and Ethics Management,Quarterly,Report on the implementation of the Risk and ethics  Management Plan,Non-Standardized,Not  Applicable,"Priority 1: A Capable, Ethical and Developmental State",Good governance,"Governance, State Capacity and Institutional Development cluster",1,1,,,Achieved.,1,1,,,Achieved,1,1,,,Achieved.,1,1,,,Performance noted.,4,4,4,,,,165
,Free State: Office of the Premier,Free State,Programme 1:  Administration,1.7 Risk and Ethics Management,Quarterly,"Report on the investigation-Irregular, Fruitless and Wasteful expenditure",Non-Standardized,Not  Applicable,"Priority 1: A Capable, Ethical and Developmental State",Good governance,"Governance, State Capacity and Institutional Development cluster",1,1,,,Achieved.,1,1,,,Achieved,1,1,,,Achieved.,1,1,,,Performance noted.,4,4,4,,,,165
,Free State: Office of the Premier,Free State,Programme 2: Institutional Development,2.1 Strategic Human Resource Management ,Quarterly,"Number of recruitment reports on the status of women in SMS, Persons with Disabilities and Youth in the Department appointed in critical funded posts",Non-Standardized,Not  Applicable,"Priority 1: A Capable, Ethical and Developmental State",Good governance,"Governance, State Capacity and Institutional Development cluster",1,1,,,Achieved.,1,1,,,Achieved,0,0,,,Not planned for the quarter. ,1,1,,,Performance noted.,3,3,3,,,,165
,Free State: Office of the Premier,Free State,Programme 2: Institutional Development,2.1 Strategic Human Resource Management ,Quarterly,Number of reports on HR Planning and compliance,Non-Standardized,Not  Applicable,"Priority 1: A Capable, Ethical and Developmental State",Good governance,"Governance, State Capacity and Institutional Development cluster",1,1,,,Achieved.,1,1,,,Achieved,0,0,,,Not planned for the quarter. ,0,0,,,Not scheduled for the quarter.,2,2,2,,,,165
,Free State: Office of the Premier,Free State,Programme 2: Institutional Development,2.1 Strategic Human Resource Management ,Quarterly,Number of reports on transversal HR Governance and Coordination,Non-Standardized,Not  Applicable,"Priority 1: A Capable, Ethical and Developmental State",Good governance,"Governance, State Capacity and Institutional Development cluster",1,1,,,Achieved.,1,1,,,Achieved,1,1,,,Achieved,1,1,,,,4,4,4,,,,165
,Free State: Office of the Premier,Free State,Programme 2: Institutional Development,2.2  Free State Training and Development Institute,Quarterly,Departmental HRD Implementation Plan ,Non-Standardized,Not  Applicable,"Priority 1: A Capable, Ethical and Developmental State",Good governance,"Governance, State Capacity and Institutional Development cluster",1,1,,,Achieved.,0,0,,,Not planned for the quarter,0,0,,,Not planned for the quarter. ,0,0,,,Not scheduled for the quarter,1,1,1,,,,165
,Free State: Office of the Premier,Free State,Programme 2: Institutional Development,2.2  Free State Training and Development Institute,Quarterly,Number of training opportunities provided,Non-Standardized,Not  Applicable,"Priority 1: A Capable, Ethical and Developmental State",Good governance,"Governance, State Capacity and Institutional Development cluster",12,23,Due to increased demand for NQF level 6 and 7 qualifications as funded by NSG,,Achieved.,20,41,"FSTDI deviated from its targets due to increased demand for National Certificate Level 4.5 and National Diploma NQF Level 6 and Advanced Diploma NQF Level 7 qualifications.
NSG funded a basket of mandatory and compulsory courses which affected the quarterly targets. The numbers of learners increased due PSETA funded Skills Programmes.
",Adjust targets in next APP,Noted,18,34,FSTDI has exceeded their performance target due to NSG and PSETA funded compulsory and mandatory courses,Adjust target in new APP,,6,32,FSTDI has exceeded their performance due to NSG and PSETA funded compulsory and mandatory courses. The demand has increased for the new QCTO Occupational qualification which is being rolled out.,Review targets for the indicator in the next APP cycle,,56,130,130,Due to increase in demand for training ,Adjust target in next APP,,165
,Free State: Office of the Premier,Free State,Programme 2: Institutional Development,2.2  Free State Training and Development Institute,Quarterly,Progress report on the Implementation of the HRD Plan ,Non-Standardized,Not  Applicable,"Priority 1: A Capable, Ethical and Developmental State",Good governance,"Governance, State Capacity and Institutional Development cluster",0,0,,,Not planned for the quarter.,1,1,,,Achieved,0,0,,,Not planned for the quarter. ,0,0,,,Not scheduled for the quarter.,1,1,1,,,,165
,Free State: Office of the Premier,Free State,Programme 2: Institutional Development,2.2  Free State Training and Development Institute,Quarterly,Report on the implementation of coordination and transversal responsibility of the Unit,Non-Standardized,Not  Applicable,"Priority 1: A Capable, Ethical and Developmental State",Good governance,"Governance, State Capacity and Institutional Development cluster",0,0,,,Not planned for the quarter.,1,1,,,Achieved,0,0,,,Not planned for the quarter. ,1,1,,,Performance noted.,2,2,2,,,,165
,Free State: Office of the Premier,Free State,Programme 2: Institutional Development,2.3  Provincial Skills Development Coordination,Quarterly,Report on implementation of Skills Development Programmes,Non-Standardized,Not  Applicable,"Priority 1: A Capable, Ethical and Developmental State",Good governance,"Governance, State Capacity and Institutional Development cluster",1,1,,,Achieved.,1,1,,,Achieved,1,1,,,,1,1,,,,4,4,4,,,,165
,Free State: Office of the Premier,Free State,Programme 2: Institutional Development,2.3  Provincial Skills Development Coordination,Quarterly,Report on the implementation of coordination and transversal responsibility of the Unit,Non-Standardized,Not  Applicable,"Priority 1: A Capable, Ethical and Developmental State",Good governance,"Governance, State Capacity and Institutional Development cluster",1,1,,,Achieved.,1,1,,,Achieved,1,1,,,,1,1,,,,4,4,4,,,,165
,Free State: Office of the Premier,Free State,Programme 2: Institutional Development,2.3  Provincial Skills Development Coordination,Quarterly,Report on the initiatives to place Graduates in terms of the Graduate Development Programme,Non-Standardized,Not  Applicable,"Priority 1: A Capable, Ethical and Developmental State",Good governance,"Governance, State Capacity and Institutional Development cluster",1,1,,,Achieved.,1,1,,,Achieved,1,1,,,Achieved.,1,1,,,Performance noted.,4,4,4,,,,165
,Free State: Office of the Premier,Free State,Programme 2: Institutional Development,2.4  Organisational Development,Quarterly,Reports on implementation of the Performance Management and Development System ,Non-Standardized,Not  Applicable,"Priority 1: A Capable, Ethical and Developmental State",Good governance,"Governance, State Capacity and Institutional Development cluster",2,2,,,Achieved.,1,1,,,Achieved,1,1,,,Achieved.,1,1,,,Performance noted.,5,5,5,,,,165
,Free State: Office of the Premier,Free State,Programme 2: Institutional Development,2.4  Organisational Development,Quarterly,"Reports on organizational efficiencies, organisational structure, job descriptions and grading of jobs of the Office of the Premier",Non-Standardized,Not  Applicable,"Priority 1: A Capable, Ethical and Developmental State",Good governance,"Governance, State Capacity and Institutional Development cluster",1,1,,,Achieved.,1,1,,,,1,1,,,,1,1,,,,4,4,4,,,,165
,Free State: Office of the Premier,Free State,Programme 2: Institutional Development,2.4  Organisational Development,Quarterly,Reports on service delivery planning and implementation ,Non-Standardized,Not  Applicable,"Priority 1: A Capable, Ethical and Developmental State",Good governance,"Governance, State Capacity and Institutional Development cluster",1,1,,,Achieved.,1,1,,,Achieved,1,1,,,Achieved.,1,1,,,Performance noted.,4,4,4,,,,165
,Free State: Office of the Premier,Free State,Programme 2: Institutional Development,2.4  Organisational Development,Quarterly,Reports on transversal OD governance and coordination ,Non-Standardized,Not  Applicable,"Priority 1: A Capable, Ethical and Developmental State",Good governance,"Governance, State Capacity and Institutional Development cluster",1,1,,,Achieved.,1,1,,,,1,1,,,,1,1,,,,4,4,4,,,,165
,Free State: Office of the Premier,Free State,Programme 2: Institutional Development,2.5 Information and Communication Technology ,Quarterly,Report on departmental corporate governance of ICT and operations (ICT Steering Committee and operational support),Non-Standardized,Not  Applicable,"Priority 1: A Capable, Ethical and Developmental State",Good governance,"Governance, State Capacity and Institutional Development cluster",2,2,,,Achieved.,2,2,,,Achieved,2,2,,,Achieved.,2,2,,,,8,8,8,,,,165
,Free State: Office of the Premier,Free State,Programme 2: Institutional Development,2.5 Information and Communication Technology ,Quarterly,Reports on transversal corporate governance of ICT and coordination (PGITOC and strategic support),Non-Standardized,Not  Applicable,"Priority 1: A Capable, Ethical and Developmental State",Good governance,"Governance, State Capacity and Institutional Development cluster",1,1,,,Achieved.,1,1,,,Achieved,1,1,,,Achieved.,1,1,,,Performance noted.,4,4,4,,,,165
,Free State: Office of the Premier,Free State,Programme 2: Institutional Development,2.6  Legal Services,Quarterly,Number of legal awareness/sessions/training documents on litigation trends and legal developments,Non-Standardized,Not  Applicable,"Priority 1: A Capable, Ethical and Developmental State",Good governance,"Governance, State Capacity and Institutional Development cluster",5,5,,,Achieved.,5,5,,,Achieved,5,5,,,Achieved.,5,5,,,Performance noted.,20,20,20,,,,165
,Free State: Office of the Premier,Free State,Programme 2: Institutional Development,2.6  Legal Services,Quarterly,Report on delivery of legal advice and support to clients in accordance with service standards,Non-Standardized,Not  Applicable,"Priority 1: A Capable, Ethical and Developmental State",Good governance,"Governance, State Capacity and Institutional Development cluster",1,1,,,Achieved.,1,1,,,,1,1,,,,1,1,,,,4,4,4,,,,165
,Free State: Office of the Premier,Free State,Programme 2: Institutional Development,2.6  Legal Services,Quarterly,Report on the implementation of coordination and transversal responsibility of the Unit,Non-Standardized,Not  Applicable,"Priority 1: A Capable, Ethical and Developmental State",Good governance,"Governance, State Capacity and Institutional Development cluster",1,1,,,Achieved.,1,1,,,,1,1,,,,1,1,,,,4,4,4,,,,165
,Free State: Office of the Premier,Free State,Programme 2: Institutional Development,2.7 Corporate Communication ,Quarterly,Corporate communication strategy developed/ reviewed,Non-Standardized,Not  Applicable,"Priority 1: A Capable, Ethical and Developmental State",Good governance,"Governance, State Capacity and Institutional Development cluster",1,1,,,Achieved.,0,0,,,Not planned for the quarter,0,0,,,Not planned for the quarter. ,0,0,,,Not scheduled for the quarter.,1,1,1,,,,165
,Free State: Office of the Premier,Free State,Programme 2: Institutional Development,2.7 Corporate Communication ,Quarterly,Number of publications/ newsletters published,Non-Standardized,Not  Applicable,"Priority 1: A Capable, Ethical and Developmental State",Good governance,"Governance, State Capacity and Institutional Development cluster",3,3,,,Achieved.,3,3,,,,3,3,,,Achieved.,3,3,,,Performance noted.,12,12,12,,,,165
,Free State: Office of the Premier,Free State,Programme 2: Institutional Development,2.7 Corporate Communication ,Quarterly,Report on implementation of corporate communication strategy,Non-Standardized,Not  Applicable,"Priority 1: A Capable, Ethical and Developmental State",Good governance,"Governance, State Capacity and Institutional Development cluster",1,1,,,Achieved.,1,1,,,Achieved,1,1,,,,1,1,,,,4,4,4,,,,165
,Free State: Office of the Premier,Free State,Programme 2: Institutional Development,2.7 Corporate Communication ,Quarterly,Report on the implementation of coordination and transversal responsibility of the Unit,Non-Standardized,Not  Applicable,"Priority 1: A Capable, Ethical and Developmental State",Good governance,"Governance, State Capacity and Institutional Development cluster",1,1,,,Achieved.,1,1,,,Achieved,1,1,,,,1,1,,,Performance noted.,4,4,4,,,,165
,Free State: Office of the Premier,Free State,Programme 2: Institutional Development,2.7 Corporate Communication ,Quarterly,Reports on event management and mobilisation campaigns,Non-Standardized,Not  Applicable,"Priority 1: A Capable, Ethical and Developmental State",Good governance,"Governance, State Capacity and Institutional Development cluster",0,0,,,Not planned for the quarter.,1,1,,,,0,0,,,Not planned for the quarter. ,1,1,,,Kindly clarify why the Quarter 4 output was not captured. Accurate and complete reporting is essential for effective performance assessment and oversight.,2,2,2,,,,165
,Free State: Office of the Premier,Free State,Programme 2: Institutional Development,2.7 Corporate Communication ,Quarterly,Reports on the monthly updates to the Office of the Premier Intranet and website and notices,Non-Standardized,Not  Applicable,"Priority 1: A Capable, Ethical and Developmental State",Good governance,"Governance, State Capacity and Institutional Development cluster",3,3,,,Achieved.,3,3,,,Achieved,3,3,,,,3,3,,,,12,12,12,,,,165
,Free State: Office of the Premier,Free State,Programme 2: Institutional Development,2.8  Media Strategy and Liaison,Quarterly,Number of government newspapers published in media,Non-Standardized,Not  Applicable,"Priority 1: A Capable, Ethical and Developmental State",Good governance,"Governance, State Capacity and Institutional Development cluster",1,1,,,Achieved.,1,1,,,,1,1,,,,1,1,,,,4,4,4,,,,165
,Free State: Office of the Premier,Free State,Programme 2: Institutional Development,2.8  Media Strategy and Liaison,Quarterly,Report on media engagement and/or briefings held and/or statements issued,Non-Standardized,Not  Applicable,"Priority 1: A Capable, Ethical and Developmental State",Good governance,"Governance, State Capacity and Institutional Development cluster",1,1,,,Achieved.,1,1,,,Achieved,1,1,,,Achieved.,1,1,,,Performance noted.,4,4,4,,,,165
,Free State: Office of the Premier,Free State,Programme 2: Institutional Development,2.8  Media Strategy and Liaison,Quarterly,Report on the implementation of coordination and transversal responsibility of the Unit,Non-Standardized,Not  Applicable,"Priority 1: A Capable, Ethical and Developmental State",Good governance,"Governance, State Capacity and Institutional Development cluster",1,1,,,Achieved.,1,1,,,,1,1,,,,1,1,,,,4,4,4,,,,165
,Free State: Office of the Premier,Free State,Programme 2: Institutional Development,2.9 Provincial Bursary Management,Quarterly,Report on management of the Local and International bursaries,Non-Standardized,Not  Applicable,"Priority 1: A Capable, Ethical and Developmental State",Good governance,"Governance, State Capacity and Institutional Development cluster",1,1,,,Achieved.,1,1,,,Achieved,1,1,,,Achieved.,1,1,,,Performance noted.,4,4,4,,,,165
,Free State: Office of the Premier,Free State,Programme 2: Institutional Development,2.9 Provincial Bursary Management,Quarterly,Report on the implementation of coordination and transversal responsibility of the Unit,Non-Standardized,Not  Applicable,"Priority 1: A Capable, Ethical and Developmental State",Good governance,"Governance, State Capacity and Institutional Development cluster",1,1,,,Achieved.,1,1,,,Achieved,1,1,,,Achieved.,1,1,,,,4,4,4,,,,165
,Free State: Office of the Premier,Free State,Programme 3: Policy and Governance,3.1 Special Programmes ,Quarterly,Report on the government buildings assessed complying with disability access guidelines and intervention measure recommended,Non-Standardized,Not  Applicable,"Priority 1: A Capable, Ethical and Developmental State",Good governance,"Governance, State Capacity and Institutional Development cluster",1,1,,,,1,0,No response from Public Works in terms of corrective measures done so that buildings can be re-assessed,Follow up with Public Works to get the necessary response,Noted,1,0,Officials from OSDP don't get the response from Dept Public Works regarding the assessed buildings in terms of corrective measures,Indicator to be reviewed,,1,1,,,,4,2,2,No response from Public Works in terms of corrective measures done so that buildings can be re-assessed,Report send to Public Works for corrective actions to be implemented,,165
,Free State: Office of the Premier,Free State,Programme 3: Policy and Governance,3.1 Special Programmes ,Quarterly,Report on the implementation of the National Strategic Plan on Gender Based Violence and Femicide,Non-Standardized,Not  Applicable,"Priority 1: A Capable, Ethical and Developmental State",Good governance,"Governance, State Capacity and Institutional Development cluster",0,0,,,,1,1,,,What is the reason for under achievement?,0,0,,,Not planned for the quarter. ,1,1,,,Performance noted.,2,2,2,,,,165
,Free State: Office of the Premier,Free State,Programme 3: Policy and Governance,3.1 Special Programmes ,Quarterly,"Report on the provincial forum meetings on transversal issues to advance  the rights of women, youth, people with disabilities and older persons",Non-Standardized,Not  Applicable,"Priority 1: A Capable, Ethical and Developmental State",Good governance,"Governance, State Capacity and Institutional Development cluster",1,1,,,,1,1,,,Achieved,1,1,,,Achieved.,1,1,,,,4,4,4,,,,165
,Free State: Office of the Premier,Free State,Programme 3: Policy and Governance,3.2 Intergovernmental Relations,Quarterly,Report on all protocol workshops rendered in the Province. ,Non-Standardized,Not  Applicable,"Priority 1: A Capable, Ethical and Developmental State",Good governance,"Governance, State Capacity and Institutional Development cluster",1,1,,,Achieved.,0,0,,,Not planned for the quarter,0,0,,,Not planned for the quarter. ,1,1,,,,2,2,2,,,,165
,Free State: Office of the Premier,Free State,Programme 3: Policy and Governance,3.2 Intergovernmental Relations,Quarterly,Report on coordination of international relations in support of provincial development imperative.,Non-Standardized,Not  Applicable,"Priority 1: A Capable, Ethical and Developmental State",Good governance,"Governance, State Capacity and Institutional Development cluster",1,1,,,Achieved.,1,1,,,,1,1,,,,1,1,,,Performance noted.,4,4,4,,,,165
,Free State: Office of the Premier,Free State,Programme 3: Policy and Governance,3.2 Intergovernmental Relations,Quarterly,Report on coordination of Official Development Assistance with provincial stakeholders,Non-Standardized,Not  Applicable,"Priority 1: A Capable, Ethical and Developmental State",Good governance,"Governance, State Capacity and Institutional Development cluster",0,0,,,Not planned for the quarter.,1,1,,,,0,0,,,Not planned for the quarter. ,1,1,,,Performance noted.,2,2,2,,,,165
,Free State: Office of the Premier,Free State,Programme 3: Policy and Governance,3.2 Intergovernmental Relations,Quarterly,Report on engagements between the Premier and the House of Traditional and Khoisan Leaders,Non-Standardized,Not  Applicable,"Priority 1: A Capable, Ethical and Developmental State",Good governance,"Governance, State Capacity and Institutional Development cluster",1,0,Not able to secure a meeting with the House of Traditional and Koisan Leaders,Regular follow up to secure a meeting,,0,0,,,,1,1,,,,0,0,,,Not scheduled for the quarter.,2,1,1,Not all meetings with the House of Traditional and Koisan Leaders  took place in the reporting period,Scheduled meetings ,,165
,Free State: Office of the Premier,Free State,Programme 3: Policy and Governance,3.2 Intergovernmental Relations,Quarterly,Report on protocol services rendered at government events ,Non-Standardized,Not  Applicable,"Priority 1: A Capable, Ethical and Developmental State",Good governance,"Governance, State Capacity and Institutional Development cluster",1,1,,,Achieved.,1,1,,,Achieved,1,1,,,Achieved.,1,1,,,Performance noted.,4,4,4,,,,165
,Free State: Office of the Premier,Free State,Programme 3: Policy and Governance,3.2 Intergovernmental Relations,Quarterly,Report on strategic partnerships created as a result of international relations engagements in Africa and the world ,Non-Standardized,Not  Applicable,"Priority 1: A Capable, Ethical and Developmental State",Good governance,"Governance, State Capacity and Institutional Development cluster",0,0,,,Not planned for the quarter.,1,1,,,Achieved,0,0,,,Not planned for the quarter. ,1,1,,,,2,2,2,,,,165
,Free State: Office of the Premier,Free State,Programme 3: Policy and Governance,3.2 Intergovernmental Relations,Quarterly,Report on the coordination of intergovernmental relations between the three spheres of government  ,Non-Standardized,Not  Applicable,"Priority 1: A Capable, Ethical and Developmental State",Good governance,"Governance, State Capacity and Institutional Development cluster",1,1,,,Achieved.,1,1,,,Achieved,1,1,,,Achieved.,1,1,,,,4,4,4,,,,165
,Free State: Office of the Premier,Free State,Programme 3: Policy and Governance,3.3 Provincial Strategic Planning and Policy,Quarterly,Compile the departmental Annual Performance Plan (APP),Non-Standardized,Not  Applicable,"Priority 1: A Capable, Ethical and Developmental State",Good governance,"Governance, State Capacity and Institutional Development cluster",0,0,,,Not planned for the quarter.,0,0,,,Due in quarter 4,0,0,,,Not planned for the quarter. ,1,1,,,Performance noted.,1,1,1,,,,165
,Free State: Office of the Premier,Free State,Programme 3: Policy and Governance,3.3 Provincial Strategic Planning and Policy,Quarterly,Compile the departmental Annual Report,Non-Standardized,Not  Applicable,"Priority 1: A Capable, Ethical and Developmental State",Good governance,"Governance, State Capacity and Institutional Development cluster",0,0,,,Not planned for the quarter.,1,1,,,Achieved,0,0,,,Not planned for the quarter. ,0,0,,,,1,1,1,,,,165
,Free State: Office of the Premier,Free State,Programme 3: Policy and Governance,3.3 Provincial Strategic Planning and Policy,Quarterly,Report on National Development Plan (NDP) / Free State Growth & Development Plan (FSGDS) / Medium Term Strategic Framework (MTSF)  and  Integrated Development Plan (IDP) alignment report,Non-Standardized,Not  Applicable,"Priority 1: A Capable, Ethical and Developmental State",Good governance,"Governance, State Capacity and Institutional Development cluster",1,1,,,Achieved.,0,0,,,Not planned for the quarter,0,0,,,Not planned for the quarter. ,0,0,,,,1,1,1,,,,165
,Free State: Office of the Premier,Free State,Programme 3: Policy and Governance,3.3 Provincial Strategic Planning and Policy,Quarterly,Report on National Development Plan (NDP) / Free State Growth & Development Plan (FSGDS) / Medium Term Strategic Framework (MTSF)  and Annual Performance Plans (APP) alignment report,Non-Standardized,Not  Applicable,"Priority 1: A Capable, Ethical and Developmental State",Good governance,"Governance, State Capacity and Institutional Development cluster",0,0,,,Not planned for the quarter.,0,0,,,Due in quarter 4,0,0,,,Not planned for the quarter. ,1,1,,,Performance noted.,1,1,1,,,,165
,Free State: Office of the Premier,Free State,Programme 3: Policy and Governance,3.3 Provincial Strategic Planning and Policy,Quarterly,Report on the implementation of the District Development Model (DDM),Non-Standardized,Not  Applicable,"Priority 1: A Capable, Ethical and Developmental State",Build social cohesion  ,"Governance, State Capacity and Institutional Development cluster",0,0,,,Not planned for the quarter.,0,0,,,Due in quarter 4,0,0,,,Not planned for the quarter. ,1,1,,,,1,1,1,,,,165
,Free State: Office of the Premier,Free State,Programme 3: Policy and Governance,3.3 Provincial Strategic Planning and Policy,Quarterly,Report on the provincial research undertaken,Non-Standardized,Not  Applicable,"Priority 1: A Capable, Ethical and Developmental State",Good governance,"Governance, State Capacity and Institutional Development cluster",0,0,,,Not planned for the quarter.,1,1,,,,0,0,,,Not planned for the quarter. ,1,1,,,Performance noted.,2,2,2,,,,165
,Free State: Office of the Premier,Free State,Programme 3: Policy and Governance,3.3 Provincial Strategic Planning and Policy,Quarterly,Report on the review of non-financial performance,Non-Standardized,Not  Applicable,"Priority 1: A Capable, Ethical and Developmental State",Good governance,"Governance, State Capacity and Institutional Development cluster",1,1,,,Achieved.,1,1,,,,1,1,,,Achieved.,1,1,,,,4,4,4,,,,165
,Free State: Office of the Premier,Free State,Provincial Monitoring and Evaluation ,4.1 Public Sector Monitoring and Evaluation ,Quarterly,Number of Analysis Reports on the 2023/2024 Departmental Annual Performance Plans,Non-Standardized,Not  Applicable,"Priority 1: A Capable, Ethical and Developmental State",Good governance,"Governance, State Capacity and Institutional Development cluster",1,1,,,Achieved.,0,0,,,Not planned for the quarter,0,0,,,Not planned for the quarter. ,0,0,,,Not scheduled for the quarter.,1,1,1,,,,165
,Free State: Office of the Premier,Free State,Provincial Monitoring and Evaluation ,4.1 Public Sector Monitoring and Evaluation ,Quarterly,Number of Analysis Reports on the implementation of the 2019-2024 MTSF ,Non-Standardized,Not  Applicable,"Priority 1: A Capable, Ethical and Developmental State",Good governance,"Governance, State Capacity and Institutional Development cluster",1,1,,,Achieved.,0,0,,,Due in quarter 4,0,0,,,Not planned for the quarter. ,1,1,"The MTSF (Medium-Term Strategic Framework) concluded when the 6th Administration Term ended. Subsequently, a new plan for the period 2025-2030, known as the MTDP (Medium-Term Development Plan), was introduced for 7th Administration.","The MTDP was approved at the end of February 2025, and initiatives to institutionalise the document are underway. This included a high level FOHOD meeting that noted reporting requirement and meeting with departments to prepare departments for reporting.  This meeting with departments marked the initial step towards institutionalizing the MTDP, setting the foundation for its integration and long-term success.",,2,2,1,"The MTSF (Medium-Term Strategic Framework) concluded when the 6th Administration Term ended. Subsequently, a new plan for the period 2025-2030, known as the MTDP (Medium-Term Development Plan), was introduced for 7th Administration.","The MTDP was approved at the end of February 2025, and initiatives to institutionalise the document are underway. This included a high level FOHOD meeting that noted reporting requirement and meeting with departments to prepare departments for reporting.  This meeting with departments marked the initial step towards institutionalizing the MTDP, setting the foundation for its integration and long-term success.",,165
,Free State: Office of the Premier,Free State,Provincial Monitoring and Evaluation ,4.1 Public Sector Monitoring and Evaluation ,Quarterly,Number of quarterly analysis reports on performance of provincial departments on non-financial performance information,Non-Standardized,Not  Applicable,"Priority 1: A Capable, Ethical and Developmental State",Good governance,"Governance, State Capacity and Institutional Development cluster",2,2,,,Achieved.,2,2,,,Achieved,2,2,,,Achieved.,2,2,,,Performance noted.,8,8,8,,,,165
,Free State: Office of the Premier,Free State,Provincial Monitoring and Evaluation ,4.1 Public Sector Monitoring and Evaluation ,Quarterly,Number of reports of 5 Year Review report for the 2019-2024 MTSF,Non-Standardized,Not  Applicable,"Priority 1: A Capable, Ethical and Developmental State",Good governance,"Governance, State Capacity and Institutional Development cluster",0,0,,,Not planned for the quarter.,1,1,,,,0,0,,,Not planned for the quarter. ,0,0,,,,1,1,1,,,,165
,Free State: Office of the Premier,Free State,Provincial Monitoring and Evaluation ,4.1 Public Sector Monitoring and Evaluation ,Quarterly,Number of reports on annual reviews of Departmental non-financial performance information ,Non-Standardized,Not  Applicable,"Priority 1: A Capable, Ethical and Developmental State",Good governance,"Governance, State Capacity and Institutional Development cluster",0,0,,,Not planned for the quarter.,0,0,,,Due in quarter 3,1,1,,,,0,0,,,,1,1,1,,,,165
,Free State: Office of the Premier,Free State,Provincial Monitoring and Evaluation ,4.1 Public Sector Monitoring and Evaluation ,Quarterly,Number of Reports on the implementation of the Provincial Evaluation Plan,Non-Standardized,Not  Applicable,"Priority 1: A Capable, Ethical and Developmental State",Good governance,"Governance, State Capacity and Institutional Development cluster",0,0,,,Not planned for the quarter.,1,1,,,Achieved,1,0,No evaluations are implemented under the PEP in the current financial year as the PEP could not be reviewed due to non-submission of proposals,Process is under way to review the PEP by submitting for approval the proposals submitted by departments,,1,0,The report could not be produced as there are currently no PEP evaluations being implemented,The approval of the new PEP means there are evaluations up for implementation in the new financial year,,3,1,1,The report could not be produced as there are currently no PEP evaluations being implemented,Request for PEP evaluations send to departments,,165
,Free State: Office of the Premier,Free State,Provincial Monitoring and Evaluation ,4.1 Public Sector Monitoring and Evaluation ,Quarterly,Reviewed Provincial Evaluation Plan ,Non-Standardized,Not  Applicable,"Priority 1: A Capable, Ethical and Developmental State",Good governance,"Governance, State Capacity and Institutional Development cluster",0,0,,,Not planned for the quarter.,0,0,,,,0,0,,,Not planned for the quarter. ,1,1,,,Performance noted.,1,1,1,,,,165
,Free State: Office of the Premier,Free State,Provincial Monitoring and Evaluation ,4.2 Monitoring and Evaluation Programmes ,Quarterly,Number of Annual Analysis Reports on Frontline Service Delivery Monitoring.,Non-Standardized,Not  Applicable,"Priority 1: A Capable, Ethical and Developmental State",Good governance,"Governance, State Capacity and Institutional Development cluster",0,0,,,Not planned for the quarter.,0,0,,,Due in Q4,0,0,,,Not planned for the quarter. ,1,1,,,Performance noted.,1,1,1,,,,165
,Free State: Office of the Premier,Free State,Provincial Monitoring and Evaluation ,4.2 Monitoring and Evaluation Programmes ,Quarterly,Number of Departmental Institutional Capability  Profiles,Non-Standardized,Not  Applicable,"Priority 1: A Capable, Ethical and Developmental State",Good governance,"Governance, State Capacity and Institutional Development cluster",0,0,,,Not planned for the quarter.,0,0,,,Due in Q3,12,12,,,Achieved.,0,0,,,,12,12,12,,,,165
,Free State: Office of the Premier,Free State,Provincial Monitoring and Evaluation ,4.2 Monitoring and Evaluation Programmes ,Quarterly,Number of Integrated Analysis Reports on the implementation of Incomplete Projects,Not Applicable,Not  Applicable,"Priority 1: A Capable, Ethical and Developmental State",Good governance,"Governance, State Capacity and Institutional Development cluster",0,0,,,Not planned for the quarter.,1,1,,,Achieved,0,0,,,Not planned for the quarter. ,1,1,,,Performance noted.,2,2,2,,,,165
,Free State: Office of the Premier,Free State,Provincial Monitoring and Evaluation ,4.2 Monitoring and Evaluation Programmes ,Quarterly,Number of Integrated Analysis Reports on the implementation of SOPA and Budget Vote Injunctions,Non-Standardized,Not  Applicable,"Priority 1: A Capable, Ethical and Developmental State",Good governance,"Governance, State Capacity and Institutional Development cluster",1,1,,,Achieved.,1,1,,,Achieved,1,1,,,Achieved.,1,1,,,,4,4,4,,,,165
,Free State: Office of the Premier,Free State,Provincial Monitoring and Evaluation ,4.2 Monitoring and Evaluation Programmes ,Quarterly,Number of Integrated Provincial Institutional Capability Profiles,Non-Standardized,Not  Applicable,"Priority 1: A Capable, Ethical and Developmental State",Good governance,"Governance, State Capacity and Institutional Development cluster",0,0,,,Not planned for the quarter.,0,0,,,Due in Q4,0,0,,,Not planned for the quarter. ,1,1,,,,1,1,1,,,,165
,Free State: Office of the Premier,Free State,Provincial Monitoring and Evaluation ,4.2 Monitoring and Evaluation Programmes ,Quarterly,Number of Integrated Reports on Frontline Service Delivery Monitoring Results,Non-Standardized,Not  Applicable,"Priority 1: A Capable, Ethical and Developmental State",Good governance,"Governance, State Capacity and Institutional Development cluster",0,0,,,Not planned for the quarter.,1,1,,,Achieved,0,0,,,Not planned for the quarter. ,1,1,,,,2,2,2,,,,165
,Free State: Office of the Premier,Free State,Provincial Monitoring and Evaluation ,4.2 Monitoring and Evaluation Programmes ,Quarterly,Number of Provincial Oversight Reports on the implementation of Citizen Based Monitoring within the FSPG,Non-Standardized,Not  Applicable,"Priority 1: A Capable, Ethical and Developmental State",Good governance,"Governance, State Capacity and Institutional Development cluster",0,0,,,Not planned for the quarter.,0,0,,,Due in Q4,0,0,,,Not planned for the quarter. ,1,1,,,,1,1,1,,,,165
,Free State: Office of the Premier,Free State,Provincial Monitoring and Evaluation ,4.2 Monitoring and Evaluation Programmes ,Quarterly,Number of reports on the assessment of the Institutional Capability Tools for the FSPG,Non-Standardized,Not  Applicable,"Priority 1: A Capable, Ethical and Developmental State",Good governance,"Governance, State Capacity and Institutional Development cluster",0,0,,,Not planned for the quarter.,0,0,,,Due in quarter 4,0,0,,,Not planned for the quarter. ,1,1,,,Performance noted.,1,1,1,,,,165
,Free State: Office of the Premier,Free State,Provincial Monitoring and Evaluation ,4.2 Monitoring and Evaluation Programmes ,Quarterly,Report on the support provided on the implementation of LGMIM within the Free State Province,Non-Standardized,Not  Applicable,"Priority 1: A Capable, Ethical and Developmental State",Good governance,"Governance, State Capacity and Institutional Development cluster",0,0,,,Not planned for the quarter.,0,0,,,Due in Q4,0,0,,,Not planned for the quarter. ,1,1,,,Performance noted.,1,1,1,,,,165
,Free State: Office of the Premier,Free State,Provincial Monitoring and Evaluation ,4.3 Provincial Intervention ,Quarterly,Number of Provincial CDWP status reports on household profiling and challenges that may affect service delivery negatively,Non-Standardized,Not  Applicable,"Priority 1: A Capable, Ethical and Developmental State",Good governance,"Governance, State Capacity and Institutional Development cluster",1,1,,,Achieved.,1,,,,"Quarter 2 output not captured, kindly rectify.",1,1,,,Achieved.,1,1,,,Performance noted.,4,3,4,,,,165
,Free State: Office of the Premier,Free State,Provincial Monitoring and Evaluation ,4.3 Provincial Intervention ,Quarterly,Number of Provincial Performance Reports for the Presidential Hotline,Non-Standardized,Not  Applicable,"Priority 1: A Capable, Ethical and Developmental State",Good governance,"Governance, State Capacity and Institutional Development cluster",1,1,,,Achieved.,1,,,,"Quarter 2 output not captured, kindly rectify.",1,1,,,Achieved.,1,1,,,Performance noted.,4,3,4,,,,165
,Free State: Office of the Premier,Free State,Provincial Monitoring and Evaluation ,4.3 Provincial Intervention ,Quarterly,Number of Reports on government priority campaigns ,Non-Standardized,Not  Applicable,"Priority 1: A Capable, Ethical and Developmental State",Good governance,"Governance, State Capacity and Institutional Development cluster",1,0,"The inner office, under the previous Premier had its own outreach programme team with outside stakeholders and the unit was not involved","Arranging with the new Premier, methods and ways of rolling out priority campaigns jointly",,1,,,,"Quarter 2 output not captured, kindly rectify.",1,0,Outreaches were coordinated from the inner office,A joint programme will be developed,,1,1,,,Performance noted.,4,1,2,"The inner office, under the previous Premier had its own outreach programme team with outside stakeholders and the unit was not involved",Agreement with the new Premier to involve the Unit,,165
,Free State: Office of the Premier,Free State,Provincial Monitoring and Evaluation ,4.3 Provincial Intervention ,Quarterly,Number of reports on incomplete and slow moving government projects for socio-economic infrastructure and service delivery,Non-Standardized,Not  Applicable,"Priority 1: A Capable, Ethical and Developmental State",Good governance,"Governance, State Capacity and Institutional Development cluster",1,1,,,Achieved.,1,,,,"Quarter 2 output not captured, kindly rectify.",1,1,,,Achieved.,1,1,,,,4,3,4,,,,165
,Free State: Office of the Premier,Free State,Provincial Monitoring and Evaluation ,4.3 Provincial Intervention ,Quarterly,Number of status reports on services rendered  through Direct Liaison Services ,Non-Standardized,Not  Applicable,"Priority 1: A Capable, Ethical and Developmental State",Good governance,"Governance, State Capacity and Institutional Development cluster",1,1,,,Achieved.,1,,,,"Quarter 2 output not captured, kindly rectify.",1,1,,,Achieved.,1,1,,,Performance noted.,4,3,4,,,,165
,Free State: Office of the Premier,Free State,Provincial Monitoring and Evaluation ,4.3 Provincial Intervention ,Quarterly,Number of status reports on services rendered through Thusong Services Centres,Non-Standardized,Not  Applicable,"Priority 1: A Capable, Ethical and Developmental State",Good governance,"Governance, State Capacity and Institutional Development cluster",1,1,,,Achieved.,1,,,,"Quarter 2 output not captured, kindly rectify.",1,1,,,Achieved.,1,1,,,,4,3,4,,,,165
,Free State: Provincial Treasury,Free State,Programme 1: Administration,Sub - Programme 1.3: Corporate Services,Annually,Percentage of designated employees that submit financial disclosures on time,Non-Standardized,Not  Applicable,"Priority 1: A Capable, Ethical and Developmental State",Good governance,"Governance, State Capacity and Institutional Development cluster",,,,,,,,,,,100 %,100 %,,,,,,,,,100 %,100 %,100,,,,165
,Free State: Provincial Treasury,Free State,Programme 1: Administration,Sub - Programme 1.3: Corporate Services,Annually,Percentage of disciplinary cases finalized within 90 days,Non-Standardized,Not  Applicable,"Priority 1: A Capable, Ethical and Developmental State",Good governance,"Governance, State Capacity and Institutional Development cluster",,,,,,,,,,,,,,,,60 %,17 %,,,,60 %,17 %,17,The previous years' pending disciplinary matters had a negative effect on the current year's 100% performance. ,The appointment of a consultant to preside over SMS members matters yielded positive results. The departments openness to plea bargaining initiated by the union and the official also played a significant role.,,165
,Free State: Provincial Treasury,Free State,Programme 1: Administration,Sub - Programme 1.3: Corporate Services,Annually,Percentage of employees included in the WSP trained,Non-Standardized,Not  Applicable,"Priority 1: A Capable, Ethical and Developmental State",Good governance,"Governance, State Capacity and Institutional Development cluster",,,,,,,,,,,,,,,,72 %,11 %,,,,72 %,11 %,11,"Training requests are continuously sent to SCM and FSTDI for their processing, however, conferences /Seminars were mostly attended which are non-unit standard based. However, one (1) training was attended which is aligned to the WSP and NSGs training schedule",Liaise with FSTDI and NSG to communicate their training calendar well in advance to ensure proper planning.,,165
,Free State: Provincial Treasury,Free State,Programme 1: Administration,Sub - Programme 1.3: Corporate Services,Annually,Percentage of employees with disabilities,Non-Standardized,Not  Applicable,"Priority 1: A Capable, Ethical and Developmental State",Good governance,"Governance, State Capacity and Institutional Development cluster",,,,,,,,,,,,,,,,2 %,2.1 %,,,,2 %,2.1 %,2.1,"Employees with disabilities at 2.1%, which exceeds the target of 2%. The percentage increased due to the number of employees that terminated their services during the 2024/2025 financial year, which improved the percentage of employees with disabilities, as no employee with a disability terminated their services.",No corrective measure required,,165
,Free State: Provincial Treasury,Free State,Programme 1: Administration,Sub - Programme 1.3: Corporate Services,Annually,Percentage of funded posts filled,Non-Standardized,Not  Applicable,"Priority 1: A Capable, Ethical and Developmental State",Good governance,"Governance, State Capacity and Institutional Development cluster",,,,,,,,,,,,,,,,85 %,80 %,,,,85 %,80 %,80,"Concurrence granted by the Premier to fill 23 critical posts, in process to arrange for the advertisement of the posts, but appointments will only take place in the 2025/2026 financial year. delayed by the introduction of the Directive on the implementation of control measures aimed at assisting Executive Authorities in managing fiscal sustainability during the process of creating and filling vacant posts. ","Concurrence granted by the Premier to fill 23 critical posts. In process to arrange for the advertisement of the posts, but appointments will only take place in the 2025/26 financial year.",,165
,Free State: Provincial Treasury,Free State,Programme 1: Administration,Sub - Programme 1.3: Corporate Services,Annually,Percentage of grievances finalized within 30 days,Non-Standardized,Not  Applicable,"Priority 1: A Capable, Ethical and Developmental State",Good governance,"Governance, State Capacity and Institutional Development cluster",,,,,,,,,,,,,,,,85 %,100 %,,,,85 %,100 %,100,There were no reported grievances under the period in review.,No corrective measure required.,,165
,Free State: Provincial Treasury,Free State,Programme 1: Administration,Sub - Programme 1.3: Corporate Services,Annually,Percentage of network uptime,Non-Standardized,Not  Applicable,"Priority 1: A Capable, Ethical and Developmental State",Good governance,"Governance, State Capacity and Institutional Development cluster",,,,,,,,,,,,,,,,95 %,95 %,,,,95 %,95 %,95,,,,165
,Free State: Provincial Treasury,Free State,Programme 1: Administration,Sub - Programme 1.3: Corporate Services,Annually,Percentage of women in Senior Management Service,Non-Standardized,Not  Applicable,"Priority 1: A Capable, Ethical and Developmental State",Good governance,"Governance, State Capacity and Institutional Development cluster",,,,,,,,,,,,,,,,42 %,33.3 %,,,,42 %,33.3 %,33.3,"Only one  SMS post was filled by a male employee (transfer) during the financial year, and the Department lost the services of three SMS members, of which one member was a female SMS member. ","Department to target female candidates who apply for SMS posts in line with the EE plan. The Department is in process to advertise 6 critical posts, which should be filled during the 2025/26 financial year.",,165
,Free State: Provincial Treasury,Free State,Programme 1: Administration,Sub - Programme 1.4:  Financial Management,Annually,Percentage of invoices paid within 30 days,Non-Standardized,Not  Applicable,"Priority 1: A Capable, Ethical and Developmental State",Good governance,"Governance, State Capacity and Institutional Development cluster",,,,,,,,,,,,,,,,100 %,99.90 %,,,,100 %,99.90 %,99.90,one of the supplier's bank account was closed and therefore payment could not be made.,,,165
,Free State: Provincial Treasury,Free State,Programme 1: Administration,Sub - Programme 1.4:  Financial Management,Annually,Percentage of Key Control Indicators at level 4 score on Provincial Treasury KCM assessment: Monthly assessment,Non-Standardized,Not  Applicable,"Priority 1: A Capable, Ethical and Developmental State",Good governance,"Governance, State Capacity and Institutional Development cluster",,,,,,,,,,,,,,,,92 %,96 %,,,,92 %,96 %,96,Improvement due to CFO intervention on SCM matters,,,165
,Free State: Provincial Treasury,Free State,Programme 1: Administration,Sub - Programme 1.4:  Financial Management,Annually,Percentage of Key Control Indicators at level 4 score on Provincial Treasury KCM assessment: Quarterly assessment,Non-Standardized,Not  Applicable,"Priority 1: A Capable, Ethical and Developmental State",Good governance,"Governance, State Capacity and Institutional Development cluster",,,,,,,,,,,,,,,,74 %,73 %,,,,74 %,73 %,73,Decrease mostly on Departmental Risks Management which is understaffed and experiencing challenges,Filling of vacancies in unit,,165
,Free State: Provincial Treasury,Free State,Programme 1: Administration,Sub - Programme 1.4:  Financial Management,Quarterly,Number of financial statements produced,Non-Standardized,Not  Applicable,"Priority 1: A Capable, Ethical and Developmental State",Good governance,"Governance, State Capacity and Institutional Development cluster",2,2,,,,1,1,,,,1,1,,,,1,1,,,,5,5,5,,,,165
,Free State: Provincial Treasury,Free State,Programme 2: Sustainable Resource Management,Sub - Programme 2.2: Economic Analysis,Annually,Number of provincially-focused research papers produced,Non-Standardized,Not  Applicable,"Priority 1: A Capable, Ethical and Developmental State",Good governance,"Governance, State Capacity and Institutional Development cluster",,,,,,,,,,,,,,,,2,2,,,,2,2,2,,,,165
,Free State: Provincial Treasury,Free State,Programme 2: Sustainable Resource Management,Sub - Programme 2.2: Economic Analysis,Annually,"Number of publications on budgetary, macroeconomic and socio-economic performance of the province produced",Non-Standardized,Not  Applicable,"Priority 1: A Capable, Ethical and Developmental State",Good governance,"Governance, State Capacity and Institutional Development cluster",,,,,,,,,,,,,,,,3,3,,,,3,3,3,,,,165
,Free State: Provincial Treasury,Free State,Programme 2: Sustainable Resource Management,Sub - Programme 2.2: Economic Analysis,Quarterly,Number of quarterly labour market review reports,Non-Standardized,Not  Applicable,"Priority 1: A Capable, Ethical and Developmental State",Good governance,"Governance, State Capacity and Institutional Development cluster",1,1,,,,1,1,,,,1,1,,,,1,1,,,,4,4,4,,,,165
,Free State: Provincial Treasury,Free State,Programme 2: Sustainable Resource Management,Sub - Programme 2.3: Fiscal Policy,Quarterly,Number of reports on Conditional Grants,Non-Standardized,Not  Applicable,"Priority 1: A Capable, Ethical and Developmental State",Good governance,"Governance, State Capacity and Institutional Development cluster",3,3,,,,3,3,,,,3,3,,,,3,3,,,,12,12,12,,,,165
,Free State: Provincial Treasury,Free State,Programme 2: Sustainable Resource Management,Sub - Programme 2.3: Fiscal Policy,Quarterly,Number of reports on financial and non-financial performance of public entities,Non-Standardized,Not  Applicable,"Priority 1: A Capable, Ethical and Developmental State",Good governance,"Governance, State Capacity and Institutional Development cluster",1,1,,,,1,1,,,,1,1,,,,1,1,,,,4,4,4,,,,165
,Free State: Provincial Treasury,Free State,Programme 2: Sustainable Resource Management,Sub - Programme 2.3: Fiscal Policy,Quarterly,Number of reports on Provincial Own Revenue,Non-Standardized,Not  Applicable,"Priority 1: A Capable, Ethical and Developmental State",Good governance,"Governance, State Capacity and Institutional Development cluster",3,3,,,,3,3,,,,3,3,,,,3,3,,,,12,12,12,,,,165
,Free State: Provincial Treasury,Free State,Programme 2: Sustainable Resource Management,Sub - Programme 2.4: Budget Management,Annually,Number of adjustment appropriation bills tabled within the legislated timeframe,Non-Standardized,Not  Applicable,"Priority 1: A Capable, Ethical and Developmental State",Good governance,"Governance, State Capacity and Institutional Development cluster",,,,,,,,,,,1,1,,,,,,,,,1,1,3,Second adjustment tabled 25 February 2025 and Special Adjustment 18 March 2025 (special adjustment done to accommodate national DoRB) ,,,165
,Free State: Provincial Treasury,Free State,Programme 2: Sustainable Resource Management,Sub - Programme 2.4: Budget Management,Annually,Number of appropriation bills tabled within the legislated timeframe,Non-Standardized,Not  Applicable,"Priority 1: A Capable, Ethical and Developmental State",Good governance,"Governance, State Capacity and Institutional Development cluster",,,,,,,,,,,,,,,,1,1,,,,1,1,1,,,,165
,Free State: Provincial Treasury,Free State,Programme 2: Sustainable Resource Management,Sub - Programme 2.4: Budget Management,Quarterly,Number of reports on funded priorities,Non-Standardized,Not  Applicable,"Priority 1: A Capable, Ethical and Developmental State",Good governance,"Governance, State Capacity and Institutional Development cluster",1,1,,,,1,1,,,,1,1,,,,1,1,,,,4,4,4,,,,165
,Free State: Provincial Treasury,Free State,Programme 2: Sustainable Resource Management,Sub - Programme 2.5: Public Finance,Annually,Number of Custodian Asset Management Plan assessment reports,Non-Standardized,Not  Applicable,"Priority 1: A Capable, Ethical and Developmental State",Good governance,"Governance, State Capacity and Institutional Development cluster",1,,,,,,,,,,,,,,,,,,,,1,,1,The target was mistakenly not reported in the second quarter but was achieved as planned,,,165
,Free State: Provincial Treasury,Free State,Programme 2: Sustainable Resource Management,Sub - Programme 2.5: Public Finance,Annually,Number of departments assessed on infrastructure planning and performance,Non-Standardized,Not  Applicable,"Priority 1: A Capable, Ethical and Developmental State",Good governance,"Governance, State Capacity and Institutional Development cluster",,,,,,,,,,,8,8,,,,,,,,,8,8,8,,,,165
,Free State: Provincial Treasury,Free State,Programme 2: Sustainable Resource Management,Sub - Programme 2.5: Public Finance,Annually,Number of PRF Annual Financial Statements submitted to the AGSA to be audited,Non-Standardized,Not  Applicable,"Priority 1: A Capable, Ethical and Developmental State",Good governance,"Governance, State Capacity and Institutional Development cluster",,,,,,1,1,,,,,,,,,,,,,,1,1,1,,,,165
,Free State: Provincial Treasury,Free State,Programme 2: Sustainable Resource Management,Sub - Programme 2.5: Public Finance,Annually,Number of UAMP assessment reports,Non-Standardized,Not  Applicable,"Priority 1: A Capable, Ethical and Developmental State",Good governance,"Governance, State Capacity and Institutional Development cluster",,,,,,8,9,,,,,,,,,,,,,,8,9,9,Cogta also submitted for assessment and was assessed.,,,165
,Free State: Provincial Treasury,Free State,Programme 2: Sustainable Resource Management,Sub - Programme 2.5: Public Finance,Quarterly,Number of infrastructure performance reviews,Non-Standardized,Not  Applicable,"Priority 1: A Capable, Ethical and Developmental State",Good governance,"Governance, State Capacity and Institutional Development cluster",1,1,,,,1,1,,,,1,1,,,,1,1,,,,4,4,4,,,,165
,Free State: Provincial Treasury,Free State,Programme 2: Sustainable Resource Management,Sub - Programme 2.5: Public Finance,Quarterly,Number of infrastructure project assessments,Non-Standardized,Not  Applicable,"Priority 1: A Capable, Ethical and Developmental State",Good governance,"Governance, State Capacity and Institutional Development cluster",10,0,"Seven site visits have been done but the reports are still in the process of being signed-off.  For three of the planned visits, challenges were experienced with Project stakeholders as they were not available making it difficult to conduct the site visits and to prepare infrastructure project assessments. ",The reports will be finalised early in the second quarter.  The three site visits will be conducted in July 2024 and added to the final report as an annexure.,,10,26,Visited 15 additional sites joined by the National Treasury in addition to previous quarter targets as well.,,,10,11,The overachievement is as a result of a risk mitigation strategy due to challenges experienced in the first quarters where no assessments were done. ,,,10,13,"Where possible, within the available resources, the department assessed additional projects hence three additional sites were assessed.",No corrective measure required.,,40,50,50,,,,165
,Free State: Provincial Treasury,Free State,Programme 2: Sustainable Resource Management,Sub - Programme 2.5: Public Finance,Quarterly,Number of IRM assessment reports,Non-Standardized,Not  Applicable,"Priority 1: A Capable, Ethical and Developmental State",Good governance,"Governance, State Capacity and Institutional Development cluster",3,3,,,,3,3,,,,3,3,,,,3,3,,,,12,12,12,,,,165
,Free State: Provincial Treasury,Free State,Programme 2: Sustainable Resource Management,Sub - Programme 2.5: Public Finance,Quarterly,Number of IYM assessment reports,Non-Standardized,Not  Applicable,"Priority 1: A Capable, Ethical and Developmental State",Good governance,"Governance, State Capacity and Institutional Development cluster",4,4,,,,4,4,,,,3,3,,,,4,4,,,,15,15,15,,,,165
,Free State: Provincial Treasury,Free State,Programme 2: Sustainable Resource Management,Sub - Programme 2.6: Compensation,Annually,Default,Non-Standardized,Not  Applicable,"An efficient, effective and development-oriented public service",-,Governance and Administration cluster,,,,,,,,,,,,,,,,,,,,,0,,0,,,,165
,Free State: Provincial Treasury,Free State,Programme 2: Sustainable Resource Management,Sub - Programme 2.6: Compensation,Annually,Number of reports on the analysis of recruitment plans,Non-Standardized,Not  Applicable,"Priority 1: A Capable, Ethical and Developmental State",Good governance,"Governance, State Capacity and Institutional Development cluster",,,,,,,,,,,,,,,,1,1,,,,1,1,1,,,,165
,Free State: Provincial Treasury,Free State,Programme 2: Sustainable Resource Management,Sub - Programme 2.6: Compensation,Quarterly,Number of analysis reports on spending on personnel by provincial departments,Non-Standardized,Not  Applicable,"Priority 1: A Capable, Ethical and Developmental State",Good governance,"Governance, State Capacity and Institutional Development cluster",1,0,The analysis had been concluded but the report had not been finalised at the time of reporting.,The report will be finalised in Q2.,,1,2,Q1 target was also achieved,,,1,1,,,,1,1,,,,4,4,4,,,,165
,Free State: Provincial Treasury,Free State,Programme 3: Asset and Liabilities Management,Sub - Programme 3.2: Asset Management,Quarterly,Number of assessment reports on the implementation of annual procurement plans by departments and entities,Non-Standardized,Not  Applicable,"Priority 1: A Capable, Ethical and Developmental State",Good governance,"Governance, State Capacity and Institutional Development cluster",13,13,,,,13,13,,,,13,13,,,,13,13,,,,52,52,52,,,,165
,Free State: Provincial Treasury,Free State,Programme 3: Asset and Liabilities Management,Sub - Programme 3.2: Asset Management,Quarterly,Number of asset monitoring reports,Non-Standardized,Not  Applicable,"Priority 1: A Capable, Ethical and Developmental State",Good governance,"Governance, State Capacity and Institutional Development cluster",14,14,,,,14,14,,,,14,14,,,,14,14,,,,56,56,56,,,,165
,Free State: Provincial Treasury,Free State,Programme 3: Asset and Liabilities Management,Sub - Programme 3.2: Asset Management,Quarterly,Number of consolidated reports on 30 days payment of suppliers,Non-Standardized,Not  Applicable,"Priority 1: A Capable, Ethical and Developmental State",Good governance,"Governance, State Capacity and Institutional Development cluster",3,3,,,,3,3,,,,3,3,,,,3,3,,,,12,12,12,,,,165
,Free State: Provincial Treasury,Free State,Programme 3: Asset and Liabilities Management,Sub - Programme 3.2: Asset Management,Quarterly,Number of information sessions for suppliers,Non-Standardized,Not  Applicable,"Priority 1: A Capable, Ethical and Developmental State",Good governance,"Governance, State Capacity and Institutional Development cluster",1,1,,,,1,5,Additional requests received from different organizations for FSPT to conduct the session in their different towns,Sessions are requested on a need basis and unavoidable.,,1,2, The overachievement is as a result of additional needs identified by the Sub-programme.,,,1,1,,,,4,9,9,The reported overachievement in the Number of information sessions for suppliers is as a result of additional requests received by the Sub-programme.,,,165
,Free State: Provincial Treasury,Free State,Programme 3: Asset and Liabilities Management,Sub - Programme 3.2: Asset Management,Quarterly,Number of reports on asset management KPI,Non-Standardized,Not  Applicable,"Priority 1: A Capable, Ethical and Developmental State",Good governance,"Governance, State Capacity and Institutional Development cluster",12,12,,,,12,12,,,,12,12,,,,12,12,,,,48,48,48,,,,165
,Free State: Provincial Treasury,Free State,Programme 3: Asset and Liabilities Management,Sub - Programme 3.2: Asset Management,Quarterly,Number of SCM assessment reports,Non-Standardized,Not  Applicable,"Priority 1: A Capable, Ethical and Developmental State",Good governance,"Governance, State Capacity and Institutional Development cluster",13,13,,,,13,13,,,,13,13,,,,13,13,,,,52,52,52,,,,165
,Free State: Provincial Treasury,Free State,Programme 3: Asset and Liabilities Management,Sub - Programme 3.3: Supporting and Interlinked Financial Systems,Annually,"Number of capacity building sessions on transversal systems (BAS, PERSAL and LOGIS)",Non-Standardized,Not  Applicable,"Priority 1: A Capable, Ethical and Developmental State",Good governance,"Governance, State Capacity and Institutional Development cluster",,,,,,,,,,,,,,,,36 %,38 %,,,,36 %,38 %,38,Training is demand driven and additional courses were requested as opposed to planned.,none,,165
,Free State: Provincial Treasury,Free State,Programme 3: Asset and Liabilities Management,Sub - Programme 3.3: Supporting and Interlinked Financial Systems,Annually,Percentage of 8 working hours that the BAS terminal servers are available,Non-Standardized,Not  Applicable,"Priority 1: A Capable, Ethical and Developmental State",Good governance,"Governance, State Capacity and Institutional Development cluster",,,,,,,,,,,,,,,,95 %,100 %,,,,95 %,100 %,100,Pro-active monitoring & daily maintenance of the BAS Terminal servers prevents downtime.,None,,165
,Free State: Provincial Treasury,Free State,Programme 3: Asset and Liabilities Management,Sub - Programme 3.3: Supporting and Interlinked Financial Systems,Annually,Percentage of requests for technical and functional support responded to within 16 working hours,Non-Standardized,Not  Applicable,"Priority 1: A Capable, Ethical and Developmental State",Good governance,"Governance, State Capacity and Institutional Development cluster",,,,,,,,,,,,,,,,98 %,99.58 %,,,,98 %,99.58 %,99.58,Encourage officials not to rely on E-Mail notifications of calls but to log into the system three times per day to respond to logged calls.,None,,165
,Free State: Provincial Treasury,Free State,Programme 4: Financial Governance,Sub - Programme 4.2: Accounting Services,Annually,Annual Report of consolidated financial statements submitted to legislature,Non-Standardized,Not  Applicable,"Priority 1: A Capable, Ethical and Developmental State",Good governance,"Governance, State Capacity and Institutional Development cluster",,,,,,,,,,,Within one month of receiving the signed audit report from AGSA,Within one month of receiving the signed audit report from AGSA,,,,,,,,,Within one month of receiving the signed audit report from AGSA,Within one month of receiving the signed audit report from AGSA,Within one month of receiving the signed audit report from AGSA,,,,165
,Free State: Provincial Treasury,Free State,Programme 4: Financial Governance,Sub - Programme 4.2: Accounting Services,Annually,Draft consolidated financial statements submitted to AGSA,Non-Standardized,Not  Applicable,"Priority 1: A Capable, Ethical and Developmental State",Good governance,"Governance, State Capacity and Institutional Development cluster",Within three months after the end of the financial year,Within three months after the end of the financial year,,,,,,,,,,,,,,,,,,,Within three months after the end of the financial year,Within three months after the end of the financial year,Within three months after the end of the financial year ,,,,165
,Free State: Provincial Treasury,Free State,Programme 4: Financial Governance,Sub - Programme 4.2: Accounting Services,Quarterly,Default,Non-Standardized,Not  Applicable,"An efficient, effective and development-oriented public service",-,Governance and Administration cluster,0,,,,,0,,,,,0,,,,,0,,,,,0,0,0,,,,165
,Free State: Provincial Treasury,Free State,Programme 4: Financial Governance,Sub - Programme 4.2: Accounting Services,Quarterly,Number of consolidated monthly and quarterly Key Control Matrix assessment reports ,Non-Standardized,Not  Applicable,"Priority 1: A Capable, Ethical and Developmental State",Good governance,"Governance, State Capacity and Institutional Development cluster",5,5,,,,5,5,,,,4,4,,,,5,5,,,,19,19,19,,,,165
,Free State: Provincial Treasury,Free State,Programme 4: Financial Governance,Sub - Programme 4.2: Accounting Services,Quarterly,Number of consolidated reports on assessment of IFS and draft AFS,Non-Standardized,Not  Applicable,"Priority 1: A Capable, Ethical and Developmental State",Good governance,"Governance, State Capacity and Institutional Development cluster",1,1,,,,1,1,,,,1,1,,,,1,1,,,,4,4,4,,,,165
,Free State: Provincial Treasury,Free State,Programme 4: Financial Governance,Sub - Programme 4.2: Accounting Services,Quarterly,Percentage of IFS and draft AFS received on time assessed,Non-Standardized,Not  Applicable,"Priority 1: A Capable, Ethical and Developmental State",Good governance,"Governance, State Capacity and Institutional Development cluster",100 %,100 %,,,,100 %,100 %,,,,100 %,100 %,,,,100 %,100 %,,,,100 %,100 %,100,,,,165
,Free State: Provincial Treasury,Free State,Programme 4: Financial Governance,Sub - Programme 4.3: Provincial Risk Management and Internal Audit,Annually,Number of consolidated assessment reports on Internal Audit activities,Non-Standardized,Not  Applicable,"Priority 1: A Capable, Ethical and Developmental State",Good governance,"Governance, State Capacity and Institutional Development cluster",,,,,,,,,,,,,,,,1,1,,,,1,1,1,,,,165
,Free State: Provincial Treasury,Free State,Programme 4: Financial Governance,Sub - Programme 4.3: Provincial Risk Management and Internal Audit,Annually,Number of consolidated assessment reports on Risk Management and Fraud and Ethics Risk,Non-Standardized,Not  Applicable,"Priority 1: A Capable, Ethical and Developmental State",Good governance,"Governance, State Capacity and Institutional Development cluster",,,,,,,,,,,,,,,,1,1,,,,1,1,1,,,,165
,Free State: Provincial Treasury,Free State,Programme 4: Financial Governance,Sub - Programme 4.3: Provincial Risk Management and Internal Audit,Annually,Number of fraud awareness capacity building sessions,Non-Standardized,Not  Applicable,"Priority 1: A Capable, Ethical and Developmental State",Good governance,"Governance, State Capacity and Institutional Development cluster",,,,,,,,,,,,,,,,3,3,,,,3,3,3,,,,165
,Free State: Provincial Treasury,Free State,Programme 4: Financial Governance,Sub - Programme 4.3: Provincial Risk Management and Internal Audit,Annually,Number of training sessions relating to Risk Management and Internal Audit,Non-Standardized,Not  Applicable,"Priority 1: A Capable, Ethical and Developmental State",Good governance,"Governance, State Capacity and Institutional Development cluster",,,,,,,,,,,,,,,,2,2,,,,2,2,2,,,,165
,Free State: Provincial Treasury,Free State,Programme 4: Financial Governance,Sub - Programme 4.3: Provincial Risk Management and Internal Audit,Annually,Percentage of Internal Audit activities files received on time assessed,Non-Standardized,Not  Applicable,"Priority 1: A Capable, Ethical and Developmental State",Good governance,"Governance, State Capacity and Institutional Development cluster",,,,,,,,,,,,,,,,100 %,100 %,,,,100 %,100 %,100,,,,165
,Free State: Provincial Treasury,Free State,Programme 4: Financial Governance,Sub - Programme 4.3: Provincial Risk Management and Internal Audit,Annually,Percentage of Risk Management and Fraud and Ethics Risk files received on time assessed,Non-Standardized,Not  Applicable,"Priority 1: A Capable, Ethical and Developmental State",Good governance,"Governance, State Capacity and Institutional Development cluster",,,,,,,,,,,,,,,,100 %,100 %,,,,100 %,100 %,100,,,,165
,Free State: Provincial Treasury,Free State,Programme 4: Financial Governance,Sub - Programme 4.3: Provincial Risk Management and Internal Audit,Quarterly,Default,Non-Standardized,Not  Applicable,"An efficient, effective and development-oriented public service",-,Governance and Administration cluster,,,,,,,,,,,,,,,,,,,,,,,,,,,165
,Free State: Provincial Treasury,Free State,Programme 5: Municipal Finance Management,Sub - Programme 5.2:  Municipal Budgets and IYM,Annually,Percentage of municipalities' budgets received on time assessed,Non-Standardized,Not  Applicable,"Priority 1: A Capable, Ethical and Developmental State",Good governance,"Governance, State Capacity and Institutional Development cluster",,,,,,100 %,100 %,,,,,,,,,,,,,,100 %,100 %,100,,,,165
,Free State: Provincial Treasury,Free State,Programme 5: Municipal Finance Management,Sub - Programme 5.2:  Municipal Budgets and IYM,Quarterly,Number of Section 71(7) budget performance reports published,Non-Standardized,Not  Applicable,"Priority 1: A Capable, Ethical and Developmental State",Good governance,"Governance, State Capacity and Institutional Development cluster",1,1,,,,1,1,,,,1,1,,,,1,1,,,,4,4,4,,,,165
,Free State: Provincial Treasury,Free State,Programme 5: Municipal Finance Management,Sub - Programme 5.2: Thabo Mofutsanyana District,Quarterly,Default,Non-Standardized,Not  Applicable,"An efficient, effective and development-oriented public service",-,Governance and Administration cluster,,,,,,,,,,,,,,,,,,,,,,,,,,,165
,Free State: Provincial Treasury,Free State,Programme 5: Municipal Finance Management,Sub - Programme 5.3:  Municipal Accounting and Assets,Annually,Number of Asset Management forums,Non-Standardized,Not  Applicable,"Priority 1: A Capable, Ethical and Developmental State",Good governance,"Governance, State Capacity and Institutional Development cluster",1,,,,,,,,,,,,,,,,,,,,1,,1,,,,165
,Free State: Provincial Treasury,Free State,Programme 5: Municipal Finance Management,Sub - Programme 5.3:  Municipal Accounting and Assets,Annually,Number of municipalities supported on accounting related issues,Non-Standardized,Not  Applicable,"Priority 1: A Capable, Ethical and Developmental State",Good governance,"Governance, State Capacity and Institutional Development cluster",,,,,,,,,,,,,,,,22,22,,,,22,22,22,,,,165
,Free State: Provincial Treasury,Free State,Programme 5: Municipal Finance Management,Sub - Programme 5.3:  Municipal Accounting and Assets,Annually,Percentage of municipalities with audit action plans completed by 28 February monitored,Non-Standardized,Not  Applicable,"Priority 1: A Capable, Ethical and Developmental State",Good governance,"Governance, State Capacity and Institutional Development cluster",,,,,,,,,,,,,,,,100 %,100 %,,,,100 %,100 %,100,,,,165
,Free State: Provincial Treasury,Free State,Programme 5: Municipal Finance Management,Sub - Programme 5.4:  Municipal Revenue and Debt Management,Quarterly,Number of Revenue Management forums,Non-Standardized,Not  Applicable,"Priority 1: A Capable, Ethical and Developmental State",Good governance,"Governance, State Capacity and Institutional Development cluster",0,,,,,1,1,,,,0,,,,,1,1,,,,2,2,2,,,,165
,Free State: Provincial Treasury,Free State,Programme 5: Municipal Finance Management,Sub - Programme 5.4: Lejweleputswa District,Annually,Default,Non-Standardized,Not  Applicable,"An efficient, effective and development-oriented public service",-,Governance and Administration cluster,,,,,,,,,,,,,,,,,,,,,,,,,,,165
,Free State: Provincial Treasury,Free State,Programme 5: Municipal Finance Management,Sub - Programme 5.4: Municipal Revenue and Debt Management,Annually,Number of municipalities supported on revenue management,Not Applicable,Not  Applicable,"Priority 1: A Capable, Ethical and Developmental State",Good governance,"Governance, State Capacity and Institutional Development cluster",,,,,,,,,,,,,,,,12,12,,,,12,12,12,,,,165
,Free State: Provincial Treasury,Free State,Programme 5: Municipal Finance Management,Sub - Programme 5.5:  Municipal Supply Chain Management,Annually,Number of municipalities supported on SCM compliance,Non-Standardized,Not  Applicable,"Priority 1: A Capable, Ethical and Developmental State",Good governance,"Governance, State Capacity and Institutional Development cluster",,,,,,,,,,,,,,,,22,22,,,,22,22,22,,,,165
,Free State: Provincial Treasury,Free State,Programme 5: Municipal Finance Management,Sub - Programme 5.6: Municipal Risk Management and Internal Audit,Annually,Default,Non-Standardized,Not  Applicable,"An efficient, effective and development-oriented public service",-,Governance and Administration cluster,,,,,,,,,,,,,,,,,,,,,0,,0,,,,165
,Free State: Provincial Treasury,Free State,Programme 5: Municipal Finance Management,Sub - Programme 5.6: Municipal Risk Management and Internal Audit,Annually,Number of municipalities assessed and supported on Internal Audit and Risk Management,Non-Standardized,Not  Applicable,"Priority 1: A Capable, Ethical and Developmental State",Good governance,"Governance, State Capacity and Institutional Development cluster",,,,,,,,,,,,,,,,22,22,,,,22,22,22,,,,165
,Free State: Provincial Treasury,Free State,Programme 5: Municipal Finance Management,Sub - Programme 5.6: Municipal Risk Management and Internal Audit,Quarterly,Default,Non-Standardized,Not  Applicable,"An efficient, effective and development-oriented public service",-,Governance and Administration cluster,0,,,,,0,,,,,0,,,,,0,,,,,0,0,0,,,,165
,Free State: Provincial Treasury,Free State,Programme 5: Municipal Finance Management,Sub - Programme 5.6: Municipal Risk Management and Internal Audit,Quarterly,Number of training sessions on Internal Audit and Risk Management provided,Non-Standardized,Not  Applicable,"Priority 1: A Capable, Ethical and Developmental State",Good governance,"Governance, State Capacity and Institutional Development cluster",0,,,,,1,1,,,,0,,,,,1,1,,,,2,2,2,,,,165
,Free State: Provincial Treasury,Free State,Programme 5: Municipal Finance Management,Sub - Programme 5.7: Municipal Financial Recovery Service,Annually,Number of municipalities monitored and supported on financial recovery plans,Not Applicable,Not  Applicable,"Priority 1: A Capable, Ethical and Developmental State",Good governance,"Governance, State Capacity and Institutional Development cluster",,,,,,,,,,,,,,,,2,2,,,,2,2,2,,,,165
,Free State: Provincial Treasury,Free State,Programme 5: Municipal Finance Management,Sub - Programme 5.7: Municipal Financial Recovery Service,Annually,Number of municipalities supported on preventative control measures,Not Applicable,Not  Applicable,"Priority 1: A Capable, Ethical and Developmental State",Good governance,"Governance, State Capacity and Institutional Development cluster",,,,,,,,,,,,,,,,5,5,,,,5,5,5,,,,165
