Sector,Institution,Programme,SubProgramme,Location,Frequency,Indicator,Type,SubType,Outcome,Priority,Cluster,DesiredPerformance,Target_Q1,ActualOutput_Q1,Target_Q2,ActualOutput_Q2,Target_Q3,ActualOutput_Q3,Target_Q4,ActualOutput_Q4,AnnualTarget_Summary2,Preliminary_Summary2,PrelimaryAudited_Summary2,ReasonforDeviation_Summary,CorrectiveAction_Summary,ValidatedAudited_Summary2,ReasonforDeviation_Q1,CorrectiveAction_Q1,National_Q1,ReasonforDeviation_Q2,CorrectiveAction_Q2,OTP_Q2,National_Q2,ReasonforDeviation_Q3,CorrectiveAction_Q3,OTP_Q3,National_Q3,ReasonforDeviation_Q4,CorrectiveAction_Q4,OTP_Q4,National_Q4,OTP_Q1,UID
Basic Education,Education,Gauteng,Programme 1:  Administration,Programme 1:  Administration,Annually,MTSF 101: Conduct an annual ECD Headcount Survey ,Non-Standardized,Not  Applicable,"Priority 3: Education, Skills And Health","Education, Skills Revolution and Health ","The Social Protection, Community and Human Development cluster",All ECD centres to be registered and actively using electronic means to transact with the Department,,,,,,,Approved Annual ECD Headcount Report,"Annual ECD Headcount 
Survey developed

",Approved Annual ECD Headcount Report,"Annual ECD Headcount 
Survey developed

",,Achieved,Nil,,,,,,,,,,,,,,,,,,125
Basic Education,Education,Gauteng,Programme 1:  Administration,Programme 1:  Administration,Annually,MTSF 102: Number of schools connected for teaching and learning,Non-Standardized,Not  Applicable,"Priority 3: Education, Skills And Health","Education, Skills Revolution and Health ","The Social Protection, Community and Human Development cluster",All township secondary schools connected.,,,,,,,200,218,200,218,,"Achieved: 
The Department in partnership with the Department of e-Government, increased the number of schools connected through the implementation of the contract to roll out connectivity.

",Nil,,,,,,,,,,,,,,,,,,125
Basic Education,Education,Gauteng,Programme 1:  Administration,Programme 1:  Administration,Annually,MTSF 103: Number of Schools with access to ICT devices,Non-Standardized,Not  Applicable,"Priority 3: Education, Skills And Health","Education, Skills Revolution and Health ","The Social Protection, Community and Human Development cluster",All schools have access to ICT resources to support curriculum delivery.,,,,,,,300,300,300,300,,Achieved,Nil,,,,,,,,,,,,,,,,,,125
Basic Education,Education,Gauteng,Programme 1:  Administration,Programme 1:  Administration,Annually,MTSF 104: Gazetted Provincial Proclamation to regulate the new ECD landscape ,Non-Standardized,Not  Applicable,"Priority 3: Education, Skills And Health","Education, Skills Revolution and Health ","The Social Protection, Community and Human Development cluster",The ECD Sector is transferred to the GDE with no disruptions to service delivery and subsidies,,,,,,,Target achieved in 2023/24,"Approved
 Provincial 
ECD Proclamation

",Target achieved in 2023/24,"Approved
 Provincial 
ECD Proclamation

",,Achieved,Nil,,,,,,,,,,,,,,,,,,125
Basic Education,Education,Gauteng,Programme 1:  Administration,Programme 1:  Administration,Annually,POI 101: Percentage of female employees in top management,Non-Standardized,Not  Applicable,"Priority 3: Education, Skills And Health","Education, Skills Revolution and Health ","The Social Protection, Community and Human Development cluster",To ensure equality in the workplace and that females has equal opportunity.,,,,,,,47.0,48.3,47.0,48.3,,"Achieved:
The implementation of the recruitment strategy of the Department resulted in the increased employment of females in SMS posts.",Nil,,,,,,,,,,,,,,,,,,125
Basic Education,Education,Gauteng,Programme 1:  Administration,Programme 1:  Administration,Annually,POI 101: Percentage of female employees in top management,Not Applicable,Not  Applicable,"Priority 3: Education, Skills And Health","Education, Skills Revolution and Health ","The Social Protection, Community and Human Development cluster",,,,,,,,47.81 %,000 %,47.81 %,000 %,,Refer to updated achievement,Nil,,,,,,,,,,,,,,,,,,125
Basic Education,Education,Gauteng,Programme 1:  Administration,Programme 1:  Administration,Annually,POI 102: Percentage of people with a disability employed in the Department,Non-Standardized,Not  Applicable,"Priority 3: Education, Skills And Health","Education, Skills Revolution and Health ","The Social Protection, Community and Human Development cluster",To improve diversity and ensure equality in the workplace.,,,,,,,3.0 %,3 %,3.0 %,3 %,,Achieved,Nil,,,,,,,,,,,,,,,,,,125
Basic Education,Education,Gauteng,Programme 1:  Administration,Programme 1:  Administration,Annually,SOI 103: Percentage of expenditure going towards non-personnel items,Non-Standardized,Not  Applicable,"Priority 3: Education, Skills And Health","Education, Skills Revolution and Health ","The Social Protection, Community and Human Development cluster","To decrease personnel expenditure and ensure that more funds are made available for non-personnel items. On or above target, i.e., more funds spent on non-personnel items than anticipated.",,,,,,,25.8 %,28.01 %,25.8 %,28.01 %,,"Achieved:
Overspending is due to the high expenditure from ICT together with claims against the state and leave gratuity.
",Nil,,,,,,,,,,,,,,,,,,125
Basic Education,Education,Gauteng,Programme 1:  Administration,Programme 1:  Administration,Quarterly,SOI 101: Number of public schools that use the South African School Administration and Management System (SA-SAMS) or any alternative electronic solution to provide data,Standardized,Max,"Priority 3: Education, Skills And Health","Education, Skills Revolution and Health ","The Social Protection, Community and Human Development cluster",,2216,2221,2216,"



2221",2216,"



2221",2216,2211,2216,2221,,,,,"The achievement was as a result of the net effect of 5 new schools opening due to increased demand.
",No corrective ,"There is  alignment between the targets in the e-QPR and the 2024/25 APP for all the quarters  of the  2024/25 financial year. The outcome for the 1st quarter of the 2024/25 financial year is 99,5% of the set target.   The variance is 5. The PED has  provided a reason for the attainment of the set target for the quarter under review. ",The achievement was as a result of the net effect of 5 new schools opening due to increased demand.,No corrective action,Target exceeded.," The outcome for the 2nd  quarter of the 2024/25 financial year is 100.2% of the set target. The variance is 5. The PED has provided a reason for the attainment of the outcome for the quarter under review.
","
The achievement was as a result of the net effect of 5 new schools opening due to increased demand.
",No corrective action,Target achieved,"The PED has achieved 100,2% of the set target for the quarter under review. The variance is 5.  The PED has provided a reason for the attainment of the set target.  
","Achieved:
The achievement was as a result of the net effect of 5 new schools opening due to increased demand ",Nil,Target Exceeded,"The PED has achieved 99,77%  of the set target for the quarter under review.   The variance is -5. The PED has provided a reason for the attainment  of the quarterly target.  The PED is advisedd to check the comment under ""Reason fro Deviation Q4"" as the narrative shows that 5 schools have opened versus vi the minus five in terms of the variance.
",,125
Basic Education,Education,Gauteng,Programme 1:  Administration,Programme 1:  Administration,Quarterly,SOI 102: Number of public schools that can be contacted electronically (e-mail),Standardized,Max,"Priority 3: Education, Skills And Health","Education, Skills Revolution and Health ","The Social Protection, Community and Human Development cluster",,2216,2221,2216,"
2221",2216,"
2221",2216,2211,2216,2221,,,,,The achievement was as a result of the net effect of 5 new schools opening due to increased demand.,No corrective,"There is  alignment between the targets in the e-QPR and the 2024/25 APP for all the quarters  of the  2024/25 financial year. The outcome for the 1st quarter of the 2024/25 financial year is 99,5% of the set target.   The variance is 5. The PED has  provided a reason for the attainment of the set target for the quarter under review. 
",The achievement was as a result of the net effect of 5 new schools opening due to increased demand.,No corrective action,Target exceeded.," The outcome for the 2nd  quarter of the 2024/25 financial year is 100.2% of the set target. The variance is 5. The PED has provided a reason for the attainment of the outcome for the quarter under review.
",The achievement was as a result of the net effect of 5 new schools opening due to increased demand,No corrective action,Target Achieved,"The PED has achieved 100,2% of the set target for the quarter under review. The variance is 5.  The PED has provided a reason for the attainment of the set target.  
","Achieved:
The achievement was as a result of the net effect of 5 new schools opening due to increased demand.",Nil,Target Exceeded,"The PED has achieved 99,77%  of the set target for the quarter under review.   The variance is -5. The PED has provided a reason for the attainment  of the quarterly target.  The PED is advisedd to check the comment under ""Reason fro Deviation Q4"" as the narrative shows that 5 schools have opened versus vi the minus five in terms of the variance.
",,125
Basic Education,Education,Gauteng,Programme 2.	Public Ordinary School Education,Programme 2.	Public Ordinary School Education,Annually, POI 201: Number of SIPP residential camps ,Not Applicable,Not  Applicable,"Priority 3: Education, Skills And Health","Education, Skills Revolution and Health ","The Social Protection, Community and Human Development cluster",,,,,,,,30,000,30,000,,See achievement below,Nil,,,,,,,,,,,,,,,,,,125
Basic Education,Education,Gauteng,Programme 2.	Public Ordinary School Education,Programme 2.	Public Ordinary School Education,Annually,MTSF 201: Annual Report for the development of lesson plans and exemplars for Grade 1-3 Home Languages,Non-Standardized,Not  Applicable,"Priority 3: Education, Skills And Health","Education, Skills Revolution and Health ","The Social Protection, Community and Human Development cluster",All Foundation Phase teachers use exemplars and lesson plans to plan and benchmark content delivery in home languages offered in the province.,,,,,,,"Approved Provincial Annual Report on lesson plan development
","Approved Provincial Annual Report on lesson plan development
","Approved Provincial Annual Report on lesson plan development
","Approved Provincial Annual Report on lesson plan development
",,Achieved,Nil,,,,,,,,,,,,,,,,,,125
Basic Education,Education,Gauteng,Programme 2.	Public Ordinary School Education,Programme 2.	Public Ordinary School Education,Annually,MTSF 202: Annual Report on the availability of reading material for Grade 3 learners in indigenous languages,Non-Standardized,Not  Applicable,"Priority 3: Education, Skills And Health","Education, Skills Revolution and Health ","The Social Protection, Community and Human Development cluster","All schools, offering Grade 3 indigenous languages have access to indigenous language reading materials. ",,,,,,,Approved Provincial Annual Report on the availability of reading material for Grade 3 learners,"Approved Provincial Annual Report on the  availability of reading material for Grade 3 learners
",Approved Provincial Annual Report on the availability of reading material for Grade 3 learners,"Approved Provincial Annual Report on the  availability of reading material for Grade 3 learners
",,Achieved,Nil,,,,,,,,,,,,,,,,,,125
Basic Education,Education,Gauteng,Programme 2.	Public Ordinary School Education,Programme 2.	Public Ordinary School Education,Annually,MTSF 203: Progress Report on the implementation of the National Reading Plan,Non-Standardized,Not  Applicable,"Priority 3: Education, Skills And Health","Education, Skills Revolution and Health ","The Social Protection, Community and Human Development cluster",All Public Primary schools improve reading competency amongst their learners.,,,,,,,Approved Bi-annual Progress Reports on the implementation of the National Reading Plan ,"Approved Bi-annual Progress Reports on the implementation of the National Reading Plan 
",Approved Bi-annual Progress Reports on the implementation of the National Reading Plan ,"Approved Bi-annual Progress Reports on the implementation of the National Reading Plan 
",,Achieved,Nil,,,,,,,,,,,,,,,,,,125
Basic Education,Education,Gauteng,Programme 2.	Public Ordinary School Education,Programme 2.	Public Ordinary School Education,Annually,MTSF 204: Number of foundation phase teachers trained on teaching reading and numeracy,Non-Standardized,Not  Applicable,"Priority 3: Education, Skills And Health","Education, Skills Revolution and Health ","The Social Protection, Community and Human Development cluster","All teachers in the Foundation Phases to be trained in teaching reading and numeracy. 
The target for the year is to be met or exceeded.",,,,,,,Refer to SOI: 204 and 205,000,Refer to SOI: 204 and 205,000,,Refer to SOI: 204 and 205,Nil,,,,,,,,,,,,,,,,,,125
Basic Education,Education,Gauteng,Programme 2.	Public Ordinary School Education,Programme 2.	Public Ordinary School Education,Annually,MTSF 205: Number of teachers trained in math and language content and methodology,Non-Standardized,Not  Applicable,"Priority 3: Education, Skills And Health","Education, Skills Revolution and Health ","The Social Protection, Community and Human Development cluster","All teachers to be trained in mathematics and language content and methodology.
The target for the year is to be met or exceeded.",,,,,,,Refer to SOI: 206 and 207,000,Refer to SOI: 206 and 207,000,,Refer to SOI: 206 and 207,Nil,,,,,,,,,,,,,,,,,,125
Basic Education,Education,Gauteng,Programme 2.	Public Ordinary School Education,Programme 2.	Public Ordinary School Education,Annually,MTSF 206: Number of districts in which the teacher development plans have been implemented,Non-Standardized,Not  Applicable,"Priority 3: Education, Skills And Health","Education, Skills Revolution and Health ","The Social Protection, Community and Human Development cluster",All districts implementing teacher development programmes.,,,,,,,15,15,15,15,,Achieved,Nil,,,,,,,,,,,,,,,,,,125
Basic Education,Education,Gauteng,Programme 2.	Public Ordinary School Education,Programme 2.	Public Ordinary School Education,Annually,MTSF 207: Percentage of learners with access to required maths and EFAL textbooks in Grades 6 and 9,Non-Standardized,Not  Applicable,"Priority 3: Education, Skills And Health","Education, Skills Revolution and Health ","The Social Protection, Community and Human Development cluster",All Grade 6 and 9 learners have access to Mathematics and EFAL textbooks.,,,,,,,70 %,70 %,70 %,70 %,,Achieved,Nil,,,,,,,,,,,,,,,,,,125
Basic Education,Education,Gauteng,Programme 2.	Public Ordinary School Education,Programme 2.	Public Ordinary School Education,Annually,MTSF 207: Percentage of learners with access to required maths and EFAL textbooks in Grades 6 and 9,Not Applicable,Not  Applicable,"Priority 3: Education, Skills And Health","Education, Skills Revolution and Health ","The Social Protection, Community and Human Development cluster",,,,,,,,80 %,000 %,80 %,000 %,,See achievement below,Nil,,,,,,,,,,,,,,,,,,125
Basic Education,Education,Gauteng,Programme 2.	Public Ordinary School Education,Programme 2.	Public Ordinary School Education,Annually,MTSF 208: Number of Schools of Specialisation (Focus Schools),Non-Standardized,Not  Applicable,"Priority 3: Education, Skills And Health","Education, Skills Revolution and Health ","The Social Protection, Community and Human Development cluster",Schools of Specialisation produce learners of high competence that are innovative and entrepreneurial.,,,,,,,32,36,32,36,,"Achieved:

The Department increased the number of established Schools of Specialisation to provide learners with access to specialised learning through an accelerated delivery programme. ",Nil,,,,,,,,,,,,,,,,,,125
Basic Education,Education,Gauteng,Programme 2.	Public Ordinary School Education,Programme 2.	Public Ordinary School Education,Annually,MTSF 209: Annual Catalogue of digital materials ,Non-Standardized,Not  Applicable,"Priority 3: Education, Skills And Health","Education, Skills Revolution and Health ","The Social Protection, Community and Human Development cluster",All schools are provided with a catalogue of digital content and access to a content portal ,,,,,,,Published Provincial catalogue on Digital Material,"Annual 
Provincial catalogue on Digital Material Published
",Published Provincial catalogue on Digital Material,"Annual 
Provincial catalogue on Digital Material Published
",,Achieved,Nil,,,,,,,,,,,,,,,,,,125
Basic Education,Education,Gauteng,Programme 2.	Public Ordinary School Education,Programme 2.	Public Ordinary School Education,Annually,POI 201: Number of SSIP residential camps,Non-Standardized,Not  Applicable,"Priority 3: Education, Skills And Health","Education, Skills Revolution and Health ","The Social Protection, Community and Human Development cluster",Improved learner performance in underperforming and fully functional and well-resourced secondary schools. ,,,,,,,60,115,60,115,,"Achieved:
The Department offered additional SSIP camps in response to the needs of learners in technical schools as well as in underperforming schools. This was made possible through the re-prioritisation of funds.",Nil,,,,,,,,,,,,,,,,,,125
Basic Education,Education,Gauteng,Programme 2.	Public Ordinary School Education,Programme 2.	Public Ordinary School Education,Annually,POI 202: Number of learners in SSIP camps,Non-Standardized,Not  Applicable,"Priority 3: Education, Skills And Health","Education, Skills Revolution and Health ","The Social Protection, Community and Human Development cluster",Improved learner performance in underperforming and fully functional and well-resourced secondary schools.,,,,,,,15000,21524,15000,21524,,"Achieved:
Additional
 learners were targeted in SSIP camps in response to the needs of learners in technical schools as well as in underperforming and Section 58B schools. This was made possible through the re-prioritisation of funds.",Nil,,,,,,,,,,,,,,,,,,125
Basic Education,Education,Gauteng,Programme 2.	Public Ordinary School Education,Programme 2.	Public Ordinary School Education,Annually,POI 203: Number of learners with access to the National School Nutrition Programme,Non-Standardized,Not  Applicable,"Priority 3: Education, Skills And Health","Education, Skills Revolution and Health ","The Social Protection, Community and Human Development cluster",Learners from no-fee paying schools and identified fee-paying schools provided with a nutritious meal on a daily basis while at school,,,,,,,1665349,1730356,1665349,1730356,,"Achieved:
The 
increase in learner numbers is as a result of the increased enrolment in existing qualifying schools as well as the inclusion of new qualifying schools.",Nil,,,,,,,,,,,,,,,,,,125
Basic Education,Education,Gauteng,Programme 2.	Public Ordinary School Education,Programme 2.	Public Ordinary School Education,Annually,POI 204: Number of learners eligible to benefit from learner transport,Non-Standardized,Not  Applicable,"Priority 3: Education, Skills And Health","Education, Skills Revolution and Health ","The Social Protection, Community and Human Development cluster",Learner transport to be provided to all qualifying learners who walk over 5 kilometres to the nearest school.,,,,,,,220000,228877,220000,228877,,"Achieved:

Additional learners were transported due to the initial increased enrolment of deserving learners meeting the criteria on existing and new routes.
",Nil,,,,,,,,,,,,,,,,,,125
Basic Education,Education,Gauteng,Programme 2.	Public Ordinary School Education,Programme 2.	Public Ordinary School Education,Annually,POI 204: Number of learners eligible to benefit from learner transport,Not Applicable,Not  Applicable,"Priority 3: Education, Skills And Health","Education, Skills Revolution and Health ","The Social Protection, Community and Human Development cluster",,,,,,,,210915,000,210915,000,,See achievement below,Nil,,,,,,,,,,,,,,,,,,125
Basic Education,Education,Gauteng,Programme 2.	Public Ordinary School Education,Programme 2.	Public Ordinary School Education,Annually,POI 205: Number of Public Ordinary Schools declared as No Fee Schools,Non-Standardized,Not  Applicable,"Priority 3: Education, Skills And Health","Education, Skills Revolution and Health ","The Social Protection, Community and Human Development cluster",All learners to benefit from No Fee Schools Policy.,,,,,,,1395,1404,1395,1404,,"Achieved:
Seven (7) schools 
were declared as no fee as a net effect of school closures, mergers, conversions and new classifications. In addition, 20 Schools of Specialisation have retained their no-fee status as their planned reclassification as Special Schools was deferred.",Nil,,,,,,,,,,,,,,,,,,125
Basic Education,Education,Gauteng,Programme 2.	Public Ordinary School Education,Programme 2.	Public Ordinary School Education,Annually,SOI 201: Number of schools provided with multimedia resources,Non-Standardized,Not  Applicable,"Priority 3: Education, Skills And Health","Education, Skills Revolution and Health ","The Social Protection, Community and Human Development cluster",All schools to be provided with multimedia resources. On or above target.,,,,,,,270,270,270,270,,Achieved,Nil,,,,,,,,,,,,,,,,,,125
Basic Education,Education,Gauteng,Programme 2.	Public Ordinary School Education,Programme 2.	Public Ordinary School Education,Annually,SOI 202: Number of learners in no-fee public ordinary schools in line with the National Norms and Standards for School Funding,Non-Standardized,Not  Applicable,"Priority 3: Education, Skills And Health","Education, Skills Revolution and Health ","The Social Protection, Community and Human Development cluster",The target of learners attending no-fee schools should be met or exceeded.,,,,,,,1581250,1584428,1581250,1584428,,"Achieved:
The increase in learner numbers is as a result of increased enrolment in qualifying new and newly declared No-Fee schools. 
",Nil,,,,,,,,,,,,,,,,,,125
Basic Education,Education,Gauteng,Programme 2.	Public Ordinary School Education,Programme 2.	Public Ordinary School Education,Annually,SOI 203: Percentage of learners in schools funded at a minimum level.,Non-Standardized,Not  Applicable,"Priority 3: Education, Skills And Health","Education, Skills Revolution and Health ","The Social Protection, Community and Human Development cluster",All learners to be funded in line with the minimum per learner allocation as published in the amended National Norms and Standards for School Funding.,,,,,,,100 %,100 %,100 %,100 %,,Achieved,Nil,,,,,,,,,,,,,,,,,,125
Basic Education,Education,Gauteng,Programme 2.	Public Ordinary School Education,Programme 2.	Public Ordinary School Education,Annually,SOI 204: Number of Foundation Phase teachers trained in reading methodology,Non-Standardized,Not  Applicable,"Priority 3: Education, Skills And Health","Education, Skills Revolution and Health ","The Social Protection, Community and Human Development cluster","All teachers in the Foundation Phases to be trained in Reading methodology. 
The target for the year is to be met or exceeded.",,,,,,,2500,2605,2500,2605,,"Achieved:
Based on school performance reviews, additional educators were targeted to improve and upskill their knowledge content as part of general training and to support improved learner performance in the foundation phase.",Nil,,,,,,,,,,,,,,,,,,125
Basic Education,Education,Gauteng,Programme 2.	Public Ordinary School Education,Programme 2.	Public Ordinary School Education,Annually,SOI 205: Number of Foundation Phase teachers trained in numeracy content and methodology,Non-Standardized,Not  Applicable,"Priority 3: Education, Skills And Health","Education, Skills Revolution and Health ","The Social Protection, Community and Human Development cluster","All teachers in the Foundation Phases to be trained in numeracy content and methodology. 
The target for the year is to be met or exceeded.",,,,,,,3000,3709,3000,3709,,"Achieved:
Based on school performance reviews, additional educators were targeted to improve and upskill their knowledge content as part of general training and to support improved learner performance in the foundation phase.",Nil,,,,,,,,,,,,,,,,,,125
Basic Education,Education,Gauteng,Programme 2.	Public Ordinary School Education,Programme 2.	Public Ordinary School Education,Annually,SOI 206: Number of teachers trained in Mathematics content and methodology,Non-Standardized,Not  Applicable,"Priority 3: Education, Skills And Health","Education, Skills Revolution and Health ","The Social Protection, Community and Human Development cluster","All teachers to be trained in Mathematics content and methodology.
The target for the year is to be met or exceeded.",,,,,,,2400,2487,2400,2487,,"Achieved:

Based on school performance reviews, additional educators were targeted to improve and upskill their knowledge content as part of general training and to support improved learner performance in the GET and FET phase.",Nil,,,,,,,,,,,,,,,,,,125
Basic Education,Education,Gauteng,Programme 2.	Public Ordinary School Education,Programme 2.	Public Ordinary School Education,Annually,SOI 207: Number of teachers trained in language content and methodology,Non-Standardized,Not  Applicable,"Priority 3: Education, Skills And Health","Education, Skills Revolution and Health ","The Social Protection, Community and Human Development cluster","All teachers to be trained in language content and methodology.
The target for the year is to be met or exceeded.",,,,,,,1500,1706,1500,1706,,"Achieved:
Based on school performance reviews, additional educators were targeted to improve and upskill their knowledge content as part of general training and to support improved learner performance in the GET and FET phase.",Nil,,,,,,,,,,,,,,,,,,125
Basic Education,Education,Gauteng,Programme 3: Independent School Subsidies,Programme 3: Independent School Subsidies,Annually, SOI: 302 Number of learners subsidised at registered independent Schools,Non-Standardized,Not  Applicable,"Priority 3: Education, Skills And Health","Education, Skills Revolution and Health ","The Social Protection, Community and Human Development cluster",Qualifying learners at Independent Schools are subsidised.,,,,,,,130238,145101,130238,145101,,"Achieved:
Additional schools qualified for subsidies in-year as they met the requirements for subsidies and had to be subsidised. This  resulted in an increase in the number of learners in registered independent schools.",Nil,,,,,,,,,,,,,,,,,,125
Basic Education,Education,Gauteng,Programme 3: Independent School Subsidies,Programme 3: Independent School Subsidies,Annually,SOI 301: Percentage of registered independent schools receiving Subsidies,Non-Standardized,Not  Applicable,"Priority 3: Education, Skills And Health","Education, Skills Revolution and Health ","The Social Protection, Community and Human Development cluster","All qualifying independent schools to be subsidised. Subsidised independent schools must adhere to minimum standards for regulating independent schools.
",,,,,,,24.5 %,27.79 %,24.5 %,27.79 %,,"Achieved:
Additional schools qualified in-year, met the requirements for subsidy and were subsidised. ",Nil,,,,,,,,,,,,,,,,,,125
Basic Education,Education,Gauteng,Programme 4:  Public Special School Education,Programme 4:  Public Special School Education,Annually,MTSF 401: Number of special schools with access to electronic devices (including tablets),Non-Standardized,Not  Applicable,"Priority 3: Education, Skills And Health","Education, Skills Revolution and Health ","The Social Protection, Community and Human Development cluster",All special schools using electronic devices and digital content to support learners with special needs realise their full potential.,,,,,,,75,109,75,109,,"Achieved:
The Department increased the number of schools with access to electronic devices, including tablets, to strengthen teaching and learning using ICT in Special Schools.",Nil,,,,,,,,,,,,,,,,,,125
Basic Education,Education,Gauteng,Programme 4:  Public Special School Education,Programme 4:  Public Special School Education,Annually,MTSF 402: Number of children in Grade R and Grade 1 screened for developmental delays and/or disabilities,Non-Standardized,Not  Applicable,"Priority 3: Education, Skills And Health","Education, Skills Revolution and Health ","The Social Protection, Community and Human Development cluster",All learners assessed for placement in appropriate learning programmes to address their development needs.,,,,,,,160500,163300,160500,163300,,"Achieved:
Additional learners participated in the screening exercise and increased the possibility for such learners to receive early support to address barriers to learning and development.",Nil,,,,,,,,,,,,,,,,,,125
Basic Education,Education,Gauteng,Programme 4:  Public Special School Education,Programme 4:  Public Special School Education,Annually,MTSF 403: Number of learners with disabilities enrolled in formal education programmes,Non-Standardized,Not  Applicable,"Priority 3: Education, Skills And Health","Education, Skills Revolution and Health ","The Social Protection, Community and Human Development cluster",Learners diagnosed with mild to severe disabilities can access appropriate educational and developmental programmes in LSEN schools.,,,,,,,40350,43900,40350,43900,,"Achieved:
Additional learning spaces were created to accommodate more learners with disabilities from the waiting lists in Special Schools thereby increasing the number of such learners in formal education programmes. ",Nil,,,,,,,,,,,,,,,,,,125
Basic Education,Education,Gauteng,Programme 4:  Public Special School Education,Programme 4:  Public Special School Education,Annually,POI 401: Number of educators employed in public special schools,Non-Standardized,Not  Applicable,"Priority 3: Education, Skills And Health","Education, Skills Revolution and Health ","The Social Protection, Community and Human Development cluster",Adequate number of educators to be employed in line with learner enrolment in the system.,,,,,,,4600,4672,4600,4672,,"Achieved:
The Department employed additional appropriately qualified educators in public schools as a result of increased posts in Special Schools. ",Nil,,,,,,,,,,,,,,,,,,125
Basic Education,Education,Gauteng,Programme 4:  Public Special School Education,Programme 4:  Public Special School Education,Annually,SOI 401: Number of learners in public special schools,Non-Standardized,Not  Applicable,"Priority 3: Education, Skills And Health","Education, Skills Revolution and Health ","The Social Protection, Community and Human Development cluster","All learners with physical, intellectual, sensory disabilities attend public special schools.
",,,,,,,61277,84143,61277,84143,,"Achieved:
Additional learning spaces were created for learners on the waiting lists for placement in Special Schools. This resulted in additional learners being successfully placed. ",Nil,,,,,,,,,,,,,,,,,,125
Basic Education,Education,Gauteng,Programme 4:  Public Special School Education,Programme 4:  Public Special School Education,Quarterly,SOI 402: Number of therapists/specialist staff in public special schools,Standardized,Not  Applicable,"Priority 3: Education, Skills And Health","Education, Skills Revolution and Health ","The Social Protection, Community and Human Development cluster",,623,673,623,"

673",623,"
682",623,671,623,671,,,,,"Increase in the employment of specialist staff is as a result of additional specialist staff recruited to support the learners with barriers.
",No corrective action,"There is  alignment between the targets in the e-QPR and the 2024/25 APP for all the quarters  of the  2024/25 financial year. The outcome for the 1st quarter of the 2024/25 financial year is 108% of the set target.   The variance is 50. The PED has  provided a reason for the attainment of the set target for the quarter under review. The PED is advised to monitor the spending in Compensation of Employees under this programme.
","Increase in the employment of specialist staff is as a result of additional specialist staff 
recruited to support the learners with barriers.",No corrective action,Target exceeded.," The outcome for the 2nd  quarter of the 2024/25 financial year is 100.8% of the set target. The variance is 50. The PED has provided a reason for the attainment of the outcome for the quarter under review. The PED is advised to monitor the spending of Compensation of employees for the remainder of the financial year.
",The increase in the employment of specialist staff is due to additional specialist staff recruited to support the learners with barriers.,No corrective action,Target exceeded,"The PED has achieved 100,2% of the set target for the quarter under review. The variance is 59.  The PED has provided a reason for the attainment of the set target.  The PED is advised to monitor the spending in the remaining months of the year on Compensation of Employees.
","Achieved:

Increase  in the employment of specialist staff  is as a result of additional  specialist staff  recruited  to support the learners with barriers.",Nil,Target exceeded,"The PED has achieved 107,7% of the set target for the quarter under review.   The variance is 48. The PED has provided a reason for the attainment  of the quarterly target.
",,125
Basic Education,Education,Gauteng,Programme 5:  Early Childhood Development,Programme 5:  Early Childhood Development,Annually,POI 501: Number of learners enrolled in Grade R,Non-Standardized,Not  Applicable,"Priority 3: Education, Skills And Health","Education, Skills Revolution and Health ","The Social Protection, Community and Human Development cluster",All eligible children to attend Grade R in a given year.,,,,,,,130100,136529,130100,136529,,"Achieved:
The increase in the number of Grade R learners is as a result of increased enrolment and because of an increase in the number of schools offering Grade R.",Nil,,,,,,,,,,,,,,,,,,125
Basic Education,Education,Gauteng,Programme 5:  Early Childhood Development,Programme 5:  Early Childhood Development,Annually,POI 502: Percentage of Grade 1 learners who have received formal Grade R education,Non-Standardized,Not  Applicable,"Priority 3: Education, Skills And Health","Education, Skills Revolution and Health ","The Social Protection, Community and Human Development cluster",All eligible children to attend Grade R in a given year. Target for the year to be met or exceeded.,,,,,,,76.0 %,78.15 %,76.0 %,78.15 %,,"Achieved:
Additional learners in Grade 1 received formal Grade R education mainly as a result of increased access to Grade R in public and private programmes.",Nil,,,,,,,,,,,,,,,,,,125
Basic Education,Education,Gauteng,Programme 5:  Early Childhood Development,Programme 5:  Early Childhood Development,Annually,POI 503: Number of fully registered ECD Centres,Non-Standardized,Not  Applicable,"Priority 3: Education, Skills And Health","Education, Skills Revolution and Health ","The Social Protection, Community and Human Development cluster","All ECD sites are registered and fully comply with the norms and standards for registration in terms of Chapter 5 Children’s Act 38 of 2005.
Target for the year to be met or exceeded.",,,,,,,1560,1606,1560,1606,,"Achieved:
Additional ECD sites were declared fully registered as a result of meeting the criteria for full registration.",Nil,,,,,,,,,,,,,,,,,,125
Basic Education,Education,Gauteng,Programme 5:  Early Childhood Development,Programme 5:  Early Childhood Development,Annually,POI 504: Number of children in registered ECD Centers,Standardized,Not  Applicable,"Priority 3: Education, Skills And Health","Education, Skills Revolution and Health ","The Social Protection, Community and Human Development cluster",All 0–5-year-old children have access to ECD progamme.,,,,,,,110000,000,110000,000,,Refer to achievement below,Nil,,,,,,,,,,,,,,,,,,125
Basic Education,Education,Gauteng,Programme 5:  Early Childhood Development,Programme 5:  Early Childhood Development,Annually,POI 504: Number of children in registered ECD Centres,Non-Standardized,Not  Applicable,"Priority 3: Education, Skills And Health","Education, Skills Revolution and Health ","The Social Protection, Community and Human Development cluster",All 0-5-year-old children have access to a registered ECD programme. Target for the year to be met or exceeded.,,,,,,,130000,160810,130000,160810,,"Achieved:
The number of children enrolled was higher than anticipated as more ECD sites met the required criteria for registration.",Nil,,,,,,,,,,,,,,,,,,125
Basic Education,Education,Gauteng,Programme 5:  Early Childhood Development,Programme 5:  Early Childhood Development,Annually,SOI 501: Number of public schools that offer Grade R,Non-Standardized,Not  Applicable,"Priority 3: Education, Skills And Health","Education, Skills Revolution and Health ","The Social Protection, Community and Human Development cluster","All public schools (ordinary and special) with Grade 1 offer Grade R.
The target for the year is to be met or exceeded.
",,,,,,,1409,1413,1409,1413,,"Achieved:
Five additional schools opted to include the Grade R programme to cater for children in the community.",Nil,,,,,,,,,,,,,,,,,,125
Basic Education,Education,Gauteng,Programme 6:  Infrastructure Development,Programme 6:  Infrastructure Development,Annually,default ,Not Applicable,Not  Applicable,Not Applicable,"Building a Capable, Ethical and Developmental State","International Cooperation, Trade and Security cluster",,,,,,,,0,000,0,000,,N/,N/A,,,,,,,,,,,,,,,,,,125
Basic Education,Education,Gauteng,Programme 6:  Infrastructure Development,Programme 6:  Infrastructure Development,Annually,POI 601: Number of classrooms refurbished as smart classrooms,Non-Standardized,Not  Applicable,"Priority 3: Education, Skills And Health","Education, Skills Revolution and Health ","The Social Protection, Community and Human Development cluster",A tech-enabled teaching and learning environment to improve the quality of education in identified classrooms.,,,,,,,350,000,350,000,,Indicator discontinued in the revised APP for 2024/25,Nil,,,,,,,,,,,,,,,,,,125
Basic Education,Education,Gauteng,Programme 6:  Infrastructure Development,Programme 6:  Infrastructure Development,Annually,POI 601: Number of new and replacement schools under construction funded by the Budget Facility for Infrastructure (BFI),Non-Standardized,Not  Applicable,"Priority 3: Education, Skills And Health","Education, Skills Revolution and Health ","The Social Protection, Community and Human Development cluster",A minimum of 18 public schools to be built over the three years.,,,,,,,"Progress report on 18 new and
replacement
schools under
construction","Approved Progress report on 18 new and replacement schools under construction
","Progress report on 18 new and
replacement
schools under
construction","Approved Progress report on 18 new and replacement schools under construction
",,Achieved,Nil,,,,,,,,,,,,,,,,,,125
Basic Education,Education,Gauteng,Programme 6:  Infrastructure Development,Programme 6:  Infrastructure Development,Annually,SOI 601: Number of public schools provided with water infrastructure,Non-Standardized,Not  Applicable,"Priority 3: Education, Skills And Health","Education, Skills Revolution and Health ","The Social Protection, Community and Human Development cluster","All public schools have access to water infrastructure. The target for the year is to be met or exceeded. NB: Provinces in which this target has already been met and where this has been audited and confirmed will indicate “Not applicable” for this measure, which refers solely to improvements to existing buildings and not new stock.",,,,,,,N/A,N/A,N/A,N/A,,N/A,Nil,,,,,,,,,,,,,,,,,,125
Basic Education,Education,Gauteng,Programme 6:  Infrastructure Development,Programme 6:  Infrastructure Development,Annually,SOI 602: Number of public schools provided with electricity infrastructure,Non-Standardized,Not  Applicable,"Priority 3: Education, Skills And Health","Education, Skills Revolution and Health ","The Social Protection, Community and Human Development cluster","All public schools have access to electricity infrastructure. The target for the year is to be met or exceeded. NB: Provinces in which this target has already been met and where this has been audited and confirmed will indicate “Not applicable” for this measure, which refers solely to improvements to existing buildings and not new stock.",,,,,,,N/A,N/A,N/A,N/A,,N/A,Nil,,,,,,,,,,,,,,,,,,125
Basic Education,Education,Gauteng,Programme 6:  Infrastructure Development,Programme 6:  Infrastructure Development,Annually,SOI 603: Number of public schools supplied with sanitation facilities,Non-Standardized,Not  Applicable,"Priority 3: Education, Skills And Health","Education, Skills Revolution and Health ","The Social Protection, Community and Human Development cluster","All public schools have access to sanitation facilities. The target for the year is to be met or exceeded. NB: Provinces in which this target has already been met and where this has been audited and confirmed will indicate “Not applicable” for this measure, which refers solely to improvements to existing buildings and not new stock.",,,,,,,N/A,N/A,N/A,N/A,,N/A,Nil,,,,,,,,,,,,,,,,,,125
Basic Education,Education,Gauteng,Programme 6:  Infrastructure Development,Programme 6:  Infrastructure Development,Annually,SOI 604: Number of schools provided with new or additional boarding facilities,Non-Standardized,Not  Applicable,"Priority 3: Education, Skills And Health","Education, Skills Revolution and Health ","The Social Protection, Community and Human Development cluster","All children have access to education, regardless of geographical location. The target for the year is to be met or exceeded.",,,,,,,N/A,N/A,N/A,N/A,,N/A,Nil,,,,,,,,,,,,,,,,,,125
Basic Education,Education,Gauteng,Programme 6:  Infrastructure Development,Programme 6:  Infrastructure Development,Annually,SOI 605: Number of schools where scheduled Maintenance projects were completed,Non-Standardized,Not  Applicable,"Priority 3: Education, Skills And Health","Education, Skills Revolution and Health ","The Social Protection, Community and Human Development cluster",Schools to be conducive to learning and teaching.,,,,,,,295,295,295,295,,Achieved,Nil,,,,,,,,,,,,,,,,,,125
Basic Education,Education,Gauteng,Programme 7: Examination and Education Related Services,Programme 7: Examination and Education Related Services,Annually, POI 702: Number of youth in structured skills development programmes (apprenticeship/ learnership/ skills programmes / work integrated learning).,Non-Standardized,Not  Applicable,"Priority 3: Education, Skills And Health","Education, Skills Revolution and Health ","The Social Protection, Community and Human Development cluster",Every youth to exit the programme with acquired skills.,,,,,,,4000,000,4000,000,,Refer to achievement below,Nil,,,,,,,,,,,,,,,,,,125
Basic Education,Education,Gauteng,Programme 7: Examination and Education Related Services,Programme 7: Examination and Education Related Services,Annually, POI 704: Number of bursary allocations to youth.,Non-Standardized,Not  Applicable,"Priority 3: Education, Skills And Health","Education, Skills Revolution and Health ","The Social Protection, Community and Human Development cluster","All deserving youth to have bursaries, limited by financial resources available to
GCRA.",,,,,,,4500,000,4500,000,,Refer to achievement below,Nil,,,,,,,,,,,,,,,,,,125
Basic Education,Education,Gauteng,Programme 7: Examination and Education Related Services,Programme 7: Examination and Education Related Services,Annually,POI 701: Number of youth (including learners) that have access to career guidance and information,Non-Standardized,Not  Applicable,"Priority 3: Education, Skills And Health","Education, Skills Revolution and Health ","The Social Protection, Community and Human Development cluster",All learners from identified schools are aware of current career paths and career opportunities. Bursars have a deepened understanding of their field of study. Out of school youth explore various options to re-engage.,,,,,,,30000,30873,30000,30873,,"Achieved:
Additional career guidance activities were conducted after the launch of the Career Guidance Programme. The programme was also redesigned to widen coverage to learners.
",Nil,,,,,,,,,,,,,,,,,,125
Basic Education,Education,Gauteng,Programme 7: Examination and Education Related Services,Programme 7: Examination and Education Related Services,Annually,POI 702: Number of youth in structured skills development programmes (apprenticeship/ learnership/ skills programmes / work integrated learning),Non-Standardized,Not  Applicable,"Priority 3: Education, Skills And Health","Education, Skills Revolution and Health ","The Social Protection, Community and Human Development cluster",Every youth to exit the programme with acquired skills.,,,,,,,2500,3011,2500,3011,,"Achieved:
The Department formed additional partnerships with sectors and industries to increase participation in the programme. ",Nil,,,,,,,,,,,,,,,,,,125
Basic Education,Education,Gauteng,Programme 7: Examination and Education Related Services,Programme 7: Examination and Education Related Services,Annually,POI 703: Number of youth benefitting from workplace experience programmes (including PYEI),Non-Standardized,Not  Applicable,"Priority 3: Education, Skills And Health","Education, Skills Revolution and Health ","The Social Protection, Community and Human Development cluster",Youth exposed to workplace experience.,,,,,,,28000,28137,28000,28137,,"Achieved:
Additional youth were placed in the PYEI programme and other workplace experience programmes due to the reprioritisation of funds.",Nil,,,,,,,,,,,,,,,,,,125
Basic Education,Education,Gauteng,Programme 7: Examination and Education Related Services,Programme 7: Examination and Education Related Services,Annually,POI 703: Number of youth benefitting from workplace experience programmes (including PYEI) ,Non-Standardized,Not  Applicable,"Priority 3: Education, Skills And Health","Education, Skills Revolution and Health ","The Social Protection, Community and Human Development cluster",Youth exposed to workplace experience.,,,,,,,35000,000,35000,000,,Refer to achievement below,Nil,,,,,,,,,,,,,,,,,,125
Basic Education,Education,Gauteng,Programme 7: Examination and Education Related Services,Programme 7: Examination and Education Related Services,Annually,POI 704: Number of bursary allocations to youth ,Non-Standardized,Not  Applicable,"Priority 3: Education, Skills And Health","Education, Skills Revolution and Health ","The Social Protection, Community and Human Development cluster","All deserving youth to have bursaries, limited by financial resources available to
GCRA.",,,,,,,3800,4105,3800,4105,,"Achieved:
The Bursary programme was extended to include the TVET sector thus resulting in additional bursaries being awarded to deserving learners.",Nil,,,,,,,,,,,,,,,,,,125
Basic Education,Education,Gauteng,Programme 7: Examination and Education Related Services,Programme 7: Examination and Education Related Services,Annually,SOI 701: Percentage of learners who passed the National Senior Certificate (NSC) examination,Non-Standardized,Not  Applicable,"Priority 3: Education, Skills And Health","Education, Skills Revolution and Health ","The Social Protection, Community and Human Development cluster",To increase the number of Grade 12 learners that are passing the NSC examinations.,,,,,,,88.0 %,88.41 %,88.0 %,88.41 %,,"Achieved: 
The Class of 2024 benefitted from the innovative and intensified academic interventions and were exposed to extended contact time spanning several days at a time in both face-to-face and online formats in SSIP programmes offered at school, district and provincial levels with access to an unprecedented range of digital resources consequently resulting in increased learners who passed the National Senior Certificate (NSC) examination. ",Nil,,,,,,,,,,,,,,,,,,125
Basic Education,Education,Gauteng,Programme 7: Examination and Education Related Services,Programme 7: Examination and Education Related Services,Annually,SOI 702: Percentage of Grade 12 learners passing at the Bachelor pass level,Non-Standardized,Not  Applicable,"Priority 3: Education, Skills And Health","Education, Skills Revolution and Health ","The Social Protection, Community and Human Development cluster","To increase the percentage of learners who are achieving Bachelor passes in the
NSC examinations.",,,,,,,44.5 %,50.27 %,44.5 %,50.27 %,,"Achieved: 
The Class of 2024 benefitted from the innovative and intensified academic interventions and were exposed to extended contact time spanning several days at a time in both face-to-face and online formats in SSIP programmes offered at school, district and provincial levels with access to an unprecedented range of digital resources consequently resulting in increased learners passing at the Bachelor Pass level. ",Nil,,,,,,,,,,,,,,,,,,125
Basic Education,Education,Gauteng,Programme 7: Examination and Education Related Services,Programme 7: Examination and Education Related Services,Annually,SOI 703: Percentage of Grade 12 learners achieving 60% and above in Mathematics ,Non-Standardized,Not  Applicable,"Priority 3: Education, Skills And Health","Education, Skills Revolution and Health ","The Social Protection, Community and Human Development cluster",To increase the number of NSC learners who are passing Mathematics with 60% and above,,,,,,,20.5 %,22.25 %,20.5 %,22.25 %,,"Achieved: 
The Class of 2024 benefitted from the innovative and intensified academic interventions and were exposed to extended contact time spanning several days at a time in both face-to-face and online formats in SSIP programmes offered at school, district and provincial levels with access to an unprecedented range of digital resources consequently resulting in increased learners achieving 60% and above in Mathematics.",Nil,,,,,,,,,,,,,,,,,,125
Basic Education,Education,Gauteng,Programme 7: Examination and Education Related Services,Programme 7: Examination and Education Related Services,Annually,SOI 704: Percentage of Grade 12 learners achieving 60% and above in Physical Sciences,Non-Standardized,Not  Applicable,"Priority 3: Education, Skills And Health","Education, Skills Revolution and Health ","The Social Protection, Community and Human Development cluster",To increase the number of NSC learners who are passing Physical Sciences at 60% and above.,,,,,,,21.5 %,18.55 %,21.5 %,18.55 %,,"Not Achieved: 
During the marking of the 2024 NSC answer scripts, the provincial marking team reported several challenges with the question papers, all of which disadvantaged learners resulting in fewer learners achieving 60% and above in Physical Sciences.","In improving the pass rate, the Department will focus on progressed and high-risk learners in all schools. The Department will work with formally declared underperforming schools in line with Section 58(b) of the South African Schools Act (SASA).",,,,,,,,,,,,,,,,,,125
Basic Education,Education,Gauteng,Programme 7: Examination and Education Related Services,Programme 7: Examination and Education Related Services,Annually,SOI 705: Number of secondary schools with National Senior Certificate (NSC) pass rate of 60% and above.,Non-Standardized,Not  Applicable,"Priority 3: Education, Skills And Health","Education, Skills Revolution and Health ","The Social Protection, Community and Human Development cluster",All Public Ordinary Schools to perform at 60% and above in the NSC.,,,,,,,900,923,900,923,,"Achieved: 
The Class of 2024 benefitted from the innovative and intensified academic interventions and were exposed to extended contact time spanning several days at a time in both face-to-face and online formats in SSIP programmes offered at school, district and provincial levels with access to an unprecedented range of digital resources consequently resulting in increased secondary schools with National Senior Certificate (NSC) pass rate of 60% and above.
",Nil,,,,,,,,,,,,,,,,,,125
Environmental Affairs,Environmental Affairs,Gauteng,"Programme 2: Environmental Policy,  Planning and Coordination  ","Programme 2: Environmental Policy,  Planning and Coordination  ",Annually,Gauteng Greenhouse Gas (GHG) Inventory Developed ,Non-Standardized,Not  Applicable,"Priority 5: Spatial Integration, Human Settlements and Local Government","Integrated Human Settlements, Basic Services and Land Release",Not Applicable,,,,,,,,1,1,1,1,,None,None,,,,,,,,,,,,,,,,,,125
Environmental Affairs,Environmental Affairs,Gauteng,"Programme 2: Environmental Policy,  Planning and Coordination  ","Programme 2: Environmental Policy,  Planning and Coordination  ",Annually,Gauteng Industrial Symbiosis Programme (GIS),Non-Standardized,Not  Applicable,"Priority 5: Spatial Integration, Human Settlements and Local Government","Integrated Human Settlements, Basic Services and Land Release",Not Applicable,,,,,,,,1,1,1,1,,None,None,,,,,,,,,,,,,,,,,,125
Environmental Affairs,Environmental Affairs,Gauteng,"Programme 2: Environmental Policy,  Planning and Coordination  ","Programme 2: Environmental Policy,  Planning and Coordination  ",Annually,Number of climate change response interventions implemented,Standardized,Not  Applicable,"Priority 1: A Capable, Ethical and Developmental State",-,"The Economic Sectors, Employment and Infrastructure Development cluster",,,,,,,,2,2,2,2,,None,None,,,,,,,,,,,,,,,,,,125
Environmental Affairs,Environmental Affairs,Gauteng,"Programme 2: Environmental Policy,  Planning and Coordination  ","Programme 2: Environmental Policy,  Planning and Coordination  ",Annually,Number of environmental research projects completed,Standardized,Not  Applicable,"Priority 1: A Capable, Ethical and Developmental State",-,"The Economic Sectors, Employment and Infrastructure Development cluster",,,,,,,,1,1,1,1,,None,None,,,,,,,,,,,,,,,,,,125
Environmental Affairs,Environmental Affairs,Gauteng,"Programme 2: Environmental Policy,  Planning and Coordination  ","Programme 2: Environmental Policy,  Planning and Coordination  ",Annually,Number of functional environmental information management systems maintained,Standardized,Not  Applicable,"Priority 1: A Capable, Ethical and Developmental State",-,"The Economic Sectors, Employment and Infrastructure Development cluster",,,,,,,,3,3,3,3,,None,None,,,,,,,,,,,,,,,,,,125
Environmental Affairs,Environmental Affairs,Gauteng,"Programme 2: Environmental Policy,  Planning and Coordination  ","Programme 2: Environmental Policy,  Planning and Coordination  ",Annually,Number of inter-governmental sector programmes implemented,Standardized,Not  Applicable,"Priority 1: A Capable, Ethical and Developmental State",-,"The Economic Sectors, Employment and Infrastructure Development cluster",,,,,,,,3,3,3,3,,None,None,,,,,,,,,,,,,,,,,,125
Environmental Affairs,Environmental Affairs,Gauteng,"Programme 2: Environmental Policy,  Planning and Coordination  ","Programme 2: Environmental Policy,  Planning and Coordination  ",Annually,Number of legislated tools developed,Standardized,Not  Applicable,"Priority 1: A Capable, Ethical and Developmental State",-,"The Economic Sectors, Employment and Infrastructure Development cluster",,,,,,,,1,1,1,1,,None, None,,,,,,,,,,,,,,,,,,125
Environmental Affairs,Environmental Affairs,Gauteng,Programme 3: Compliance and Enforcement,Programme 3: Compliance and Enforcement,Annually,Number of designated Environmental Management Inspectors (EMI) in provincial departments and local government,Non-Standardized,Not  Applicable,Priority 6: Social Cohesion and Safer Communities,"Safety, Social Cohesion and Food Security","Justice, Crime Prevention and Security cluster",,,,,,,,8,,8,,,,,,,,,,,,,,,,,,,,,,125
Environmental Affairs,Environmental Affairs,Gauteng,Programme 3: Compliance and Enforcement,Programme 3: Compliance and Enforcement,Annually,Percentage of Administrative enforcement notices complied with   ,Non-Standardized,Not  Applicable,Priority 6: Social Cohesion and Safer Communities,Sustainable Development for future generation,"Justice, Crime Prevention and Security cluster",,,,,,,,70 %,,70 %,,,,,,,,,,,,,,,,,,,,,,125
Environmental Affairs,Environmental Affairs,Gauteng,Programme 3: Compliance and Enforcement,Programme 3: Compliance and Enforcement,Annually,Percentage of compliance to legislative obligations in respect of licensed facilities inspected   ,Non-Standardized,Not  Applicable,Priority 6: Social Cohesion and Safer Communities,Sustainable Development for future generation,"Justice, Crime Prevention and Security cluster",,,,,,,,70 %,,70 %,,,,,,,,,,,,,,,,,,,,,,125
Environmental Affairs,Environmental Affairs,Gauteng,Programme 3: Compliance and Enforcement,Programme 3: Compliance and Enforcement,Quarterly,Number of administrative enforcement notices issued for non-compliance with environmental management legislation,Standardized,Not  Applicable,"Priority 5: Spatial Integration, Human Settlements and Local Government",-,"The Economic Sectors, Employment and Infrastructure Development cluster",,26,22,25,28,23,23,26,17,100,90,,,,,None,No corrective measures are required as administrative enforcement notices can only be issued when there are non-compliances found during inspections and investigations,"The province is below Q1 target and has not achieved the target for the quarter 
","During the inspections and investigations conducted, 28 facilities were found to be non-compliant with their authorisations and / or environmental legislation.",None,Reasons for deviations must also be provided for areas of over achievement. Please provide the reason for deviation,"The province is above Q2 target and has achieved by exceeding the target for the quarter 
",None,"All administrative enforcement notices were issued as received
",Kindly provide actual output before finalisation of the report,"Report not yet complete
",The number of administrative enforcement notices issued is determined by the number of non-compliances that were detected. Reduced number of non-compliances detected results in reduced number of administrative enforcement notices issued and that does not require any corrective measures.,None,Unable to assess as preliminary report is not provided,"The province did not provide performance data (actual output) for Quarter 4 on the indicator and as a result the performance assessment feedback can not be provided. The department is kindly requested to provide quarterly performance data on time.  
",Provide reason for under achievement ,125
Environmental Affairs,Environmental Affairs,Gauteng,Programme 3: Compliance and Enforcement,Programme 3: Compliance and Enforcement,Quarterly,Number of completed criminal investigations handed to the NPA for prosecution,Standardized,Not  Applicable,"Priority 5: Spatial Integration, Human Settlements and Local Government",-,"The Economic Sectors, Employment and Infrastructure Development cluster",,7,6,9,9,8,7,6,10,30,32,,,,,The target was missed by one (1) due to unavailability of some of the witnesses to obtain the witness statements and the outstanding forensic reports and specialists' statements.,The outstanding witness statements and specialists statements and forensic reports will be obtained in the second quarter to complete the investigations and ensure that the annual target is achieved,"The province is below Q1 target and has not achieved the target for the quarter 
",Nine (9) criminal investigations were finalised and handed over to the National Prosecuting Authority (NPA),None,,"The province is above Q2 target and has achieved by exceeding the target for the quarter 
",Seven (7) criminal investigations were finalised and handed over to the National Prosecuting Authority. One (1) investigation could not be finalized due to the unavailability of some witnesses during the month of December and the courts been closed for December recess.,The outstanding witness statements will be obtained during the next quarter to ensure that the annual target is achieved. It is envisaged that the annual target will be met as there is positive progress towards achievement of annual target. ,Kindly provide actual output before finalisation of the report,Report not yet complete,Ten (10 criminal investigations were finalised and handed over to the NPA during quarter 4 of 2024/25.,None,,"The province is above quarter 4 target and has achieved the quarterly and annual target  
",,125
Environmental Affairs,Environmental Affairs,Gauteng,Programme 3: Compliance and Enforcement,Programme 3: Compliance and Enforcement,Quarterly,Number of compliance inspections conducted,Standardized,Not  Applicable,"Priority 5: Spatial Integration, Human Settlements and Local Government",-,"The Economic Sectors, Employment and Infrastructure Development cluster",,75,97,75,93,60,78,60,58,270,326,,,,,The target for the quarter 1 April 2024 - June 2024 was achieved and exceeded due to follow-ups on administrative enforcement notices and complaints received.,None,"The province is above Q1 target and has achieved by exceeding the target for the quarter 
","Follow-ups on administrative enforcement notices and complaints received, enabled the overachievement of the quarter target.",None,,"The province is above Q2 target and has achieved by exceeding the target for the quarter 
","Target overachieved due to follow-ups on administrative enforcement notices issued and complaints received for the quarter
",None,,"The province is above Q3 target and has achieved by exceeding the target for the quarter 
", Due to budget constraints for the last reporting quarter was not able to achieve the set target for this indicator.,Request more funds for the next financial year.,,"The province is below quarter 4 target and has not achieved the quarterly target. The annual target has been achieved  
",,125
Environmental Affairs,Environmental Affairs,Gauteng,Programme 3: Compliance and Enforcement,Programme 3: Compliance and Enforcement,Quarterly,Percentage of Complete s24G applications finalized within 60 working days of the date of receipt of proof of payment of section 24G administrative fine,Non-Standardized,Not  Applicable,Priority 6: Social Cohesion and Safer Communities,Sustainable Development for future generation,"Justice, Crime Prevention and Security cluster",,100 %,100 %,100 %,100 %,100 %,100 %,100 %,100 %,100 %,,,,,,None,None,,Two (02) section 24G applications were finalized within 60 working days of the payment being paid in full.,None,,,None,None,,,None,None,,,,125
Environmental Affairs,Environmental Affairs,Gauteng,Programme 3: Compliance and Enforcement,Sub-Programme 3.1: Environmental quality management compliance and enforcement,Annually,Percentage  of facilities with atmospheric Emission licenses reporting to the National Atmospheric Emissions Inventory System (NAEIS),Non-Standardized,Not  Applicable,Priority 6: Social Cohesion and Safer Communities,"Integrated Human Settlements, Basic Services and Land Release","The Social Protection, Community and Human Development cluster",,,,,,,,,,100 %,,,,,,,,,,,,,,,,,,,,,,125
Environmental Affairs,Environmental Affairs,Gauteng,Programme 4: Environmental Quality Management,Programme 4: Environmental Quality Management,Annually,Feasibility Study  for the Regional Integrated Waste facility,Not Applicable,Not  Applicable,"Priority 5: Spatial Integration, Human Settlements and Local Government","Integrated Human Settlements, Basic Services and Land Release","The Social Protection, Community and Human Development cluster",,,,,,,,Phase 3 Feasibility study  and Treasury study for the regional integrated Waste facility,0,Phase 3 Feasibility study  and Treasury study for the regional integrated Waste facility,0,,Target was not met due to lack of funds,The department will make every effort to secure funding for the programme. ,,,,,,,,,,,,,,,,,,125
Environmental Affairs,Environmental Affairs,Gauteng,Programme 4: Environmental Quality Management,Programme 4: Environmental Quality Management,Annually,feasibility study for regional integrated Waste Facility,Not Applicable,Not  Applicable,Priority 2: Economic Transformation And Job Creation,"Economy, Jobs and Infrastructure ","The Economic Sectors, Employment and Infrastructure Development cluster",Phase 4 Detailed Feasibility study,,,,,,,,0,,0,,Lack of funds.,The department will allocate funds for the programme.,,,,,,,,,,,,,,,,,,125
Environmental Affairs,Environmental Affairs,Gauteng,Programme 4: Environmental Quality Management,Programme 4: Environmental Quality Management,Annually,Gauteng Waste Minimisation Regulation Promulgated,Non-Standardized,Not  Applicable,"Priority 5: Spatial Integration, Human Settlements and Local Government","Integrated Human Settlements, Basic Services and Land Release","The Social Protection, Community and Human Development cluster",,,,,,,,Gauteng Waste Minimisation Regulation Promulgated,0,Gauteng Waste Minimisation Regulation Promulgated,0,,"There was no budget, because no funds were allocated during the budget adjustment as had been anticipated.",The department will allocate funds for this programme.,,,,,,,,,,,,,,,,,,125
Environmental Affairs,Environmental Affairs,Gauteng,Programme 4: Environmental Quality Management,Programme 4: Environmental Quality Management,Annually,Gauteng Waste Minimisation Regulation Promulgated,Not Applicable,Not  Applicable,Priority 2: Economic Transformation And Job Creation,"Economy, Jobs and Infrastructure ","The Economic Sectors, Employment and Infrastructure Development cluster","o






",,,,,,,,0,,0,,"There was no budget, because no funds were allocated during the budget adjustment as had been anticipated.",The department will allocate funds for this programme.,,,,,,,,,,,,,,,,,,125
Environmental Affairs,Environmental Affairs,Gauteng,Programme 4: Environmental Quality Management,Programme 4: Environmental Quality Management,Annually,N umber of recycling Facilities and buy back centres supported with infrastructure,Not Applicable,Not  Applicable,Priority 2: Economic Transformation And Job Creation,"Economy, Jobs and Infrastructure ","The Economic Sectors, Employment and Infrastructure Development cluster","o






",,,,,,,,0,,0,,Target was not met due to lack of funds,The department will raise funding for the implementation of the programme.,,,,,,,,,,,,,,,,,,125
Environmental Affairs,Environmental Affairs,Gauteng,Programme 4: Environmental Quality Management,Programme 4: Environmental Quality Management,Annually,Number of Gauteng Net Zero guideline 2050 developed,Not Applicable,Not  Applicable,Priority 2: Economic Transformation And Job Creation,"Building a Capable, Ethical and Developmental State","Governance, State Capacity and Institutional Development cluster",,,,,,,,1,1,1,1,,None,None,,,,,,,,,,,,,,,,,,125
Environmental Affairs,Environmental Affairs,Gauteng,Programme 4: Environmental Quality Management,Programme 4: Environmental Quality Management,Annually,Number of recycling facilities and buy back centres supported with infrastructure & equipment,Non-Standardized,Not  Applicable,Priority 2: Economic Transformation And Job Creation,"Economy, Jobs and Infrastructure ","The Economic Sectors, Employment and Infrastructure Development cluster",,,,,,,,100,0,100,0,,Target was not met due to lack of funds,The department will raise funding for the implementation of the programme.,,,,,,,,,,,,,,,,,,125
Environmental Affairs,Environmental Affairs,Gauteng,Programme 4: Environmental Quality Management,Programme 4: Environmental Quality Management,Annually,Number of waste receptacles procured in TISH communities,Non-Standardized,Not  Applicable,Priority 2: Economic Transformation And Job Creation,"Economy, Jobs and Infrastructure ","The Economic Sectors, Employment and Infrastructure Development cluster",,,,,,,,5000,0,5000,0,,No budget for the activity.,The department will raise funding of waste receptacles procured in TISH communities.,,,,,,,,,,,,,,,,,,125
Environmental Affairs,Environmental Affairs,Gauteng,Programme 4: Environmental Quality Management,Programme 4: Environmental Quality Management,Annually,Number of waste receptacles procured in TISH communities,Not Applicable,Not  Applicable,Priority 2: Economic Transformation And Job Creation,"Economy, Jobs and Infrastructure ","The Economic Sectors, Employment and Infrastructure Development cluster","o






",,,,,,,,0,,0,,No budget for the activity.,The department will raise funding of waste receptacles procured in TISH communities.,,,,,,,,,,,,,,,,,,125
Environmental Affairs,Environmental Affairs,Gauteng,Programme 4: Environmental Quality Management,Programme 4: Environmental Quality Management,Annually,Number of waste recycling cooperatives formalised,Non-Standardized,Not  Applicable,Priority 2: Economic Transformation And Job Creation,"Economy, Jobs and Infrastructure ","The Economic Sectors, Employment and Infrastructure Development cluster",,,,,,,,100,0,100,0,,There was no budget for this programme.,Performance figures will be made available as soon as the report is finalised.,,,,,,,,,,,,,,,,,,125
Environmental Affairs,Environmental Affairs,Gauteng,Programme 4: Environmental Quality Management,Programme 4: Environmental Quality Management,Annually,Number of waste recycling cooperatives formalised,Not Applicable,Not  Applicable,Priority 2: Economic Transformation And Job Creation,"Economy, Jobs and Infrastructure ","The Economic Sectors, Employment and Infrastructure Development cluster","o






",,,,,,,,,,,,The report is not yet finalised,Performance figures will be made available as soon as the report is finalised.,,,,,,,,,,,,,,,,,,125
Environmental Affairs,Environmental Affairs,Gauteng,Programme 4: Environmental Quality Management,Programme 4: Environmental Quality Management,Annually,Number of waste recycling cooperatives trained,Non-Standardized,Not  Applicable,Priority 2: Economic Transformation And Job Creation,"Economy, Jobs and Infrastructure ","The Economic Sectors, Employment and Infrastructure Development cluster",,,,,,,,100,0,100,0,,There was no budget allocated for this programme,budget has been allocated for this programme,,,,,,,,,,,,,,,,,,125
Environmental Affairs,Environmental Affairs,Gauteng,Programme 4: Environmental Quality Management,Programme 4: Environmental Quality Management,Annually,umber of waste recycling cooperatives trained,Not Applicable,Not  Applicable,Priority 2: Economic Transformation And Job Creation,"Economy, Jobs and Infrastructure ","The Economic Sectors, Employment and Infrastructure Development cluster","o






",,,,,,,,0,,0,,The report is not yet finalised,The report will soon be finalised.,,,,,,,,,,,,,,,,,,125
Environmental Affairs,Environmental Affairs,Gauteng,Programme 4: Environmental Quality Management,Programme 4: Environmental Quality Management,Quarterly,Number of Health Care Waste Approvals issued,Non-Standardized,Not  Applicable,"Priority 5: Spatial Integration, Human Settlements and Local Government","Integrated Human Settlements, Basic Services and Land Release","The Social Protection, Community and Human Development cluster",,10,13,10,17,15,23,15,14,50,67,,,,,speedy processing of recommendations from line function by HOD's office,None,,"Hard work and dedication by staff, and recommendations from line functions processed timeously",none,,,"23 HCRW were received and issued
",None,Kindly provide actual output before finalisation of the report,,The target was not achieved due to the strike by Green Army workers where the departmental officials were not allowed to access the building. some of the recommended authorisations were routed to HOD's office late because of the strike.,"Even though the Q4 target was not achieved/met, the annual target of 50 was achieved and exceeded by 16. 66 HCRW approvals was issued during the 2024-2025 financial year and the Q4 target didn't have any negative impact on the annual target.",,,,125
Environmental Affairs,Environmental Affairs,Gauteng,Programme 4: Environmental Quality Management,Programme 4: Environmental Quality Management,Quarterly,Number of Waste Certificates issued,Non-Standardized,Not  Applicable,"Priority 5: Spatial Integration, Human Settlements and Local Government","Integrated Human Settlements, Basic Services and Land Release","The Social Protection, Community and Human Development cluster",,162,304,163,335,250,328,225,397,800,1364,,,,,No network challenges experienced during the period under review,None,,"335 certificates were issued, and the system was working efficiently without any network problems hence the overachievement of the quarter target.",None,"Review reasons for deviation for the indicator “Number of Waste Certificates issued” which outlines that underachievement is due to dedication and hard work from the team. Although this is commendable, it is a minimum requirement for all employees in government. The department must provide reasons for overachievement that supplements the teams dedication and hard work. Were there more applications received than anticipated or was there a drive to accelerate issuing of certificates, etc",,"Internet, online system and hard work from the GWIS team contributed to the target achievement and beyond
",None,Kindly provide actual output before finalisation of the report,,397 GWIS Certificates were issued during the period under review and the target was exceeded by 172 due to the online system not experiencing any glitches and network problem. Hard work and dedication from the GWIS administrators also contributed.,None,,,,125
Environmental Affairs,Environmental Affairs,Gauteng,Programme 4: Environmental Quality Management,Programme 4: Environmental Quality Management,Quarterly,Percentage of complete Atmospheric Emission Licenses (AELs) issued within legislated timeframes,Standardized,Not  Applicable,"Priority 1: A Capable, Ethical and Developmental State",-,"The Economic Sectors, Employment and Infrastructure Development cluster",,100,NAR,100,100,100,0,100,0,100,-,,,,,No AEL Application was received and therefore none was issued. All AEL Applications will be processed on time when received.,None,"The province did not receive applications during quarter one.
","One Atmospheric Licenses
(AEL) application was received  and issued within legislated timeframes.",None,,"The province is on target for Q2 and has achieved the target for the quarter 
",No AEL Application received (NAR),None,"If actual output is 0, it means indicator is not achieved. Is this the meaning of this target?","The province did not receive applications during quarter three.
",No application Received (NAR).,None,,"The province did not receive applications during quarter four.
",,125
Environmental Affairs,Environmental Affairs,Gauteng,Programme 4: Environmental Quality Management,Programme 4: Environmental Quality Management,Quarterly,Percentage of complete Environmental Impact Assessment (EIA) applications finalized within legislated timeframes,Standardized,Not  Applicable,"Priority 1: A Capable, Ethical and Developmental State",-,"The Economic Sectors, Employment and Infrastructure Development cluster",,100,92,100,100,100,91,100,92,100,-,,,,,Two applications were finalised outside of the legislated 30 days' time frame while three were finalised outside of the legislated 107 days' time frame. These applications were bit complex and needed further consultation with other directorates in the department.,ntroduction of centralized database/spreadsheet of all applications to enable managers to track files that are likely to be out of time frame. Weekly updates of applications that requires extensive consultation with other directorates will be introduced.,"The province is below Q1 target and has not achieved the target for the quarter 
","Ten applications were completed outside the stipulated time frames, due to internal administrative errors.",Introduction of centralised database/spreadsheet of all applications to enable managers to track files that are likely to be out of timeframe. Weekly updates of applications that require extensive consultation with other Directorates will also be introduced,,"The province is on target for Q2 and has achieved the target for the quarter 
","One (1) investigation could not be finalized due to the unavailability of some witnesses during the month of December and the courts been closed for December recess

During the month October 2024 only 4 Part 1 amendment applications (i.e. 25 out of 29 applications) were finalized outside the time frame, due to the delays on the issuing of the departmental proclamation by the President. 
","The outstanding witness statements will be obtained during the next quarter to ensure that the annual target is achieved
",Kindly provide actual output before finalisation of the report,"Performance data expected to be finalised by month end of January 2025 
",Technical failure of the online system as well as complexity of some of the applications,Improve technical skills for all reviewing levels and urged IT and Service Provider to finalise the migration of the EIA Online system from the E-Gov server to SharePoint Cloud “Improve technical skills for all reviewing levels and urged IT and Service Provider to finalise the migration of the EIA Online system from the E-Gov server to SharePoint Cloud,Unable to assess as preliminary report is not provided,"The province did not provide performance data (actual output) for Quarter 4 on the indicator and as a result the performance assessment feedback can not be provided. The department is kindly requested to provide quarterly performance data on time.  
",Are both the 30 days and 107 days legislated timeframes?,125
Environmental Affairs,Environmental Affairs,Gauteng,Programme 4: Environmental Quality Management,Programme 4: Environmental Quality Management,Quarterly,Percentage of complete Waste License applications finalised within legislated time-frames,Standardized,Not  Applicable,"Priority 1: A Capable, Ethical and Developmental State",-,"The Economic Sectors, Employment and Infrastructure Development cluster",,100,100,100,100,100,100,100,100,100,-,,,,,None,None,"The province is on target for Q1 and has achieved the target for the quarter 
",All licenses were issued within legislated timeframes during the period under review.,None,,"The province is on target for Q2 and has achieved the target for the quarter 
",None,None,Kindly provide actual output before finalisation of the report,"Performance data expected to be finalised by month end of January 2025 

",None,None,,"The province is on target for Q4 and has achieved the annual target  
",,125
Environmental Affairs,Environmental Affairs,Gauteng,Programme 4: Environmental Quality Management,Sub-Programme 4.1: Impact Management,Quarterly,Percentage of complete EIA applications finalised within legislated timeframes,Non-Standardized,Not  Applicable,"Priority 5: Spatial Integration, Human Settlements and Local Government","Integrated Human Settlements, Basic Services and Land Release","The Social Protection, Community and Human Development cluster",,100 %,92 %,100 %,100 %,100 %,0 %,100 %,92 %,100 %,284 %,,,,,Two applications were finalised outside of the legislated 30 days' time frame while three were finalised outside of the legislated 107 days' time frame. These applications were bit complex and needed further consultation with other directorates in the department.,Introduction of centralized database/spreadsheet of all applications to enable managers to track files that are likely to be out of time frame. Weekly updates of applications that requires extensive consultation with other directorates will be introduced,,All licenses were issued within legislated timeframes during the period under review.,None,,,Report not yet finalised,Will update as soon as the report is ready,Kindly provide actual output before finalisation of the report,,Technical failure of the online system as well as complexity of some of the applications, Improve technical skills for all reviewing levels and urged IT and Service Provider to finalise the migration of the EIA Online system from the E-Gov server to SharePoint Cloud “Improve technical skills for all reviewing levels and urged IT and Service Provider to finalise the migration of the EIA Online system from the E-Gov server to SharePoint Cloud,Unable to assess as preliminary report is not provided,,,125
Environmental Affairs,Environmental Affairs,Gauteng,Programme 5:  Biodiversity Management,Programme 5:  Biodiversity Management,Annually,Number of Biodiversity Economy initiatives implemented,Standardized,Not  Applicable,"Priority 5: Spatial Integration, Human Settlements and Local Government",-,"The Economic Sectors, Employment and Infrastructure Development cluster",,,,,,,,1,1,1,1,,None,None,,,,,,,,,,,,,,,,,,125
Environmental Affairs,Environmental Affairs,Gauteng,Programme 5:  Biodiversity Management,Programme 5:  Biodiversity Management,Annually,Number of hectares of land under rehabilitation/restoration,Non-Standardized,Not  Applicable,Priority 6: Social Cohesion and Safer Communities,Sustainable Development for future generation,"Justice, Crime Prevention and Security cluster",,,,,,,,,,,,,,,,,,,,,,,,,,,,,,,,125
Environmental Affairs,Environmental Affairs,Gauteng,Programme 5:  Biodiversity Management,Programme 5:  Biodiversity Management,Annually,Number of hectares under  conservation Estate,Non-Standardized,Not  Applicable,Priority 6: Social Cohesion and Safer Communities,Sustainable Development for future generation,"Justice, Crime Prevention and Security cluster",,,,,,,,,,,,,,,,,,,,,,,,,,,,,,,,125
Environmental Affairs,Environmental Affairs,Gauteng,Programme 5:  Biodiversity Management,Programme 5:  Biodiversity Management,Annually,Number of hectares under the conservation estate,Standardized,Not  Applicable,"Priority 5: Spatial Integration, Human Settlements and Local Government",-,"The Economic Sectors, Employment and Infrastructure Development cluster",,,,,,,,700,87452,700,87452,,22 hectares were done in the conservation estate over the base of 87 430 taking the conserved land area to 87 452.,Only 1 site was considered for NEMPAA STATUS.,,,,,,,,,,,,,,,,,,125
Environmental Affairs,Environmental Affairs,Gauteng,Programme 5:  Biodiversity Management,Programme 5:  Biodiversity Management,Annually,Percentage of area of state managed protected areas assessed with a METT score above 67%,Standardized,Not  Applicable,"Priority 5: Spatial Integration, Human Settlements and Local Government",-,"The Economic Sectors, Employment and Infrastructure Development cluster",,,,,,,,100 %,100 %,100 %,100 %,,None,None,,,,,,,,,,,,,,,,,,125
Environmental Affairs,Environmental Affairs,Gauteng,Programme 5:  Biodiversity Management,Programme 5:  Biodiversity Management,Quarterly,Percentage of complete biodiversity management permits issued within legislated timeframes,Standardized,Not  Applicable,"Priority 5: Spatial Integration, Human Settlements and Local Government",-,"The Economic Sectors, Employment and Infrastructure Development cluster",,90 %,87 %,90 %,86 %,100 %,,100 %,92 %,90 %,265 %,,,,,"delays caused by some of the applications being incorrectly captured by the applicants, resulting in the permits being processed outside legislated timeframes",Management control measures to be put in place towards ensuring that applications are correctly completed and issued within legislated timeframes ,"The province is on target for Q1 and has achieved the target for the quarter 
","Several factors contributed to underachievement of the target during the reporting period under review (Integrated Permit System errors; Introduction of E-submission, depleted Ink toners and Wi-Fi contract elapsed at Fed-sure, resulting into online applications not being processed)","Increased ICT support on E-submission, and SITA to improve on the system","The reason for deviation for the indicator “Percentage of complete biodiversity management permits issued within legislated timeframes” seems incomplete and does not explain the circumstances that led underachievement. What about the high percentage on hard copy applications and the system upgrade, led to the underachievement?",,,,Kindly provide actual output before finalisation of the report,"The province is on target for Q3 and has achieved the target for the quarter 
",A grand total of 2360 permits were issued. 2168 or 92% of the total number of permits were issued within time frames. ,"92% was achieved, Target was 90%. The total number of applications has increased in 2024/2026 financial year. Grand total of 9665 permits were issued this year versus last financial year's record of 9321 with the same number of capacity within Permits Office. The online system has malfunctions due to workload and storage problems due to high demand in permits. ",Unable to assess as preliminary report is not provided,"The province did not provide performance data (actual output) for Quarter 4 on the indicator and as a result the performance assessment feedback can not be provided. The department is kindly requested to provide quarterly performance data on time.  
",,125
Environmental Affairs,Environmental Affairs,Gauteng,Programme 5:  Biodiversity Management,Programme 5:  Biodiversity Management,Quarterly,Percentage of complete biodiversity management permits issued within legislated timeframes,Standardized,Not  Applicable,Priority 6: Social Cohesion and Safer Communities,"Safety, Social Cohesion and Food Security","Justice, Crime Prevention and Security cluster",,,,,,,,,,,0 %,,,,,,,,,,,,,,,,Report is not yet available.,Report will be submitted as soon as it is finalised.,,,,125
Environmental Affairs,Environmental Affairs,Gauteng,Programme 5:  Biodiversity Management,Sub-Programme 5.1: Biodiversity and Protected Area Planning and Management,Annually,Number of hectares of land under rehabilitation/ restoration,Standardized,Not  Applicable,"Priority 5: Spatial Integration, Human Settlements and Local Government","Integrated Human Settlements, Basic Services and Land Release","Governance, State Capacity and Institutional Development cluster",,,,,,,,3600,2301,3600,2301,,"2301,8 hectares were cleared missing the target by 1298.2 ha. The target was missed because the reserves did not have adequate amount of herbicide.",Prioritise and procure herbicide during the first quarter of the financial year,,,,,,,,,,,,,,,,,,125
Environmental Affairs,Environmental Affairs,Gauteng,Programme 5:  Biodiversity Management,Sub-Programme 5.1: Biodiversity and Protected Area Planning and Management,Annually,Number of reserves integrated management plans reviewed within legislated timeframe,Non-Standardized,Not  Applicable,"Priority 1: A Capable, Ethical and Developmental State","Building a Capable, Ethical and Developmental State","Governance, State Capacity and Institutional Development cluster",,,,,,,,1,2,1,2,,We brought in Scientific services to assist fast track the completion of the IMPs.,None,,,,,,,,,,,,,,,,,,125
Environmental Affairs,Environmental Affairs,Gauteng,Programme 5:  Biodiversity Management,Sub-Programme 5.1: Biodiversity and Protected Area Planning and Management,Annually,Number of urban parks considered for a NEM: PAA status,Standardized,Not  Applicable,"Priority 5: Spatial Integration, Human Settlements and Local Government","Integrated Human Settlements, Basic Services and Land Release","Governance, State Capacity and Institutional Development cluster",,,,,,,,1,1,1,1,,None,None,,,,,,,,,,,,,,,,,,125
Environmental Affairs,Environmental Affairs,Gauteng,Programme 5:  Biodiversity Management,Sub-Programme 5.1: Biodiversity and Protected Area Planning and Management,Quarterly,Percentage of complete biodiversity management permits issued within legislated timeframes,Non-Standardized,Not  Applicable,Priority 6: Social Cohesion and Safer Communities,"Safety, Social Cohesion and Food Security","Justice, Crime Prevention and Security cluster",,90 %,90 %,90 %,86 %,90 %,91 %,90 %,92 %,90 %,92 %,,,,,None,None,"The province is on target for Q1 and has achieved the target for the quarter 
",High Percentage on hard copy applications and the system upgrade,Migration from Manual to electronic Submission.,,"The province is below Q2 target and has not achieved the target for the quarter 
",None,None,,,A grand total of 2360 permits were issued. 2168 or 92% of the total number of permits were issued within time frames. ,"92% was achieved, Target was 90%. The total number of applications has increased in 2024/2026 financial year. Grand total of 9665 permits were issued this year versus last financial year's record of 9321 with the same number of capacity within Permits Office. The online system has malfunctions due to workload and storage problems due to high demand in permits. ",Unable to assess as preliminary report is not provided,,,125
Environmental Affairs,Environmental Affairs,Gauteng,Programme 6:	Environmental Empowerment Services  ,Programme 6:	Environmental Empowerment Services  ,Annually,Number of EPWP FTE jobs created,Non-Standardized,Not  Applicable,Priority 2: Economic Transformation And Job Creation,"Economy, Jobs and Infrastructure ","The Economic Sectors, Employment and Infrastructure Development cluster",,,,,,,,355,2361,355,2361,,"The Green Army Project was extended by further 6 months, so participants were engaged for a longer period of time.",,,,,,,,,,,,,,,,,,,125
Environmental Affairs,Environmental Affairs,Gauteng,Programme 6:	Environmental Empowerment Services  ,Programme 6:	Environmental Empowerment Services  ,Annually,Number of work opportunities created through environment sector public employment programmes,Standardized,Not  Applicable,"Priority 1: A Capable, Ethical and Developmental State",-,"The Economic Sectors, Employment and Infrastructure Development cluster",,,,,,,,2600,5243,2600,5243,,Due to the implementation of the Green Army Project,None,,,,,,,,,,,,,,,,,,125
Environmental Affairs,Environmental Affairs,Gauteng,Programme 6:	Environmental Empowerment Services  ,Programme 6:	Environmental Empowerment Services  ,Quarterly,Number of environmental awareness activities conducted,Standardized,Not  Applicable,"Priority 3: Education, Skills And Health",-,"The Economic Sectors, Employment and Infrastructure Development cluster",,50,175,70,184,90,108,40,62,250,529,,,,,"Waste Management through the Green Army cleanups and litter picking 
 contributed to more awareness activities for Q1",None,"The province is above Q1 target and has achieved by exceeding the target for the quarter 
",Waste Management project under the Green Army contributed more awareness activities for the Q2.,None,,"The province is above Q2 target and has achieved by exceeding the target for the quarter 
","Management contributed more activities for Q3 and the demand for awareness activities is rising due to NGOs and other organizations taking interest  on Environmental Protection, Sustainability and Advocacy
",None,Kindly provide actual output before finalisation of the report,"Performance data expected during month end of January 2025 
",BKB cleanups contributed more awareness activities for quarter 4.,None,Unable to assess as preliminary report is not provided,"The province did not provide performance data (actual output) for Quarter 4 on the indicator and as a result the performance assessment feedback can not be provided. The department is kindly requested to provide quarterly performance data on time.  
",,125
Environmental Affairs,Environmental Affairs,Gauteng,Programme 6:	Environmental Empowerment Services  ,Programme 6:	Environmental Empowerment Services  ,Quarterly,Number of environmental capacity building activities conducted,Standardized,Not  Applicable,"Priority 3: Education, Skills And Health",-,"The Economic Sectors, Employment and Infrastructure Development cluster",,10,12,15,26,15,6,10,14,50,58,,,,,Green Army contributed most of the Capacity Building trainings for Q1,None,"The province is above Q1 target and has achieved by exceeding the target for the quarter 
","Waste Management contributed more capacity building trainings in Q2, which enabled the overachievement of the quarterly target.",None,"
The reason for deviation for “Number of environmental capacity building activities conducted” is not aligned to the underachievement.  It is phrased as if the department achieved on the targets when it did not. The department must also provide the corrective measure against this indicator. When a target is not achieved, actions that will be implemented to improve performance for the indicator must be provided
","The province is below Q2 target and has not achieved the target for the quarter 
","System errors experienced during the reporting quarter especially for the national permits
","The Department to continually engage National to improve the online system towards improved achievement on the set target
",Kindly provide actual output before finalisation of the report,"Performance data expected during month end of January 2025 
",The Alien Invasive  Species Eradication programme has contributed more capacity building trainings for the quarter.,None,Unable to assess as preliminary report is not provided,"The province did not provide performance data (actual output) for Quarter 4 on the indicator and as a result the performance assessment feedback can not be provided. The department is kindly requested to provide quarterly performance data on time.  
",,125
Environmental Affairs,Environmental Affairs,Gauteng,Programme 6:	Environmental Empowerment Services  ,Sub-Programme 6.1: Environmental Capacity Development and Support,Annually,Number of EPWP FTE jobs created,Non-Standardized,Not  Applicable,Priority 2: Economic Transformation And Job Creation,Sustainable Development for future generation,"The Economic Sectors, Employment and Infrastructure Development cluster",,,,,,,,350,2361,350,2361,,"The Green Army Project was extended by further 6 months, so participants were engaged for a longer period of time",None,,,,,,,,,,,,,,,,,,125
Environmental Affairs,Environmental Affairs,Gauteng,Programme 6:	Environmental Empowerment Services  ,Sub-Programme 6.1: Environmental Capacity Development and Support,Annually,Number of quality environmental education resources materials developed,Non-Standardized,Not  Applicable,"Priority 3: Education, Skills And Health","Education, Skills Revolution and Health ","The Social Protection, Community and Human Development cluster",,,,,,,,2,2,2,2,,2,"2 Environmental Educational Resource Materials were produced as follows:

1 Manual - Waste Crisis in Gauteng 
1 Poster- Key drivers of Biodiversity loss in Gauteng
",,,,,,,,,,,,,,,,,,125
Environmental Affairs,Environmental Affairs,Gauteng,Programme 6:	Environmental Empowerment Services  ,Sub-Programme 6.1: Environmental Capacity Development and Support,Annually,Number of trees (greening) planted,Non-Standardized,Not  Applicable,Priority 6: Social Cohesion and Safer Communities,Sustainable Development for future generation,"The Social Protection, Community and Human Development cluster",,,,,,,,700000,,700000,,,,,,,,,,,,,,,,,,,,,,125
Environmental Affairs,Environmental Affairs,Gauteng,Programme 6:	Environmental Empowerment Services  ,Sub-Programme 6.1: Environmental Capacity Development and Support,Annually,Number of work opportunities created through environment sector public employment programmes,Standardized,Not  Applicable,Priority 2: Economic Transformation And Job Creation,Sustainable Development for future generation,"The Economic Sectors, Employment and Infrastructure Development cluster",,,,,,,,2500,5243,2500,5243,,Due to the implementation of the Green Army Project,None,,,,,,,,,,,,,,,,,,125
Environmental Affairs,Environmental Affairs,Gauteng,Programme 6:	Environmental Empowerment Services  ,Sub-Programme 6.1: Environmental Capacity Development and Support,Quarterly,Number of environmental awareness activities conducted,Standardized,Not  Applicable,Not Applicable,Sustainable Development for future generation,"The Social Protection, Community and Human Development cluster",,50,,70,184,90,108,50,62,260,354,,,,,,,,Waste Management project under the Green Army contributed more awareness activities for the Q2.,None,,,"Management contributed more activities for Q3 and the demand for awareness activities is rising due to NGOs and other organizations taking interest  on Environmental Protection, Sustainability and Advocacy
",None,Kindly provide actual output before finalisation of the report,, BKB cleanups contributed more awareness activities for quarter 4.,None,Unable to assess as preliminary report is not provided,,Actual achievement not provided,125
Environmental Affairs,Environmental Affairs,Gauteng,Programme 6:	Environmental Empowerment Services  ,Sub-Programme 6.1: Environmental Capacity Development and Support,Quarterly,Number of environmental capacity building activities conducted,Standardized,Not  Applicable,Priority 4: Consolidating the Social Wage through Reliable and Quality Basic Services,Sustainable Development for future generation,"The Social Protection, Community and Human Development cluster",,10,,15,26,15,6,10,14,50,46,,,,,,,,"Waste Management contributed more capacity building trainings in Q2, which enabled the overachievement of the quarterly target.",None,,,"System errors experienced during the reporting quarter especially for the national permits
","The Department to continually engage National to improve the online system towards improved achievement on the set target
",Kindly provide actual output before finalisation of the report,,The Alien Invasive  Species Eradication programme has contributed more capacity building trainings for the quarter,The Alien Invasive  Species Eradication programme has contributed more capacity building trainings for the quarter,Unable to assess as preliminary report is not provided,,Actual achievement not provided,125
Environmental Affairs,Environmental Affairs,Gauteng,Programme 6:	Environmental Empowerment Services  ,Sub-Programme 6.1: Environmental Capacity Development and Support,Quarterly,Number of trees (greening) planted,Non-Standardized,Not  Applicable,Priority 6: Social Cohesion and Safer Communities,Sustainable Development for future generation,"The Social Protection, Community and Human Development cluster",,0,,150000,28 379,80000,60 437,70000,53946,300000,142762,,,,,,,,There was not enough budget to procure the required number of trees for Q2.,More funds are needed to procure more trees to cover the shortfall.,,,"The continuation of the Arbor Month celebration contributed to the planting of more trees during the quarter under review
",None,Kindly provide actual output before finalisation of the report,,Budgetary constraints played a role in the procurement of trees ,The target can not be reached as this is the last report of the financial year,Unable to assess as preliminary report is not provided,,,125
