Sector,Institution,Programme,SubProgramme,Location,Frequency,Indicator,Type,SubType,Outcome,Priority,Cluster,Target_Q1,ActualOutput_Q1,ReasonforDeviation_Q1,CorrectiveAction_Q1,National_Q1,Target_Q2,ActualOutput_Q2,ReasonforDeviation_Q2,CorrectiveAction_Q2,Target_Q3,ActualOutput_Q3,ReasonforDeviation_Q3,CorrectiveAction_Q3,OTP_Q3,National_Q3,Target_Q4,ActualOutput_Q4,ReasonforDeviation_Q4,CorrectiveAction_Q4,AnnualTarget_Summary2,Preliminary_Summary2,PrelimaryAudited_Summary2,ReasonforDeviation_Summary,CorrectiveAction_Summary,ValidatedAudited_Summary2,OTP_Q1,OTP_Q2,UID
,"Sport, Arts and Culture",Limpopo,Programme 1: Administration,Programme 1: Administration,Annually,Default,Non-Standardized,Not  Applicable,"Priority 1: A Capable, Ethical and Developmental State",-,Test 1,,,,,,,,,,,,,,,,,,,,,,,,,,,,153
,"Sport, Arts and Culture",Limpopo,Programme 1: Administration,Programme 1: Administration,Quarterly,Default,Non-Standardized,Not  Applicable,"Priority 1: A Capable, Ethical and Developmental State",-,Test 1,,,,,,,,,,,,,,,,,,,,,-,,,,,,,153
,"Sport, Arts and Culture",Limpopo,Programme 1: Administration,Programme 1: Administration,Quarterly,Number of capacity building programmes implemented,Non-Standardized,Max,"Priority 3: Education, Skills And Health",3. Provision of quality education and a quality health care system(2019-2024),"The Social Protection, Community and Human Development cluster",2,2,None,None,Achieved as planned.,2,2,None,None,2,2,None,None,Achieved,Achieved as planned.,2,2,None,None,2,2,,,,,,,153
,"Sport, Arts and Culture",Limpopo,Programme 1: Administration,Programme 1: Administration,Quarterly,Number of employee health and wellness programmes implemented,Non-Standardized,Not  Applicable,"Priority 3: Education, Skills And Health",3. Provision of quality education and a quality health care system(2019-2024),"Governance, State Capacity and Institutional Development cluster",1,1,None,None,Achieved as planned.,2,2,None,None,2,2,None,None,Achieved,Achieved as planned.,1,1,None,None,6,6,,,,,,,153
,"Sport, Arts and Culture",Limpopo,Programme 1: Administration,Programme 1: Administration,Quarterly,Number of GBV&F workshops conducted  ,Non-Standardized,Not  Applicable,Priority 6: Social Cohesion and Safer Communities,7. Strengthen crime prevention and social cohesion (2019-2024),"The Social Protection, Community and Human Development cluster",3,3,None,None,Achieved as planned.,3,3,None,None,3,3,None,None,Achieved,Achieved as planned.,3,3,None,None,12,12,,,,,,,153
,"Sport, Arts and Culture",Limpopo,Programme 1: Administration,Programme 1: Administration,Quarterly,Number of skills development interventions implemented,Non-Standardized,Not  Applicable,"Priority 3: Education, Skills And Health",3. Provision of quality education and a quality health care system(2019-2024),"The Social Protection, Community and Human Development cluster",4,5,One (1) additional training funded and provided by Office of the Premier,None ,"Over-achieved, reason for deviation provided.",7,7,None,None,7,9,Target exceeded due to training programmes offered through Office of the Premier.,None,Achieved,Achieved as planned.,4,4,None,None,22,25,,,,,,,153
,"Sport, Arts and Culture",Limpopo,Programme 1: Administration,Programme 1: Administration,Quarterly,Percentage of valid invoices paid within 30 days,Standardized,Max,Priority 2: Economic Transformation And Job Creation,2. Transformation and modernisation of the provincial economy (2019-2024),"The Economic Sectors, Employment and Infrastructure Development cluster",100 %,99.6 %,Payments were processed but got rejected due to closed bank accounts and re-issued on BAS.,The rejected payments will not be re-issued but will be cancelled from the BAS system and recaptured when the correct banking details are submitted.,"Not achieved, reason for deviation provided.",100 %,100 %,None,None,100 %,100 %,None,None,Achieved,Achieved as planned.,100 %,100 %,None,None,100 %,100 %,,,,,,,153
,"Sport, Arts and Culture",Limpopo,Programme 1: Administration,Programme 1: Administration,Quarterly,"Percentage preferential procurement spend by sex/gender, age and disability",Non-Standardized,Not  Applicable,Priority 2: Economic Transformation And Job Creation,2. Transformation and modernisation of the provincial economy (2019-2024),"The Economic Sectors, Employment and Infrastructure Development cluster","Minimum 40% target for 
Women, 30% for Youth 
and 7% for persons with 
disabilities
"," 
Women:48.68%
Youth:31.75%
Persons with Disabilities: 1.59%

",Most people living with disability are not providing proof such as a medical certificate from medical Practitioner to claim points. ,Persons with disabilities will be encouraged to submit proof of disabilities.,"Not achieved, no reason for deviation provided.","Minimum 40% target for 
Women, 30% for Youth 
and 7% for persons with 
disabilities
","Women =52.53%
Youth=36.09%
PwD =12.54%
",None,None,"Minimum 40% target for 
Women, 30% for Youth 
and 7% for persons with 
disabilities
","Women: 55%
Youth: 30%
and
Person with disabilities: 11%
",None,None,Achieved,Provide reason for overachievement ,"Minimum 40% target for 
Women, 30% for Youth 
and 7% for persons with 
disabilities
","Women = 70.53%
Youth = 54.50%
PwD = 7.90%
",The department fully implemented the approved departmental Preferential Procurement Policy. The selection of bidders was at all material times centred on previously disadvantaged individuals.,None,"Minimum 40% target for 
Women, 30% for Youth 
and 7% for persons with 
disabilities
",-,,,,,,,153
,"Sport, Arts and Culture",Limpopo,Programme 1: Administration,Sub-programme 1: Office of the MEC,Annually,deafult,Not Applicable,Not  Applicable,Not Applicable,-,Not Applicable,,,,,,,,,,,,,,,,,,,,,,,,,,,,153
,"Sport, Arts and Culture",Limpopo,Programme 1: Administration,Sub-programme 1: Office of the MEC,Quarterly,deafult,Not Applicable,Not  Applicable,Not Applicable,-,Not Applicable,,,,,No annual and quarterly target set.,,,,,,,,,,,,,,,,-,,,,,,,153
,"Sport, Arts and Culture",Limpopo,Programme 2: Cultural Affairs ,Programme 2: Cultural Affairs ,Annually,Default,Non-Standardized,Not  Applicable,Priority 6: Social Cohesion and Safer Communities,-,"The Social Protection, Community and Human Development cluster",,,,,,,,,,,,,,,,,,,,,,,,,,,,153
,"Sport, Arts and Culture",Limpopo,Programme 2: Cultural Affairs ,Programme 2: Cultural Affairs ,Quarterly,Number of community conversations / dialogues implemented to foster social interaction per year,Standardized,Not  Applicable,Priority 6: Social Cohesion and Safer Communities,-,"The Social Protection, Community and Human Development cluster",5,5,None,None,Achieved as planned.,10,10,None,None,5,5,None,None,Achieved,Achieved as planned.,5,5,None,None,25,25,,,,,,,153
,"Sport, Arts and Culture",Limpopo,Programme 2: Cultural Affairs ,Programme 2: Cultural Affairs ,Quarterly,Number of initiatives implemented to raise awareness on the national symbols,Standardized,Not  Applicable,"Priority 1: A Capable, Ethical and Developmental State",-,"Governance, State Capacity and Institutional Development cluster",5,5,None,None,Achieved as planned.,10,10,None,None,10,10,None,None,Achieved,Achieved as planned.,5,5,None,None,30,30,,,,,,,153
,"Sport, Arts and Culture",Limpopo,Programme 2: Cultural Affairs ,Sub-programme : Arts and Culture,Quarterly,Number of artists promoted,Non-Standardized,Not  Applicable,Priority 6: Social Cohesion and Safer Communities,7. Strengthen crime prevention and social cohesion (2019-2024),"The Social Protection, Community and Human Development cluster",500,990,Number increased due to the partnership with LEDET in introducing Marula Festival District Build ups.,None,"Over-achieved, reason for deviation provided.",500,1903,The target overachieved as the Choral district Build sessions took place in the same month with Provincial Choral Festival in September as initially planned to overlap to the third quarter. ,To review the programme dates to make sure they happen in quarter ,1500,1574,Additional Artists were promoted during the Mapungubwe District Build Ups as some groups had more numbers than expected.,None,Achieved,Overachieved reasons provided.,500,610,"Additional artists were promoted through the Ku Luma Vukanyi Build-Up events, providing them with valuable exposure and opportunities to showcase their talents.",None,3000,5077,,,,,,,153
,"Sport, Arts and Culture",Limpopo,Programme 2: Cultural Affairs ,Sub-programme : Arts and Culture,Quarterly,Number of GBV&F awareness campaigns implemented,Non-Standardized,Not  Applicable,Priority 6: Social Cohesion and Safer Communities,7. Strengthen crime prevention and social cohesion (2019-2024),"The Social Protection, Community and Human Development cluster",3,3,None,None,Achieved as planned.,3,6,"The number is overachieved due to partnership with Police Service   in the three districts to target hot spot areas (Mopani, Capricorn and Waterberg).",The partnership on GBV&F to be aligned during planning cycle,3,3,None,None,Achieved,Achieved as planned.,3,12,The National Department has contributed extra budget   for the implementations of GBVF,None,12,24,,,,,,,153
,"Sport, Arts and Culture",Limpopo,Programme 2: Cultural Affairs ,Sub-programme : Arts and Culture,Quarterly,Number of national days hosted,Non-Standardized,Not  Applicable,Priority 6: Social Cohesion and Safer Communities,7. Strengthen crime prevention and social cohesion (2019-2024),"Justice, Crime Prevention and Security cluster",2,2,None,None,Achieved as planned.,1,1,None,None,0,0,None,None,Achieved,No Reporting Required for the quarter under review.,0,0,None,None,3,3,,,,,,,153
,"Sport, Arts and Culture",Limpopo,Programme 2: Cultural Affairs ,Sub-programme : Arts and Culture,Quarterly,Number of practitioners benefiting from capacity building opportunities,Non-Standardized,Not  Applicable,Priority 6: Social Cohesion and Safer Communities,7. Strengthen crime prevention and social cohesion (2019-2024),"The Social Protection, Community and Human Development cluster",325,203,"The Capricorn, Sekhukhune and Waterberg capacity building programmes were rescheduled for second quarter due to the engagement of the districts in the preparation of the Arts and Culture Career Expo build up for Youth Day",To host the Capacity building Practitioners programme for the three Districts in the second quarter in the relevant training themes.,"Not achieved, reason for deviation provided.",325,1180,"The number overachieved due to partnership with National Lottery, Department of Labour and Social Development in training of artists in Funding Application and adherence to NPO registration",The over achievement will be managed in the next quarter,325,325,None,None,Achieved,Overachieved reasons provided.,325,57,"The annual target has been successfully achieved, with a notable increase in training activities during the third quarter.","In the coming financial year, the alignment of quarterly targets will be prioritised to ensure a consistent  approach towards achieving planned targets.",1300,1765,,,,,,,153
,"Sport, Arts and Culture",Limpopo,Programme 2: Cultural Affairs ,Sub-programme : Arts and Culture,Quarterly,Number of projects in the creative industries supported,Non-Standardized,Not  Applicable,Priority 6: Social Cohesion and Safer Communities,7. Strengthen crime prevention and social cohesion (2019-2024),"The Economic Sectors, Employment and Infrastructure Development cluster",1,1,None,None,Achieved as planned.,3,3,None,None,3,3,None,None,Achieved,Achieved as planned.,1,1,None,None,8,8,,,,,,,153
,"Sport, Arts and Culture",Limpopo,Programme 2: Cultural Affairs ,Sub-programme : Arts and Culture,Quarterly,Number of social cohesion and nation building programmes organised ,Non-Standardized,Not  Applicable,Priority 6: Social Cohesion and Safer Communities,7. Strengthen crime prevention and social cohesion (2019-2024),"The Social Protection, Community and Human Development cluster",0,0,No planned target for the quarter,None,No reporting required as,0,0,None,None,1,1,None,None,Achievedzz,Achieved as planned.,1,1,None,None,2,2,,,,,,,153
,"Sport, Arts and Culture",Limpopo,Programme 2: Cultural Affairs ,Sub-programme : Arts and Culture,Quarterly,Number of statutory and non-statutory bodies supported,Non-Standardized,Not  Applicable,Priority 6: Social Cohesion and Safer Communities,7. Strengthen crime prevention and social cohesion (2019-2024),"The Social Protection, Community and Human Development cluster",4,5,The Limpopo Provincial Language Committee managed to open Provincial account and managed to submit the required documents earlier which enabled the Department to make a transfer.,None,Achieved as planned.,3,2,The Provincial Language Committee has already been supported in quarter one as the structure submitted the required documents earlier.,None,0,0,None,None,Achieved,No Reporting Required for the quarter under review.,0,0,None,None,7,7,,,,,,,153
,"Sport, Arts and Culture",Limpopo,Programme 2: Cultural Affairs ,Sub-programme 1: Management,Annually,deafult,Not Applicable,Not  Applicable,Not Applicable,-,Not Applicable,,,,,,,,,,,,,,,,,,,,,,,,,,,,153
,"Sport, Arts and Culture",Limpopo,Programme 2: Cultural Affairs ,Sub-programme 1: Management,Quarterly,deafult,Not Applicable,Not  Applicable,Not Applicable,-,Not Applicable,,,,,No annual and quarterly target set.,,,,,,,,,,,,,,,,-,,,,,,,153
,"Sport, Arts and Culture",Limpopo,Programme 2: Cultural Affairs ,Sub-programme: Arts and Culture,Annually,Percentage Provincial Theatre construction,Non-Standardized,Not  Applicable,Priority 6: Social Cohesion and Safer Communities,7. Strengthen crime prevention and social cohesion (2019-2024),"The Economic Sectors, Employment and Infrastructure Development cluster",,,,,,,,,,,,,,,,40 %,40 %,,,40 %,40 %,,None,None,,,,153
,"Sport, Arts and Culture",Limpopo,Programme 2: Cultural Affairs ,Sub-programme: Heritage Resource Services,Quarterly,Number of initiatives implemented to raise awareness on the national symbols **,Standardized,Not  Applicable,Priority 6: Social Cohesion and Safer Communities,7. Strengthen crime prevention and social cohesion (2019-2024),"The Social Protection, Community and Human Development cluster",5,5,None,None,Achieved as planned.,10,10,None,None,10,10,None,None,Achieved,Achieved as planned.,5,5,None,None,30,30,,,,,,,153
,"Sport, Arts and Culture",Limpopo,Programme 2: Cultural Affairs ,Sub-programme:Language Services,Quarterly,% of documents received that are translated and edited,Non-Standardized,Not  Applicable,Priority 6: Social Cohesion and Safer Communities,7. Strengthen crime prevention and social cohesion (2019-2024),"The Social Protection, Community and Human Development cluster",100 %,100 %,None,None,Achieved as planned.,100 %,100 %,None,None,100 %,100 %,None,None,Achieved,Achieved as planned.,100 %,100 %,None,None,100 %,100 %,,,,,,,153
,"Sport, Arts and Culture",Limpopo,Programme 2: Cultural Affairs ,Sub-programme:Language Services,Quarterly,Number of multilingualism promotion campaigns hosted ,Non-Standardized,Not  Applicable,Priority 6: Social Cohesion and Safer Communities,7. Strengthen crime prevention and social cohesion (2019-2024),"The Social Protection, Community and Human Development cluster",2,6,"Additional four (4) multilingualism promotion campaigns were conducted during two Career Day Exhibitions, Youth Day, Youth Career Expo as per invite in the different districts and departments.",None,"Over-achieved, reason for deviation provided.",3,3,None,None,3,3,None,None,Avhieved,Achieved as planned.,2,4,Additional two multilingualism promotion campaigns hosted as per invitations,None,10,16,,,,,,,153
,"Sport, Arts and Culture",Limpopo,Programme 2: Cultural Affairs ,Sub-programme:Museum Services,Quarterly,"Number of job opportunities created through arts, culture, and heritage programmes ",Non-Standardized,Not  Applicable,Priority 4: Consolidating the Social Wage through Reliable and Quality Basic Services,Transformation and modernization of the provincial economy,"The Economic Sectors, Employment and Infrastructure Development cluster",143,122,Recruitment of Archive services was not yet finalised during the quarter.,Recruitment will be finalised in July 2024,"Not achieved, reason for deviation provided.",143,129,"The remaining fourteen (14) is as a -result of two that exited the programme and six were targeted to start in the third quarter to align with the adjusted allocation for the programme.

The last six (6) for Archives Services warranted the department to get the database from the local universities.
","Replacement of the two exited and Placement of the six (6) will be done in the third quarter.





Placement of the six (6) to be effected during October 2024.
",143,139,There were no applications received in two (2) libraries and two job offers were declined.,Replace one position in January 2025 and recruit the remaining three EPWP workers in the fourth quarter.,Notachievef,Not Achieved reason for deviation provided.,143,132,The advertisement for EPWP positions closed on 25 February 2025 and the recruitment process is yet to be finalised.,"The recruitment process has been finalised for five (5) EPWP workers assigned to the Library and Archives, with their start date set for 1 April 2025. The recruitment for the remaining EPWP positions is expected to be concluded within the first quarter of 2025/26 financial year.",143,522,,,,,,,153
,"Sport, Arts and Culture",Limpopo,Programme 3: Library and Archives Services ,Programme 3: Library and Archives Services ,Annually,Number of libraries established per year,Standardized,Not  Applicable,Priority 6: Social Cohesion and Safer Communities,-,"The Social Protection, Community and Human Development cluster",,,,,,,,,,,,,,,,4,2,,,4,2,,"Two (2) libraries did not reach Practical Completion. The original contractor was terminated in September 2024, and a replacement contractor has since been appointed. Delays at the Mampane/Sekhukhune Library were caused by a shortage of fencing materials from the supplie","Tshaulu, replacement contractor has been appointed, and the site handover took place on 27 February 2025. The contractor is currently finalising the submission of safety files and other contractual documents.

At Mampane Library, materials were delivered in January 2025, and construction progress is currently at 90%.
",,,,153
,"Sport, Arts and Culture",Limpopo,Programme 3: Library and Archives Services ,Programme 3: Library and Archives Services ,Quarterly,Number of public awareness programmes conducted about archival services,Standardized,Not  Applicable,Priority 6: Social Cohesion and Safer Communities,-,"The Social Protection, Community and Human Development cluster",2,2, None,None,"Not achieved, reason for deviation provided.",2,2,None,None,2,2,None,None,,Achieved as planned.,2,2,None,None,8,8,,,,,,,153
,"Sport, Arts and Culture",Limpopo,Programme 3: Library and Archives Services ,Sub-programme 1: Management,Annually,deafult,Not Applicable,Not  Applicable,Not Applicable,-,Not Applicable,,,,,,,,,,,,,,,,,,,,,,,,,,,,153
,"Sport, Arts and Culture",Limpopo,Programme 3: Library and Archives Services ,Sub-programme 1: Management,Quarterly,deafult,Not Applicable,Not  Applicable,Not Applicable,-,Not Applicable,,,,,No annual and quarterly target set.,,,,,,,,,,,,,,,,-,,,,,,,153
,"Sport, Arts and Culture",Limpopo,Programme 3: Library and Archives Services ,Sub-programme: Library services,Quarterly,Number of library materials purchased,Not Applicable,Not  Applicable,"Priority 3: Education, Skills And Health",7. Strengthen crime prevention and social cohesion (2019-2024),"The Social Protection, Community and Human Development cluster",0,0,None,None,No reporting required for the quarter under review.,0,0,None,None,10000,0,The Bids for procurement of books were not responsive. ,The bid will be re-advertised in January 2025. ,Notachieved,,15000,6981,The procurement process was reinitiated several times as the required three quotations could not be obtained.,"Requests for Quotations (RFQs) for the second batch of books closed on 18 March 2025

Purchase Orders will be issued in April, with deliveries expected in the first quarter of 2025/26 financial year.
",25000,6981,,,,,,,153
,"Sport, Arts and Culture",Limpopo,Programme 3: Library and Archives Services ,Sub-programme:Archives,Quarterly,Number of archive and records training conducted ,Non-Standardized,Not  Applicable,Priority 6: Social Cohesion and Safer Communities,7. Strengthen crime prevention and social cohesion (2019-2024),"The Social Protection, Community and Human Development cluster",2,3,"One (01) additional training conducted as a result of request from the Department of Agriculture, Land Reform and Rural Development.",None,Achieved as planned.,2,2,None,None,2,2,None,None,Achieved,,2,2,None,None,8,9,,,,,,,153
,"Sport, Arts and Culture",Limpopo,Programme 3: Library and Archives Services ,Sub-programme:Archives,Quarterly,Number of oral history projects undertaken ,Standardized,Not  Applicable,Priority 6: Social Cohesion and Safer Communities,7. Strengthen crime prevention and social cohesion (2019-2024),"The Social Protection, Community and Human Development cluster",3,3,None,None,Achieved as planned.,4,4,None,None,5,5,None,None,Achieved,,3,3,None,None,15,3,,,,,,,153
,"Sport, Arts and Culture",Limpopo,Programme 3: Library and Archives Services ,Sub-programme:Archives,Quarterly,Number of record classification systems approved,Non-Standardized,Not  Applicable,Priority 6: Social Cohesion and Safer Communities,7. Strengthen crime prevention and social cohesion (2019-2024),"The Social Protection, Community and Human Development cluster",2,2,None,None,Achieved as planned.,3,3,None,None,3,3,None,None,Achieved,,2,2,None,None,10,10,,,,,,,153
,"Sport, Arts and Culture",Limpopo,Programme 4: Sport and Recreation,Programme 4: Sport and Recreation,Annually,Default ,Non-Standardized,Not  Applicable,Priority 6: Social Cohesion and Safer Communities,-,"The Social Protection, Community and Human Development cluster",,,,,,,,,,,,,,,,,,,,,,,,,,,,153
,"Sport, Arts and Culture",Limpopo,Programme 4: Sport and Recreation,Programme 4: Sport and Recreation,Quarterly,Number of athletes supported by the sports academies,Standardized,Not  Applicable,Priority 6: Social Cohesion and Safer Communities,-,"The Social Protection, Community and Human Development cluster",250,250,None,None,Achieved as planned.,250,255,Team entourage as per federation request led to supporting additional five (5) athletes.,Federation to submit requests prior to the commencement of the  implementation quarter.,250,252,Response to additional support to Table Tennis and Baseball.,None,Achieved,Overachieved reasons provided.,250,250,None,None,1000,250,,,,,,,153
,"Sport, Arts and Culture",Limpopo,Programme 4: Sport and Recreation,Programme 4: Sport and Recreation,Quarterly,"Number of schools, hubs and clubs provided with equipment and/or attire to enable participation in sport and or recreation",Standardized,Not  Applicable,Priority 6: Social Cohesion and Safer Communities,-,"The Social Protection, Community and Human Development cluster",472,65,"There was a delay in the submission of needs by schools, clubs and hubs which impacted on procurement processes.",Equipments will be delivered and distributed in July 2024,"Not achieved, reason for deviation provided.",305,548,Addressing the previous quarter's backlog where needs were not submitted on time.,"Encourage the federations, hubs and schools to submit their needs by end of January  in preparation for the following year.",50,360,Addressing previous quarter backlog,None,Achieved,Overachieved reasons provided.,50,144,Addressing the backlog of schools that failed to collect equipment’s and/or during the 2nd and 3rd quarters.,Continue with Consultative engagements with federations to adhere to the plan.,877,1117,,,,,,,153
,"Sport, Arts and Culture",Limpopo,Programme 4: Sport and Recreation,Sub-programme :School sport,Annually,Number of people trained to deliver school sport  ,Non-Standardized,Not  Applicable,Priority 6: Social Cohesion and Safer Communities,7. Strengthen crime prevention and social cohesion (2019-2024),"The Social Protection, Community and Human Development cluster",200,0,,,,,,,,,,,,,,,,,,200,0,,The bids were non- responsive as they exceeded the market research price and provincial Treasury prescribed rate as per cost containment measures.,The bids have been readvertised,,,,153
,"Sport, Arts and Culture",Limpopo,Programme 4: Sport and Recreation,Sub-programme :Sport,Quarterly,Number of local Leagues supported,Not Applicable,Not  Applicable,Priority 6: Social Cohesion and Safer Communities,7. Strengthen crime prevention and social cohesion (2019-2024),"The Social Protection, Community and Human Development cluster",50,59,High interest shown by clubs in participating in leagues,None,"Over-achieved, reason for deviation provided.",100,107,Unanticipated requests from federations for support during their leagues,Encourage federations to submit  league plans and national calendars on time.,73,29,Leagues were suspended by Federations due to examinations,Implement suspended leagues in the four quarter,Achieved,Not achieved reasons provided.,0,40,Addressing previous quarter backlog.,None,223,235,,,,,,,153
,"Sport, Arts and Culture",Limpopo,Programme 4: Sport and Recreation,Sub-programme :Sport,Quarterly,Number of people trained to deliver club development,Not Applicable,Not  Applicable,Priority 2: Economic Transformation And Job Creation,7. Strengthen crime prevention and social cohesion (2019-2024),"The Economic Sectors, Employment and Infrastructure Development cluster",150,0,The bids were non- responsive as they exceed the market research price and provincial Treasury prescribed rate as per cost containment measures.,Bids have been re-advertised.,"Not achieved, reason for deviation provided.",150,312,Addressing the previous quarter's backlog where target was not achieved due to non-responsive bids.,Commence with procurement process  two month before the staging of the workshop.,150,200,Addressing previous quarter backlog,None,Achieved,Overachieved reasons provided.,50,0,Prospective people were trained in the third quarter following a request from the federations.,Continue with Consultative engagements with federations to adhere to the plan.,500,512,,,,,,,153
,"Sport, Arts and Culture",Limpopo,Programme 4: Sport and Recreation,Sub-programme :Sport,Quarterly,Number of people trained to deliver on academy programmes,Non-Standardized,Not  Applicable,Priority 6: Social Cohesion and Safer Communities,7. Strengthen crime prevention and social cohesion (2019-2024),"The Social Protection, Community and Human Development cluster",25,25,None,None,Achieved as planned.,25,25,None,None,25,25,None,None,Achieved,Achieved as planned.,25,25,None,None,100,100,,,,,,,153
,"Sport, Arts and Culture",Limpopo,Programme 4: Sport and Recreation,Sub-programme :Sport,Quarterly,Number of sport academies supported,Non-Standardized,Max,Priority 6: Social Cohesion and Safer Communities,7. Strengthen crime prevention and social cohesion (2019-2024),"The Social Protection, Community and Human Development cluster",6,6,None,None,Achieved as planned.,6,6,None,None,6,6,None,None,Achieved,Achieved as planned.,6,6,None,None,6,6,,,,,,,153
,"Sport, Arts and Culture",Limpopo,Programme 4: Sport and Recreation,Sub-programme 1: Management,Annually,deafult,Not Applicable,Not  Applicable,Not Applicable,-,Not Applicable,,,,,,,,,,,,,,,,,,,,,,,,,,,,153
,"Sport, Arts and Culture",Limpopo,Programme 4: Sport and Recreation,Sub-programme 1: Management,Quarterly,deafult,Not Applicable,Not  Applicable,Not Applicable,-,Not Applicable,,,,,No annual and quarterly target set.,,,,,,,,,,,,,,,,-,,,,,,,153
,"Sport, Arts and Culture",Limpopo,Programme 4: Sport and Recreation,Sub-programme: School sport,Quarterly,Number of learners in the national school sport championship per year,Non-Standardized,Not  Applicable,Priority 6: Social Cohesion and Safer Communities,7. Strengthen crime prevention and social cohesion (2019-2024),"The Social Protection, Community and Human Development cluster",220,354,"More athletes qualified in athletics in the three categories in terms of athletics qualifying standards: (Mainstream, LSEN Deaf and LSEN MMH).",None,"Over-achieved, reason for deviation provided.",0,159,"Participation was a result of a directive from the National Department of Sport, Arts and Culture for Kay Motsepe Football school’s 661championships and chess.",None,250,154,"The 98 learners participated  in second quarter during the  implementation of 
contingent of Kay Motsepe Football school’s 661 championships and chess. 

",None,Notachievef,Not Achieved reasons for deviation provided.,0,0,None,None,470,667,,,,,,,153
,"Sport, Arts and Culture",Limpopo,Programme 4: Sport and Recreation,Sub-programme: School sport,Quarterly,Number of learners participating in the district school sport programme,Non-Standardized,Not  Applicable,Priority 6: Social Cohesion and Safer Communities,7. Strengthen crime prevention and social cohesion (2019-2024),"The Social Protection, Community and Human Development cluster",13500,7359,School sport activities were put on hold due to communication  received from Department of Basic Education,"National DSAC and DBE are jointly finalising the guidelines for regular participation for implementation.

Further consultations made with Department of Education provincially so that the activities in the schools should proceed whilst waiting for the guidelines.
","Not achieved, reason for deviation provided.",5500,12186,The number overachieved due to activities that were put on hold by National Department of Basic Education- during Quarter one,The memorandum of understanding has been signed on the 4th to unlock the participation of schools in School sport. ,0,902,"The actual output was due to the rescheduled championships in Sekhukhune District from quarter 2 to quarter 3 and the request by the National Department  of Sport, Arts and Culture to support Didiza34 Ambassador programme.",None,Achieved,No Reporting Required achievements was done to cover backlogs.,6000,9731,More learners participated during the School Sport Track and Field.,None,25000,30178,,,,,,,153
,"Sport, Arts and Culture",Limpopo,Programme 4: Sport and Recreation,Sub-programme: School sport,Quarterly,Number of school sport structures supported,Not Applicable,Not  Applicable,Priority 6: Social Cohesion and Safer Communities,7. Strengthen crime prevention and social cohesion (2019-2024),"The Social Protection, Community and Human Development cluster",11,9,"The two school sport structures were affected by the communication from DBE to put on hold activities.
",DSAC and DBE are jointly finalising the guidelines for regular participation for implementation.,"Not achieved, reason for deviation provided.",8,10,Target exceeded due to Inclusion of two (2) school sport structures which were affected by communique from Department of Basic Education in quarter one.,The memorandum of understanding has been signed and the gap will be closed in the third quarter,0,12,The support to structures resulted from the hosting of the  National school Sport Multi-Coded Championship 2024 by National School Sports Committee Coordination (NSSCC) 2024 which was hosted during the third quarter.,None,Achieved,Not Achieved reasons for deviation provided.,0,0,None,None,19,31,,,,,,,153
,"Sport, Arts and Culture",Limpopo,Programme 4: Sport and Recreation,Sub-programme:Recreation,Quarterly,Number of indigenous games clubs supported per code,Non-Standardized,Not  Applicable,Priority 6: Social Cohesion and Safer Communities,7. Strengthen crime prevention and social cohesion (2019-2024),"The Social Protection, Community and Human Development cluster",10,157,Municipalities were ready during the first quarter for the staging of local indigenous games in preparation for district Indigenous games to take place in the second quarter,Consider the readiness of the Municipalities in the current year. The Indigenous Games will  be planned from the first quarter,,210,104,The outstanding target was achieved in Quarter one,None,0,0,None,None,Not messured,No Reporting Required for the quarter under review.,0,0,None,None,220,261,,,,,,,153
,"Sport, Arts and Culture",Limpopo,Programme 4: Sport and Recreation,Sub-programme:Recreation,Quarterly,Number of people actively participating in organised sport and active recreation events.,Non-Standardized,Not  Applicable,Priority 6: Social Cohesion and Safer Communities,7. Strengthen crime prevention and social cohesion (2019-2024),"The Social Protection, Community and Human Development cluster",20000,25235,High response in Vhembe and Waterberg District during Indigenous and elderly games,None,,30000,32970,Junior Dipapadi hosted by Sekhukhune District attracted additional children attending events as they were attracted by the playing equipment's and games organised for the day,None,30000,"9420
",Low turnover of participants due to suspension of  leagues during the Examinations ,Implement suspended leagues in the four quarter,Achieved,Not Achieved reasons for deviation should be provided.,20000,25521,Additional leagues were implemented to address the backlog from the previous quarter.,None,100000,93146,,,,,,,153
,"Sport, Arts and Culture",Limpopo,Programme 4: Sport and Recreation,Sub-programme:Sport,Annually,Number of provincial programmes implemented,Non-Standardized,Not  Applicable,Priority 6: Social Cohesion and Safer Communities,7. Strengthen crime prevention and social cohesion (2019-2024),"The Social Protection, Community and Human Development cluster",,,,,,,,,,1,0,,,,,,,,,1,0,,The Limpopo Sport Awards was postponed due to fewer submissions of nominees received. ,"A session was convened with all Federations to ensure they submit nominations.
The advert was extended and closed  on 20 December 2024.Adjudication was completed on the 28th of December 2024. 

The awards have been rescheduled for the 25th of January 2025.	Target not achieved 
",,,,153
Transport,Transport,Limpopo,Programme 1: Administration,Sub-Programme 1.1: Office of the MEC,Annually,Default,Not Applicable,Not  Applicable,Not Applicable,-,Not Applicable,,,,,,,,,,,,,,,,,,,,,,,,,,,,153
Transport,Transport,Limpopo,Programme 1: Administration,Sub-Programme 1.1: Office of the MEC,Quarterly,Default,Not Applicable,Not  Applicable,Not Applicable,-,Not Applicable,,,,,,,,,,,,,,,,,,,,,0,,,,,Default indicator,No comment,153
Transport,Transport,Limpopo,Programme 1: Administration,Sub-Programme 1.2: Management of the Department,Annually,Default,Not Applicable,Not  Applicable,Not Applicable,-,Not Applicable,,,,,,,,,,,,,,,,,,,,0,0,,,,,,,153
Transport,Transport,Limpopo,Programme 1: Administration,Sub-Programme 1.2: Management of the Department,Quarterly,Default,Not Applicable,Not  Applicable,Not Applicable,-,Not Applicable,,,,,,,,,,,,,,,,,,,,,0,,,,,Default indicator,No comment,153
Transport,Transport,Limpopo,Programme 1: Administration,Sub-Programme 1.3: Corporate Support  ,Annually,Default,Not Applicable,Not  Applicable,Not Applicable,-,Not Applicable,,,,,,,,,,,,,,,,,,,,0,,,,,,,,153
Transport,Transport,Limpopo,Programme 1: Administration,Sub-Programme 1.3: Corporate Support  ,Annually,Number of learnership programmes implemented,Not Applicable,Not  Applicable,"Priority 1: A Capable, Ethical and Developmental State",1. Transform the public service for effective and efficient service delivery (2019-2024),"The Economic Sectors, Employment and Infrastructure Development cluster",,,,,,,,,,1,,,,,,,,,,1,,,,,,,,153
Transport,Transport,Limpopo,Programme 1: Administration,Sub-Programme 1.3: Corporate Support  ,Quarterly,Amount of revenue collected ,Standardized,Not  Applicable,"Priority 1: A Capable, Ethical and Developmental State",8. Economic transformation and job creation through regional integration (2019-2024),"The Economic Sectors, Employment and Infrastructure Development cluster",179912,180672,R0.760 million – over collection is mainly revenue which was due in 2023/24 financial year from RTMC.,Continue with the follow-up on agents who are defaulting on transferring revenue collected on behalf of the department.,,219609,242970,"R23.361 million – Payment from Agents (RTMC, Mogalakwena, Lephalale) mainly to pay the accruals. Departmental Registering Authority is collecting more as compared to Makhado Municipality (clients are using our facilities rather the municipality).",,236496,196467,Non payment by RTMC and other agencies like Mogalakwena Municipality,Non payment letters to be issued to the agencies to recoup outstanding revenue,,,254638,247041,"Department is busy clearing uncaptured receipts though the current under collection is as a result of non-payment by Mogalakwena, Blouberg and Lephalalle Municipalities",The Department has written letters to defaulting Municipalities,890655,247041,,,,,Target was achieved,Target was achieved,153
Transport,Transport,Limpopo,Programme 1: Administration,Sub-Programme 1.3: Corporate Support  ,Quarterly,Default,Not Applicable,Not  Applicable,Not Applicable,-,Not Applicable,0,,,,,0,,,,0,,,,,,0,,,,0,0,,,,,Default indicator,No comment,153
Transport,Transport,Limpopo,Programme 1: Administration,Sub-Programme 1.3: Corporate Support  ,Quarterly,Number of ICT initiatives implemented ,Standardized,Not  Applicable,"Priority 1: A Capable, Ethical and Developmental State",4. Integrated and sustainable socio-economic infrastructure development (2019-2024),"The Economic Sectors, Employment and Infrastructure Development cluster",0,,,,,0,,,,1,1,,,,,1,0,The project to refurbish network infrastructure could not be finalised by the end of the financial year,Finalise the ICT project plan for 2025/26 FY,2,0,,,,,Target was not set for the quarter,Target was not achieved,153
Transport,Transport,Limpopo,Programme 1: Administration,Sub-Programme 1.3: Corporate Support  ,Quarterly,Number of learnership programmes implemented,Standardized,Not  Applicable,"Priority 1: A Capable, Ethical and Developmental State",1. Transform the public service for effective and efficient service delivery (2019-2024),"Governance, State Capacity and Institutional Development cluster",0,,,,,0,,,,1,0,Delays in the procurement process,To be implemented in the next quarter. Selection process already finalized,,,0,0,,,1,0,,,,,Target was not set for the quarter,No comment,153
Transport,Transport,Limpopo,Programme 1: Administration,Sub-Programme 1.3: Corporate Support  ,Quarterly,Number of skills development programmes implemented,Standardized,Not  Applicable,"Priority 1: A Capable, Ethical and Developmental State",1. Transform the public service for effective and efficient service delivery (2019-2024),"Governance, State Capacity and Institutional Development cluster",0,,,,,0,,,,2,3,Facilitated and funded by Office of the Premier,None,,,3,3,,,5,6,,,,,Target was not set for the quarter,No comment,153
Transport,Transport,Limpopo,Programme 1: Administration,Sub-Programme 1.3: Corporate Support  ,Quarterly,Percentage of Compliance to e-Disclosure of Financial Interest,Non-Standardized,Not  Applicable,"Priority 1: A Capable, Ethical and Developmental State",1. Transform the public service for effective and efficient service delivery (2019-2024),"Governance, State Capacity and Institutional Development cluster",100 %,100 %,,,,100 %,97% for other designated categories %,Non-compliance by four (4) employees,Cases referred to Labour Relations for appropriate disciplinary action,0 %,,,,,,0 %,,,,100 %,100 %,,,,,,SMS target was achieved & other designated categories target was not achieved,153
Transport,Transport,Limpopo,Programme 1: Administration,Sub-Programme 1.3: Corporate Support  ,Quarterly,Percentage of people with disabilities represented,Standardized,Not  Applicable,"Priority 1: A Capable, Ethical and Developmental State",1. Transform the public service for effective and efficient service delivery (2019-2024),"Governance, State Capacity and Institutional Development cluster",0 %,,,,,0 %,,,,0 %,,,,,,2 %,6 %,Department has reviewed the target for people with disabilities,To adjust the target in outer years,2 %,6 %,,,,,Target was not set for the quarter,No comment,153
Transport,Transport,Limpopo,Programme 1: Administration,Sub-Programme 1.3: Corporate Support  ,Quarterly,Percentage of procurement of goods and services awarded to women owned enterprises,Non-Standardized,Not  Applicable,"Priority 1: A Capable, Ethical and Developmental State",1. Transform the public service for effective and efficient service delivery (2019-2024),"Governance, State Capacity and Institutional Development cluster",0 %,0 %,,,,0 %,,,,0 %,,,,,,40 %,40 %,,,40 %,40 %,,,,,,No comment,153
Transport,Transport,Limpopo,Programme 1: Administration,Sub-Programme 1.3: Corporate Support  ,Quarterly,Percentage of valid supplier's invoice paid within 30 days,Non-Standardized,Not  Applicable,"Priority 1: A Capable, Ethical and Developmental State",1. Transform the public service for effective and efficient service delivery (2019-2024),"Governance, State Capacity and Institutional Development cluster",100 %,100 %,,,,100 %,100 %,,,100 %,,100,,,,100 %,100 %,,,100 %,100 %,,,,,,Target was achieved,153
Transport,Transport,Limpopo,Programme 1: Administration,Sub-Programme 1.3: Corporate Support  ,Quarterly,Percentage of women in SMS,Standardized,Not  Applicable,"Priority 1: A Capable, Ethical and Developmental State",1. Transform the public service for effective and efficient service delivery (2019-2024),"Governance, State Capacity and Institutional Development cluster",0 %,,,,,0 %,,,,0 %,,,,,,50 %,0 %,Only one post was advertised at SMS level,,50 %,0 %,,,,,Target was not set for the quarter,No comment,153
Transport,Transport,Limpopo,Programme 1: Administration,Sub-Programme 1.4: Departmental Strategy,Annually,Default,Not Applicable,Not  Applicable,Not Applicable,-,Not Applicable,,,,,,,,,,,,,,,,,,,,,,,,,,,,153
Transport,Transport,Limpopo,Programme 1: Administration,Sub-Programme 1.4: Departmental Strategy,Quarterly,Default,Not Applicable,Not  Applicable,Not Applicable,-,Not Applicable,0,0,,,,0,,,,0,,,,,,0,,,,0,0,,,,,No comment,No comment,153
Transport,Transport,Limpopo,Programme 2: Transport Infrastructure,Sub-Programme 2.1: Programme Support Infrastructure,Annually,default,Not Applicable,Not  Applicable,Not Applicable,-,Not Applicable,,,,,,,,,,,,,,,,,,,,,,,,,,,,153
Transport,Transport,Limpopo,Programme 2: Transport Infrastructure,Sub-Programme 2.1: Programme Support Infrastructure,Quarterly,default,Not Applicable,Not  Applicable,Not Applicable,-,Not Applicable,,,,,,,,,,,,,,,,,,,,,0,,,,,Default indicator,No comment,153
Transport,Transport,Limpopo,Programme 2: Transport Infrastructure,Sub-Programme 2.2: Infrastructure Planning,Annually,Number of consolidated infrastructure plans developed,Standardized,Not  Applicable,"Priority 1: A Capable, Ethical and Developmental State",-,"The Economic Sectors, Employment and Infrastructure Development cluster",,,,,,,,,,,,,,,,,,,,,,,,,,,,153
Transport,Transport,Limpopo,Programme 2: Transport Infrastructure,Sub-Programme 2.2: Infrastructure Planning,Annually,Number of kilometers of gravel roads visually assessed as per the applicable TMH Manual,Standardized,Not  Applicable,Priority 2: Economic Transformation And Job Creation,-,"The Economic Sectors, Employment and Infrastructure Development cluster",,,,,,,,,,,,,,,,,,,,,,,,,,,,153
Transport,Transport,Limpopo,Programme 2: Transport Infrastructure,Sub-Programme 2.2: Infrastructure Planning,Annually,Number of kilometres of surfaced roads visually assessed as per the applicable Technical Methods for Highways (TMH) manual,Standardized,Not  Applicable,Priority 2: Economic Transformation And Job Creation,-,"The Economic Sectors, Employment and Infrastructure Development cluster",,,,,,,,,,,,,,,,,,,,,,,,,,,,153
Transport,Transport,Limpopo,Programme 2: Transport Infrastructure,Sub-Programme 2.2: Infrastructure Planning,Quarterly,Deafult,Not Applicable,Not  Applicable,Not Applicable,-,Not Applicable,,,,,,,,,,,,,,,,,,,,,0,,,,,Default indicator,No comment,153
Transport,Transport,Limpopo,Programme 2: Transport Infrastructure,Sub-Programme 2.3: Infrastructure Design,Annually,Deafult,Not Applicable,Not  Applicable,Not Applicable,-,Not Applicable,,,,,,,,,,,,,,,,,,,,,,,,,,,,153
Transport,Transport,Limpopo,Programme 2: Transport Infrastructure,Sub-Programme 2.3: Infrastructure Design,Quarterly,Deafult,Not Applicable,Not  Applicable,Not Applicable,-,Not Applicable,,,,,,,,,,,,,,,,,,,,,0,,,,,Default indicator,No comment,153
Transport,Transport,Limpopo,Programme 2: Transport Infrastructure,Sub-Programme 2.4: Construction,Annually,Deafult,Not Applicable,Not  Applicable,Not Applicable,-,Not Applicable,,,,,,,,,,,,,,,,,,,,,,,,,,,,153
Transport,Transport,Limpopo,Programme 2: Transport Infrastructure,Sub-Programme 2.4: Construction,Quarterly,Number of kilometres of gravel roads upgraded to surfaced roads,Standardized,Not  Applicable,Priority 2: Economic Transformation And Job Creation,-,"The Economic Sectors, Employment and Infrastructure Development cluster",,,,,,,,,,,,,,,,,,,,,0,,,,,Default indicator,No comment,153
Transport,Transport,Limpopo,Programme 2: Transport Infrastructure,Sub-Programme 2.5: Maintenance,Annually,Deafult,Not Applicable,Not  Applicable,Not Applicable,-,Not Applicable,,,,,,,,,,,,,,,,,,,,,,,,,,,,153
Transport,Transport,Limpopo,Programme 2: Transport Infrastructure,Sub-Programme 2.5: Maintenance,Quarterly,Deafult,Not Applicable,Not  Applicable,Not Applicable,-,Not Applicable,,,,,,,,,,,,,,,,,,,,,0,,,,,Default indicator,No comment,153
Transport,Transport,Limpopo,Programme 2: Transport Infrastructure,Sub-Programme 2.5: Maintenance,Quarterly,Number of contractors participating in the National Contractor Development Programme (NCDP),Standardized,Average,Priority 2: Economic Transformation And Job Creation,-,"The Economic Sectors, Employment and Infrastructure Development cluster",,,,,,,,,,,,,,,,,,,,,0,,,,,Default indicator,No comment,153
Transport,Transport,Limpopo,Programme 2: Transport Infrastructure,Sub-Programme 2.5: Maintenance,Quarterly,Number of kilometres of gravel roads bladed,Standardized,Not  Applicable,Priority 2: Economic Transformation And Job Creation,-,"The Economic Sectors, Employment and Infrastructure Development cluster",,,,,,,,,,,,,,,,,,,,,0,,,,,Default indicator,No comment,153
Transport,Transport,Limpopo,Programme 2: Transport Infrastructure,Sub-Programme 2.5: Maintenance,Quarterly,Number of kilometres of gravel roads re-graveled,Standardized,Not  Applicable,Priority 2: Economic Transformation And Job Creation,-,"The Economic Sectors, Employment and Infrastructure Development cluster",,,,,,,,,,,,,,,,,,,,,0,,,,,Default indicator,No comment,153
Transport,Transport,Limpopo,Programme 2: Transport Infrastructure,Sub-Programme 2.5: Maintenance,Quarterly,Number of square metres of blacktop patching,Standardized,Not  Applicable,Priority 2: Economic Transformation And Job Creation,-,"The Economic Sectors, Employment and Infrastructure Development cluster",,,,,,,,,,,,,,,,,,,,,0,,,,,Default indicator,No comment,153
Transport,Transport,Limpopo,Programme 2: Transport Infrastructure,Sub-Programme 2.5: Maintenance,Quarterly,Number of square metres of surfaced roads rehabilitated,Standardized,Not  Applicable,Priority 2: Economic Transformation And Job Creation,-,"The Economic Sectors, Employment and Infrastructure Development cluster",,,,,,,,,,,,,,,,,,,,,0,,,,,Default indicator,No comment,153
Transport,Transport,Limpopo,Programme 2: Transport Infrastructure,Sub-Programme 2.5: Maintenance,Quarterly,Number of square metres of surfaced roads resealed,Standardized,Not  Applicable,Priority 2: Economic Transformation And Job Creation,-,"The Economic Sectors, Employment and Infrastructure Development cluster",,,,,,,,,,,,,,,,,,,,,0,,,,,Default indicator,No comment,153
Transport,Transport,Limpopo,Programme 3: Transport Operations ,Sub-Programme 3.1: Programme Support Operations,Annually,default,Not Applicable,Not  Applicable,Not Applicable,-,Not Applicable,,,,,,,,,,,,,,,,,,,,,,,,,,,,153
Transport,Transport,Limpopo,Programme 3: Transport Operations ,Sub-Programme 3.1: Programme Support Operations,Quarterly,default,Not Applicable,Not  Applicable,Not Applicable,-,Not Applicable,,,,,,,,,,,,,,,,,,,,,0,,,,,Default indicator,No comment,153
Transport,Transport,Limpopo,Programme 3: Transport Operations ,Sub-Programme 3.2: Public Transport Services ,Annually,Default,Not Applicable,Not  Applicable,Not Applicable,-,Not Applicable,,,,,,,,,,,,,,,,,,,,,,,,,,,,153
Transport,Transport,Limpopo,Programme 3: Transport Operations ,Sub-Programme 3.2: Public Transport Services ,Quarterly,Average number of weekday passenger trips,Standardized,Not  Applicable,Priority 2: Economic Transformation And Job Creation,-,"The Economic Sectors, Employment and Infrastructure Development cluster",0,0,,,,0,,,,0,,,,,,0,,,,0,-,,,,,Default indicator,No comment,153
Transport,Transport,Limpopo,Programme 3: Transport Operations ,Sub-Programme 3.2: Public Transport Services ,Quarterly,Default,Not Applicable,Not  Applicable,Not Applicable,-,Not Applicable,0,,,,,0,,,,0,,,,,,0,,,,0,0,,,,,Default indicator,No comment,153
Transport,Transport,Limpopo,Programme 3: Transport Operations ,Sub-Programme 3.2: Public Transport Services ,Quarterly,Number of hours operated by public transport operators,Standardized,Not  Applicable,Priority 2: Economic Transformation And Job Creation,-,"The Economic Sectors, Employment and Infrastructure Development cluster",0,,,,,0,,,,0,,,,,,0,,,,0,0,,,,,Default indicator,No comment,153
Transport,Transport,Limpopo,Programme 3: Transport Operations ,Sub-Programme 3.2: Public Transport Services ,Quarterly,Number of routes subsidised,Standardized,Max,Priority 2: Economic Transformation And Job Creation,-,"The Economic Sectors, Employment and Infrastructure Development cluster",689,680,Insufficient fleet by GNT to operate all the allocated routes,Engage Management of GNT on failure to honour contractual obligations. ,,689,681,GNT failed to operate all contracted routes due to fleet shortage ,Engage Operator on the need to honour contractual obligations ,689,671,Great North Transport failed to operate all contracted routes due to fleet shortage,Engage operator on the need to honour contractual obligations,,,689,688,Mokopane GNT did not operate all the contracted routes,New bus contracts have been signed for implementation in new financial year,689,688,,,,,Target was not achieved,Target was not achieved,153
Transport,Transport,Limpopo,Programme 3: Transport Operations ,Sub-Programme 3.3: Operator Licences and Permits,Annually,default,Not Applicable,Not  Applicable,Not Applicable,-,Not Applicable,,,,,,,,,,,,,,,,,,,,,,,,,,,,153
Transport,Transport,Limpopo,Programme 3: Transport Operations ,Sub-Programme 3.3: Operator Licences and Permits,Quarterly,Number of Provincial Regulating Entity (PRE) hearings conducted,Standardized,Not  Applicable,Not Applicable,-,Not Applicable,15,16,More applications received in Vhembe District during the Quarter warranted an additional meeting ,,,15,16,1 Additional PRE- hearing arranged for Vhembe District to deal with backlog ,,15,17,Vhembe District requested additional sitting to address their backlog,,,,15,15,Fewer applications than projected were received,Proper analysis and interpretation of trends,60,64,,,,,Target was exceeded,Target was exceeded,153
Transport,Transport,Limpopo,Programme 3: Transport Operations ,Sub-Programme 3.4: Transport Systems,Annually,Default,Not Applicable,Not  Applicable,Not Applicable,-,Not Applicable,,,,,,,,,,,,,,,,,,,,0,,,,,,,,153
Transport,Transport,Limpopo,Programme 3: Transport Operations ,Sub-Programme 3.4: Transport Systems,Annually,Integrated transport plans completed,Standardized,Not  Applicable,Priority 2: Economic Transformation And Job Creation,2. Transformation and modernisation of the provincial economy (2019-2024),"The Economic Sectors, Employment and Infrastructure Development cluster",,,,,,,,,,,,,,,,1,1,,,1,1,,,,,,,153
Transport,Transport,Limpopo,Programme 3: Transport Operations ,Sub-Programme 3.4: Transport Systems,Annually,Procurement of new subsidised network services commenced,Not Applicable,Not  Applicable,Priority 2: Economic Transformation And Job Creation,8. Economic transformation and job creation through regional integration (2019-2024),"The Economic Sectors, Employment and Infrastructure Development cluster",,,,,,,,,,,,,,,,Continue with the procurement of new subsidised network services,New contract concluded,,,Continue with the procurement of new subsidised network services,New contract concluded,,,,,,,153
Transport,Transport,Limpopo,Programme 3: Transport Operations ,Sub-Programme 3.4: Transport Systems,Quarterly,Default,Not Applicable,Not  Applicable,Not Applicable,-,Not Applicable,,,,,,,,,,,,,,,,,,,,,0,,,,,Default indicator,No comment,153
Transport,Transport,Limpopo,Programme 3: Transport Operations ,Sub-Programme 3.5: Infrastructure Operations,Annually,Default,Not Applicable,Not  Applicable,Not Applicable,-,Not Applicable,,,,,,,,,,,,,,,,,,,,,,,,,,,,153
Transport,Transport,Limpopo,Programme 3: Transport Operations ,Sub-Programme 3.5: Infrastructure Operations,Quarterly,Default,Not Applicable,Not  Applicable,Not Applicable,-,Not Applicable,,,,,,,,,,,,,,,,,,,,,0,,,,,Default indicator,No comment,153
Transport,Transport,Limpopo,Programme 3: Transport Operations ,Sub-programme 3.6: Transport Safety and Compliance,Quarterly,Number of Subsidised trips monitored,Not Applicable,Not  Applicable,Priority 6: Social Cohesion and Safer Communities,8. Economic transformation and job creation through regional integration (2019-2024),"The Economic Sectors, Employment and Infrastructure Development cluster",13500,14281,Non-alignment of the APP target to the monitoring plan,Ensure alignment of the monitoring plan APP to the 2nd quarter,,14100,13319,"To, offset over-achievement of 781 trips monitored in Quarter 1 ",,13600,15600,waiting approval from Legislature,,,,14800,16800,The target was reviewed as per the amended APP which is awaiting tabling in the Legislature,Awaiting tabling of the revised APP in the Legislature,56000,60000,,,,,Target was exceeded,Target was not achieved,153
Transport,Transport,Limpopo,Programme 4: Transport Regulation ,Community Safety Promotion,Quarterly,Number of Community Mobilisation awareness campaigns conducted,Not Applicable,Not  Applicable,Priority 6: Social Cohesion and Safer Communities,7. Strengthen crime prevention and social cohesion (2019-2024),"Justice, Crime Prevention and Security cluster",25,25,,,,25,25,,,25,25,,,,,25,25,,,100,100,,,,,Target was achieved,Target was achieved,153
Transport,Transport,Limpopo,Programme 4: Transport Regulation ,Community Safety Promotion,Quarterly,Number of Schools involved in community safety education programme,Not Applicable,Not  Applicable,Priority 6: Social Cohesion and Safer Communities,7. Strengthen crime prevention and social cohesion (2019-2024),"Justice, Crime Prevention and Security cluster",25,25,,,,25,25,,,25,25,,,,,25,25,,,100,100,,,,,Target was achieved,Target was achieved,153
Transport,Transport,Limpopo,Programme 4: Transport Regulation ,Limpopo Traffic Training College,Annually,Number of formal trainings implemented,Not Applicable,Not  Applicable,Priority 6: Social Cohesion and Safer Communities,7. Strengthen crime prevention and social cohesion (2019-2024),"The Economic Sectors, Employment and Infrastructure Development cluster",,,,,,,,,,,,,,,,9,11,,,9,11,,Target was overachieved due to client needs and expiring firearm licences for traffic officers,None,,,,153
Transport,Transport,Limpopo,Programme 4: Transport Regulation ,Limpopo Traffic Training College,Annually,Number of informal trainings implemented,Not Applicable,Not  Applicable,Priority 6: Social Cohesion and Safer Communities,7. Strengthen crime prevention and social cohesion (2019-2024),"The Economic Sectors, Employment and Infrastructure Development cluster",,,,,,,,,,,,,,,,60,60,,,60,60,,,,,,,153
Transport,Transport,Limpopo,Programme 4: Transport Regulation ,Sub-Programme 4.1: Programme Support Regulation,Annually,default,Not Applicable,Not  Applicable,Not Applicable,-,Not Applicable,,,,,,,,,,,,,,,,,,,,,,,,,,,,153
Transport,Transport,Limpopo,Programme 4: Transport Regulation ,Sub-Programme 4.1: Programme Support Regulation,Quarterly,default,Not Applicable,Not  Applicable,Not Applicable,-,Not Applicable,,,,,,,,,,,,,,,,,,,,,0,,,,,Default indicator,No comment,153
Transport,Transport,Limpopo,Programme 4: Transport Regulation ,Sub-Programme 4.2: Transport Administration and Licensing,Annually,Default,Not Applicable,Not  Applicable,Not Applicable,-,Not Applicable,,,,,,,,,,,,,,,,,,,,,,,,,,,,153
Transport,Transport,Limpopo,Programme 4: Transport Regulation ,Sub-Programme 4.2: Transport Administration and Licensing,Quarterly,Default,Not Applicable,Not  Applicable,Not Applicable,-,Not Applicable,0,0,,,,0,,,,0,,,,,,0,,,,0,0,,,,,Default indicator,No comment,153
Transport,Transport,Limpopo,Programme 4: Transport Regulation ,Sub-Programme 4.2: Transport Administration and Licensing,Quarterly,Number of compliance inspections conducted,Standardized,Not  Applicable,Priority 2: Economic Transformation And Job Creation,-,"The Economic Sectors, Employment and Infrastructure Development cluster",150,150,,,,150,150,,,150,150,,,,,150,150,,,600,600,,,,,Target was achieved,Target was achieved,153
Transport,Transport,Limpopo,Programme 4: Transport Regulation ,Sub-Programme 4.3: Law Enforcement,Annually,% of road crash fatalities reduced,Not Applicable,Not  Applicable,Priority 6: Social Cohesion and Safer Communities,7. Strengthen crime prevention and social cohesion (2019-2024),"The Social Protection, Community and Human Development cluster",,,,,,,,,,,,,,,,5 %,9.6 %,,,5 %,9.6 %,,Improved law enforcement and compliance by road users,None,,,,153
Transport,Transport,Limpopo,Programme 4: Transport Regulation ,Sub-Programme 4.3: Law Enforcement,Annually,deafult,Not Applicable,Not  Applicable,Not Applicable,-,Not Applicable,,,,,,,,,,,,,,,,,,,,0,,,,,,,,153
Transport,Transport,Limpopo,Programme 4: Transport Regulation ,Sub-Programme 4.3: Law Enforcement,Quarterly,Number of drunken driving operations conducted,Standardized,Not  Applicable,Priority 2: Economic Transformation And Job Creation,-,"The Economic Sectors, Employment and Infrastructure Development cluster",1000,1167,More operations were conducted to reduce fatalities caused by drunken driving,Continuous monitoring of drunken driving behaviour of motorist.,,1000,1029,More   operations conducted to mitigate high number of fatalities caused by substance abuse and as awareness in promoting road safety.,To always target critical hot spots for drunken driving.,1000,1135,More operations conducted due to requests from other law enforcement stakeholders,,,,1000,1000,None,,4000,4331,,,,,Target was exceeded,Target was exceeded,153
Transport,Transport,Limpopo,Programme 4: Transport Regulation ,Sub-Programme 4.3: Law Enforcement,Quarterly,Number of pedestrian operations conducted,Standardized,Not  Applicable,Priority 2: Economic Transformation And Job Creation,-,"The Economic Sectors, Employment and Infrastructure Development cluster",112,123,More operations were conducted to reduce pedestrians related fatalities.,Continuous monitoring of Pedestrians on identified critical locations to reduce pedestrians related accidents ,,112,109,Less pedestrians’ operations conducted due to shortfall by other stations.,Stations which led to shortfall to close the gab in the coming quarters.,114,653,More operations conducted to close shortfall from previous quarter. Target revised during the Planning Session,,,,112,628,Quarterly target revised during amendment of the APP which is awaiting tabling in the Legislature,Awaiting approval of the amended APP by the Legislature,450,1513,,,,,Target was exceeded,Target was not achieved,153
Transport,Transport,Limpopo,Programme 4: Transport Regulation ,Sub-Programme 4.3: Law Enforcement,Quarterly,Number of road safety awareness interventions conducted,Standardized,Not  Applicable,Priority 2: Economic Transformation And Job Creation,-,"The Economic Sectors, Employment and Infrastructure Development cluster",1690,1659,The elections period contributed slightly to the reduction of road safety campaigns in communities as most stakeholders were focused on elections.,The shortfall in meeting the target will be replenished in the next quarter as we continue intensifying road safety awareness campaigns,,1616,1 670,More Road safety awareness activities were conducted to cover the shortfall in the previous quarter.,To manage the target moving forward.,1762,1765,More interventions conducted due to the festive season,,,,1615,1615,None,,6683,6709,,,,,Target was not achieved,Target was exceeded,153
Transport,Transport,Limpopo,Programme 4: Transport Regulation ,Sub-Programme 4.3: Law Enforcement,Quarterly,Number of schools involved in road safety education,Standardized,Not  Applicable,Priority 2: Economic Transformation And Job Creation,-,"The Economic Sectors, Employment and Infrastructure Development cluster",462,465,Intensified school-based road safety education interventions aimed at contributing towards the reduction of pedestrian fatalities,School based road safety education programmes will be sustained in the next quarter through provincial and district learner debates competitions,,521,540,More school-based activities had to be conducted in preparation for National PET and Debates Competition,To manage the target moving forward.,389,389,,,,,498,496,Quarterly target revised during amendment of the APP which is awaiting tabling in the Legislature,Awaiting approval of the amended APP by the Legislature,1868,1890,,,,,Target was exceeded,Target was exceeded,153
Transport,Transport,Limpopo,Programme 4: Transport Regulation ,Sub-Programme 4.3: Law Enforcement,Quarterly,Number of speed operations conducted,Standardized,Not  Applicable,Priority 2: Economic Transformation And Job Creation,-,"The Economic Sectors, Employment and Infrastructure Development cluster",4373,4562,More speed operations were conducted to reduce road fatalities caused by over speeding.,Continuous monitoring on non-compliance with the speed limits.,,4373,3 987,Less speed operations conducted due to challenges with the machines,To close the underperformance during the next quarter,4376,4583,More speed operations conducted to cover shortfall from the previous quarter,None,,,4373,4529,More speed operations conducted in Sekhukhune to make up for underachievement in Q2,None,17495,17661,,,,,Target was exceeded,Target was not achieved,153
Transport,Transport,Limpopo,Programme 4: Transport Regulation ,Sub-Programme 4.3: Law Enforcement,Quarterly,Number of vehicles stopped and checked,Standardized,Not  Applicable,Priority 2: Economic Transformation And Job Creation,-,"The Economic Sectors, Employment and Infrastructure Development cluster",675000,669715,Less vehicles were stopped and checked due to low traffic volumes during quarter 1,To intensify stop and check operations to reduce unroadworthy vehicles.,,675000,696 397,"More vehicles stopped and checked for drivers and vehicles fitness, and inspection for compliance, and road safety promotion and awareness. The target is influenced by the traffic volume.",To continue with stop and check of vehicles.,675000,675 006,More vehicles stopped and checked due to high traffic volumes during the festive season,,,,675000,628 451,Less vehicles stopped and checked due to unfavourable and bad weather conditions,Improved planning,2700000,2669569,,,,,Target was not achieved,target was exceeded,153
Transport,Transport,Limpopo,Programme 4: Transport Regulation ,Sub-Programme 4.3: Law Enforcement,Quarterly,Number of vehicles weighed,Standardized,Not  Applicable,Priority 2: Economic Transformation And Job Creation,-,"The Economic Sectors, Employment and Infrastructure Development cluster",162500,191029,More vehicles were weighed to reduce damage on public road due to none-compliance on load management.,Continuous monitoring of loads management. ,,162500,187 339,"More vehicles weighed due to high number of transport vehicles travelling on our road network. Out of 683 742 vehicles screened, 187 339 were referred for weighing and 3 468 charged overloading.",To continue monitoring load management in the province.,162500,218 117,More vehicles weighed as it depends on traffic volumes,,,,162500,186 274,More vehicles weighed as this is a moving target dependent on traffic volumes,None,650000,782759,,,,,Target was exceeded,Target was exceeded ,153
Transport,Transport,Limpopo,Programme 5: Community Based Programmes,Sub-Programme 5.1: Programme Support Community Based,Annually,default,Not Applicable,Not  Applicable,Not Applicable,-,Not Applicable,,,,,,,,,,,,,,,,,,,,,,,,,,,,153
Transport,Transport,Limpopo,Programme 5: Community Based Programmes,Sub-Programme 5.1: Programme Support Community Based,Quarterly,default,Not Applicable,Not  Applicable,Not Applicable,-,Not Applicable,,,,,,,,,,,,,,,,,,,,,0,,,,,Default indicator,No comment,153
Transport,Transport,Limpopo,Programme 5: Community Based Programmes,Sub-Programme 5.2: Community Development,Annually,Default,Not Applicable,Not  Applicable,Not Applicable,-,Not Applicable,,,,,,,,,,,,,,,,,,,,,,,,,,,,153
Transport,Transport,Limpopo,Programme 5: Community Based Programmes,Sub-Programme 5.2: Community Development,Quarterly,Default,Not Applicable,Not  Applicable,Not Applicable,-,Not Applicable,,,,,,,,,,,,,,,,,,,,,0,,,,,Default indicator,No comment,153
Transport,Transport,Limpopo,Programme 5: Community Based Programmes,Sub-Programme 5.3: Innovation and Empowerment,Annually,Default,Not Applicable,Not  Applicable,Not Applicable,-,Not Applicable,,,,,,,,,,,,,,,,,,,,,,,,,,,,153
Transport,Transport,Limpopo,Programme 5: Community Based Programmes,Sub-Programme 5.3: Innovation and Empowerment,Quarterly,Default,Not Applicable,Not  Applicable,Not Applicable,-,Not Applicable,,,,,,,,,,,,,,,,,,,,,0,,,,,Default indicator,No comment,153
Transport,Transport,Limpopo,Programme 5: Community Based Programmes,Sub-Programme 5.4: EPWP Coordination and Monitoring,Annually,default,Not Applicable,Not  Applicable,Priority 2: Economic Transformation And Job Creation,-,"The Economic Sectors, Employment and Infrastructure Development cluster",,,,,,,,,,,,,,,,,,,,,,,,,,,,153
Transport,Transport,Limpopo,Programme 5: Community Based Programmes,Sub-Programme 5.4: EPWP Coordination and Monitoring,Quarterly,Number of persons with disabilities employed,Standardized,Not  Applicable,Priority 2: Economic Transformation And Job Creation,-,"The Economic Sectors, Employment and Infrastructure Development cluster",,,,,,,,,,,,,,,,,,,,,0,,,,,Cumulative (Year to Date)-,no comment,153
Transport,Transport,Limpopo,Programme 5: Community Based Programmes,Sub-Programme 5.4: EPWP Coordination and Monitoring,Quarterly,Number of women employed,Standardized,Not  Applicable,Priority 2: Economic Transformation And Job Creation,-,"The Economic Sectors, Employment and Infrastructure Development cluster",,,,,,,,,,,,,,,,,,,,,0,,,,,Cumulative (Year to Date)-,No comment,153
Transport,Transport,Limpopo,Programme 5: Community Based Programmes,Sub-Programme 5.4: EPWP Coordination and Monitoring,Quarterly,Number of work opportunities created,Standardized,Not  Applicable,Priority 2: Economic Transformation And Job Creation,-,"The Economic Sectors, Employment and Infrastructure Development cluster",,,,,,,,,,,,,,,,,,,,,0,,,,,Cumulative (Year to Date)-Number) ,No comment,153
Transport,Transport,Limpopo,Programme 5: Community Based Programmes,Sub-Programme 5.4: EPWP Coordination and Monitoring,Quarterly,Number of youths employed (18 – 35),Standardized,Not  Applicable,Priority 2: Economic Transformation And Job Creation,-,"The Economic Sectors, Employment and Infrastructure Development cluster",,,,,,,,,,,,,,,,,,,,,0,,,,,Cumulative (Year to Date)-,No comment,153
Transport,Transport,Limpopo,Programme 6: Provincial Secretariat for Police Service,Partnerships,Quarterly,Number of capacity building session for CPFs and CSFs conducted,Not Applicable,Not  Applicable,Priority 6: Social Cohesion and Safer Communities,7. Strengthen crime prevention and social cohesion (2019-2024),"Justice, Crime Prevention and Security cluster",0,0,,,,2,2,,,2,2,,,,,1,1,,,5,5,,,,,Target was not set for the quarter,Target was achieved,153
Transport,Transport,Limpopo,Programme 6: Provincial Secretariat for Police Service,Partnerships,Quarterly,Number of Community Police Forums (CPFs) assessed on functionality per year,Standardized,Not  Applicable,Priority 6: Social Cohesion and Safer Communities,7. Strengthen crime prevention and social cohesion (2019-2024),"Justice, Crime Prevention and Security cluster",29,29,,,,29,29,,,29,29,,,,,23,23,,,110,110,,,,,Target was achieved,Target was achieved,153
Transport,Transport,Limpopo,Programme 6: Provincial Secretariat for Police Service,Partnerships,Quarterly,Number of Community Safety Forums assessed on functionality ,Standardized,Not  Applicable,Priority 6: Social Cohesion and Safer Communities,7. Strengthen crime prevention and social cohesion (2019-2024),"Justice, Crime Prevention and Security cluster",7,7,,,,7,7,,,7,7,,,,,6,6,,,27,27,,,,,Target was achieved,Target was achieved,153
Transport,Transport,Limpopo,Programme 6: Provincial Secretariat for Police Service,Police Oversight,Annually,Number of M&E special projects implemented,Standardized,Not  Applicable,Priority 6: Social Cohesion and Safer Communities,7. Strengthen crime prevention and social cohesion (2019-2024),"Justice, Crime Prevention and Security cluster",,,,,,,,,,,,,,,,1,1,,,1,1,,,,,,,153
Transport,Transport,Limpopo,Programme 6: Provincial Secretariat for Police Service,Police Oversight,Annually,SAPS Garages monitored,Not Applicable,Not  Applicable,Priority 6: Social Cohesion and Safer Communities,7. Strengthen crime prevention and social cohesion (2019-2024),"Justice, Crime Prevention and Security cluster",,,,,,,,,,,,,,,,7,7,,,7,7,,,,,,,153
Transport,Transport,Limpopo,Programme 6: Provincial Secretariat for Police Service,Policy and Research Development,Annually,Number of research reports on policing and safety,Standardized,Not  Applicable,Priority 6: Social Cohesion and Safer Communities,7. Strengthen crime prevention and social cohesion (2019-2024),"Justice, Crime Prevention and Security cluster",,,,,,,,,,,,,,,,,,,,1,,,,,,,,153
Transport,Transport,Limpopo,Programme 6: Provincial Secretariat for Police Service,Sub-programme 6.1: Police Oversight,Quarterly,Heads of components monitored,Not Applicable,Not  Applicable,Priority 6: Social Cohesion and Safer Communities,7. Strengthen crime prevention and social cohesion (2019-2024),"Justice, Crime Prevention and Security cluster",3,3,,,,3,3,,,3,3,,,,,3,3,,,12,3,,,,,Target was achieved,Target was achieved,153
Transport,Transport,Limpopo,Programme 6: Provincial Secretariat for Police Service,Sub-programme 6.1: Police Oversight,Quarterly,Number of customer satisfactions survey conducted,Not Applicable,Not  Applicable,Priority 6: Social Cohesion and Safer Communities,7. Strengthen crime prevention and social cohesion (2019-2024),"Justice, Crime Prevention and Security cluster",28,28,,,,28,28,,,26,26,,,,,22,22,,,104,22,,,,,Target was achieved,Target was achieved,153
Transport,Transport,Limpopo,Programme 6: Provincial Secretariat for Police Service,Sub-programme 6.1: Police Oversight,Quarterly,Number of Police stations monitored and evaluated,Not Applicable,Not  Applicable,Priority 6: Social Cohesion and Safer Communities,7. Strengthen crime prevention and social cohesion (2019-2024),"Justice, Crime Prevention and Security cluster",28,28,,,,28,28,,,26,26,,,,,22,22,,,104,104,,,,,Target was achieved,Target was achieved,153
Transport,Transport,Limpopo,Programme 6: Provincial Secretariat for Police Service,Sub-programme 6.1: Police Oversight,Quarterly,Number of reports compiled on Police stations monitored based on the NMT per year,Not Applicable,Not  Applicable,Priority 6: Social Cohesion and Safer Communities,7. Strengthen crime prevention and social cohesion (2019-2024),"Justice, Crime Prevention and Security cluster",1,1,,,,1,1,,,1,1,,,,,1,1,,,4,1,,,,,Target was achieved,Target was achieved,153
Transport,Transport,Limpopo,Programme 6: Provincial Secretariat for Police Service,Sub-programme 6.1: Police Oversight,Quarterly,SAPS Districts Commissioners monitored,Not Applicable,Not  Applicable,Priority 6: Social Cohesion and Safer Communities,7. Strengthen crime prevention and social cohesion (2019-2024),"Justice, Crime Prevention and Security cluster",1,1,,,,2,2,,,1,1,,,,,1,1,,,5,1,,,,,Target was achieved,Target was achieved,153
Transport,Transport,Limpopo,Programme 6: Provincial Secretariat for Police Service,Sub-programme 6.1: Police Oversight,Quarterly,SAPS specialised Units monitored,Not Applicable,Not  Applicable,Priority 6: Social Cohesion and Safer Communities,7. Strengthen crime prevention and social cohesion (2019-2024),"Justice, Crime Prevention and Security cluster",2,2,,,,2,2,,,2,2,,,,,2,2,,,8,2,,,,,Target was achieved,Target was achieved,153
Transport,Transport,Limpopo,Programme 6: Provincial Secretariat for Police Service,Sub-programme: Crime Prevention,Quarterly,Number of JCPS POA developed,Not Applicable,Not  Applicable,Priority 6: Social Cohesion and Safer Communities,7. Strengthen crime prevention and social cohesion (2019-2024),"Justice, Crime Prevention and Security cluster",1,1,,,,0,,,,0,0,,,,,0,,,,1,1,,,,,Target was achieved,,153
Transport,Transport,Limpopo,Programme 6: Provincial Secretariat for Police Service,Sub-programme: Crime Prevention,Quarterly,Number of Quarterly Progress Reports on JCPS POA compiled,Standardized,Not  Applicable,Priority 6: Social Cohesion and Safer Communities,7. Strengthen crime prevention and social cohesion (2019-2024),"The Economic Sectors, Employment and Infrastructure Development cluster",1,1,,,,1,1,,,1,1,,,,,1,1,,,4,1,,,,,Target was achieved,,153
Transport,Transport,Limpopo,Programme 6: Provincial Secretariat for Police Service,Sub-programme: Crime Prevention,Quarterly,Number of social crime prevention programmes implemented per year,Not Applicable,Not  Applicable,Priority 6: Social Cohesion and Safer Communities,7. Strengthen crime prevention and social cohesion (2019-2024),"Justice, Crime Prevention and Security cluster",1,1,,,,2,2,,,1,1,,,,,1,1,,,5,5,,,,,Target was achieved,,153
Transport,Transport,Limpopo,Programme 6: Provincial Secretariat for Police Service,Sub-Programme: Police Conduct and Compliance ,Quarterly,Number of court watch reports compiled,Not Applicable,Not  Applicable,Priority 6: Social Cohesion and Safer Communities,7. Strengthen crime prevention and social cohesion (2019-2024),"Justice, Crime Prevention and Security cluster",1,1,,,,1,1,,,1,1,,,,,1,1,,,4,4,,,,,Target was achieved,,153
Transport,Transport,Limpopo,Programme 6: Provincial Secretariat for Police Service,Sub-Programme: Police Conduct and Compliance ,Quarterly,Number of Domestic Violence Act compliance report compiled,Not Applicable,Not  Applicable,Priority 6: Social Cohesion and Safer Communities,7. Strengthen crime prevention and social cohesion (2019-2024),"Justice, Crime Prevention and Security cluster",1,1,,,,1,1,,,1,1,,,,,1,1,,,4,4,,,,,Target was achieved,,153
Transport,Transport,Limpopo,Programme 6: Provincial Secretariat for Police Service,Sub-Programme: Police Conduct and Compliance ,Quarterly,Number of Domestic Violence Initiatives conducted,Not Applicable,Not  Applicable,Priority 6: Social Cohesion and Safer Communities,7. Strengthen crime prevention and social cohesion (2019-2024),"Justice, Crime Prevention and Security cluster",1,1,,,,2,2,,,1,1,,,,,1,1,,,5,1,,,,,Target was achieved,,153
Transport,Transport,Limpopo,Programme 6: Provincial Secretariat for Police Service,Sub-Programme: Police Conduct and Compliance ,Quarterly,Number of monitoring reports compiled on implementation of IPID recommendations by SAPS per yearmestic Violence Act (98) by SAPS,Not Applicable,Not  Applicable,Priority 6: Social Cohesion and Safer Communities,7. Strengthen crime prevention and social cohesion (2019-2024),"Justice, Crime Prevention and Security cluster",1,1,,,,1,1,,,1,1,,,,,1,1,,,4,1,,,,,Target was achieved,,153
Transport,Transport,Limpopo,Programme 6: Provincial Secretariat for Police Service,Sub-Programme: Police Conduct and Compliance ,Quarterly,Number of reports compiled on the management of service delivery complaints against SAPS per year,Not Applicable,Not  Applicable,Priority 6: Social Cohesion and Safer Communities,7. Strengthen crime prevention and social cohesion (2019-2024),"Justice, Crime Prevention and Security cluster",1,1,,,,1,1,,,1,1,,,,,1,1,,,4,4,,,,,Target was achieved,,153
