Sector,Institution,Programme,SubProgramme,Location,Frequency,Indicator,Type,SubType,Outcome,Priority,Cluster,Target_Q1,ActualOutput_Q1,ReasonforDeviation_Q1,CorrectiveAction_Q1,Target_Q2,ActualOutput_Q2,Target_Q3,ActualOutput_Q3,ReasonforDeviation_Q3,CorrectiveAction_Q3,OTP_Q3,Target_Q4,ActualOutput_Q4,ReasonforDeviation_Q4,CorrectiveAction_Q4,AnnualTarget_Summary2,Preliminary_Summary2,PrelimaryAudited_Summary2,ReasonforDeviation_Summary,CorrectiveAction_Summary,ValidatedAudited_Summary2,ReasonforDeviation_Q2,CorrectiveAction_Q2,OTP_Q2,DesiredPerformance,OTP_Q4,UID
,Eastern Cape: Office of the Premier,Eastern Cape,Programme 1: Administration,Sub - Programme 1.5: Corporate Management Services,Quarterly,1.1 HR Maturity Level,Not Applicable,Not  Applicable,"Priority 1: A Capable, Ethical and Developmental State","Capable, Ethical and Developmental State","Governance, State Capacity and Institutional Development cluster",-,-,,,-,,3,No report received,,,,-,-,N/A,N/A,3,-,,,,,,,,,,70
,Eastern Cape: Office of the Premier,Eastern Cape,Programme 1: Administration,Sub - Programme 1.5: Corporate Management Services,Quarterly,1.4 ICT Maturity Level,Not Applicable,Not  Applicable,"Priority 1: A Capable, Ethical and Developmental State","Capable, Ethical and Developmental State","Governance, State Capacity and Institutional Development cluster",-,-,,,-,,3,3,N/A,N/A,,-,-,N/A,N/A,3,-,,,,,,,,,,70
,Eastern Cape: Office of the Premier,Eastern Cape,Programme 1: Administration,Sub - Programme 1.5: Corporate Management Services,Quarterly,1.5 Employees below 35 years of age,Not Applicable,Not  Applicable,"Priority 1: A Capable, Ethical and Developmental State","Capable, Ethical and Developmental State","Governance, State Capacity and Institutional Development cluster",20%,"16.6% (65/390X100) 

Of the 52 ARP posts, 33 are earmarked for Youth. Progress:
So far, of the 33 earmarked posts, 10 have been filled, 3 are in progress and 11 have been advertised,  
However, 6 posts were deviated from the plan. Recruitment panels were appointed and trained on EE policy as well as EE targets for 2024/ 25. 
"," 
As much as there were consultations with recruitment panels, the adverts were not specifying the EE targets and that resulted not to get the required target.  ","EE targets must be specified in the advertisements.

To strengthen partnership with recruitment panels

Meet regularly with project team 
",20%,,20%,17.35,Youth employees   are exiting Youth Bracket.,"•	Lower -level posts that do not need any experience are ringfenced for youth.
•	Mentoring and Coaching programme should prioritize the MMS level posts in-order to fill the gaps on SMS level
",Accepted,20%,17,Appointed Youth are exiting youth bracket,•	Lower -level posts that do not need any experience are ringfenced for youth.,20%,-,,,,,,,,,,70
,Eastern Cape: Office of the Premier,Eastern Cape,Programme 1: Administration,Sub- Programme 1.1: Premier support,Annually,Default,Not Applicable,Not  Applicable,Not Applicable,-,Not Applicable,,,,,,,,,,,,,,,,,,,,,,,,,,,70
,Eastern Cape: Office of the Premier,Eastern Cape,Programme 1: Administration,Sub- Programme 1.1: Premier support,Quarterly,Default,Not Applicable,Not  Applicable,Not Applicable,-,Not Applicable,,,,,,,,,,,,,,,,,,,,,,,,,,,70
,Eastern Cape: Office of the Premier,Eastern Cape,Programme 1: Administration,Sub- programme 1.2: Executive Council Support,Annually,Default,Not Applicable,Not  Applicable,Not Applicable,-,Not Applicable,,,,,,,,,,,,,,,,,,,,,,,,,,,70
,Eastern Cape: Office of the Premier,Eastern Cape,Programme 1: Administration,Sub- programme 1.2: Executive Council Support,Quarterly,Default,Not Applicable,Not  Applicable,Not Applicable,-,Not Applicable,,,,,,,,,,,,,,,,,,,,,,,,,,,70
,Eastern Cape: Office of the Premier,Eastern Cape,Programme 1: Administration,Sub- Programme 1.3: Director-General Support,Annually,Default,Not Applicable,Not  Applicable,Not Applicable,-,Not Applicable,,,,,,,,,,,,,,,,,,,,,,,,,,,70
,Eastern Cape: Office of the Premier,Eastern Cape,Programme 1: Administration,Sub- Programme 1.3: Director-General Support,Quarterly,1.10 Unqualified audit opinion without matters of emphasis,Not Applicable,Not  Applicable,"Priority 1: A Capable, Ethical and Developmental State","Capable, Ethical and Developmental State","Governance, State Capacity and Institutional Development cluster",-,-,,,Unqualified audit opinion without matters of emphasis,Unqualified audit opinion,-,-,N/A,N/A,,-,-,N/A,N/A,Unqualified audit opinion without matters of emphasis,-,,,,,,,,,,70
,Eastern Cape: Office of the Premier,Eastern Cape,Programme 1: Administration,Sub- Programme 1.3: Director-General Support,Quarterly,1.3 Risk Management Maturity Level,Not Applicable,Not  Applicable,"Priority 1: A Capable, Ethical and Developmental State","Capable, Ethical and Developmental State","Governance, State Capacity and Institutional Development cluster",-,-,,,-,,3,3,N/A,N/A,,-,-,N/A,N/A,3,-,,,,,,,,,,70
,Eastern Cape: Office of the Premier,Eastern Cape,Programme 1: Administration,Sub- Programme 1.3: Director-General Support,Quarterly,Default,Not Applicable,Not  Applicable,Not Applicable,-,Not Applicable,,,,,,,,,,,,,,,,,-,,,,,,,,,,70
,Eastern Cape: Office of the Premier,Eastern Cape,Programme 1: Administration,Sub-Programme 1.4: Financial Management,Annually,Default,Not Applicable,Not  Applicable,Not Applicable,-,Not Applicable,,,,,,,,,,,,,,,,,,,,,,,,,,,70
,Eastern Cape: Office of the Premier,Eastern Cape,Programme 1: Administration,Sub-Programme 1.4: Financial Management,Quarterly,1.2 Financial Maturity Level,Not Applicable,Not  Applicable,"Priority 1: A Capable, Ethical and Developmental State","Capable, Ethical and Developmental State","Governance, State Capacity and Institutional Development cluster",-,-,,,-,,3,2,Underspending,Implement stricter budget controls with real time monitoring. ,Accepted,-,-,N/A,N/A,3,-,,,,,,,,,,70
,Eastern Cape: Office of the Premier,Eastern Cape,Programme 1: Administration,Sub-Programme 1.4: Financial Management,Quarterly,1.6 Procurement beneficiation towards Eastern Cape Based Micro Small Medium Enterprise (MSME)  ,Not Applicable,Not  Applicable,"Priority 1: A Capable, Ethical and Developmental State","Capable, Ethical and Developmental State","Governance, State Capacity and Institutional Development cluster",60%,91%,Focused efforts on increasing procurement spend towards women own   enterprises yielded positive outcomes.,,60%,70%,60%,73,N/A,N/A,Accepted,60%,"69,4%",Focused efforts on increasing procurement spend towards Eastern Cape based MSME’s yielded positive outcomes.,N/A,60%,-,,,,,10%,Focused efforts on increasing procurement spend towards EC MSMEs own   enterprises yielded positive outcomes.,No reason provided for over achievement,,,70
,Eastern Cape: Office of the Premier,Eastern Cape,Programme 1: Administration,Sub-Programme 1.4: Financial Management,Quarterly,1.7 Procurement beneficiation towards youth owned enterprises,Not Applicable,Not  Applicable,"Priority 1: A Capable, Ethical and Developmental State","Capable, Ethical and Developmental State","Governance, State Capacity and Institutional Development cluster",30%,33%,Focused efforts on increasing procurement spend towards women own   enterprises yielded positive outcomes.,,30%,10.1%,30%,14,The underachievement is due to non availability of youth owned enterprises. ,Focused outreaches targeting youth to register on the suppliers database. ,Accepted,30%,15%,Limited number of youth owned enterprises available on Central Supplier Database for goods and services that were required during the quarter.,"The under achievement on youth and people with disability owned enterprises is informed by non-availability of service providers for goods and services procured in a particular period.
More effort will be exercised i.r.o selection of service providers for quotations below R1 million preference will be given to youth and people with disability owned enterprises. 
The department is continuously collating supplier information from  various municipalities targeting the youth and people with disability owned enterprises in order to develop of an internal supplier database.
",30%,-,,,,,19.9%,"The under achievement on youth owned enterprises is informed by non-availability of service providers on the database (CSD) for the services procured during the quarter.
",Remedial action not provided,,,70
,Eastern Cape: Office of the Premier,Eastern Cape,Programme 1: Administration,Sub-Programme 1.4: Financial Management,Quarterly,1.8 Procurement beneficiation towards women owned enterprises,Not Applicable,Not  Applicable,"Priority 1: A Capable, Ethical and Developmental State","Capable, Ethical and Developmental State","Governance, State Capacity and Institutional Development cluster",40%,83%,Focused efforts on increasing procurement spend towards women own   enterprises yielded positive outcomes.,,40%,51%,40%,55,N/A,N/A,,40%,60%,Focused efforts on increasing procurement spend towards women owned companies yielded positive outcomes.,N/A,40%,-,,,,,11%,"Focused efforts on increasing procurement spend towards women own   enterprises yielded positive outcomes.
",No reason provided  for over achievement,,,70
,Eastern Cape: Office of the Premier,Eastern Cape,Programme 1: Administration,Sub-Programme 1.4: Financial Management,Quarterly,1.9 Procurement beneficiation towards persons with disabilities owned enterprises,Not Applicable,Not  Applicable,"Priority 1: A Capable, Ethical and Developmental State","Capable, Ethical and Developmental State","Governance, State Capacity and Institutional Development cluster",7%,"0,07%",The under achievement on youth owned enterprises is informed by non-availability of service providers on the database (CSD) for the services procured during the quarter.,More effort to improve procurement spend on persons with disabilities will be exercised,7%,0%,7%,0.35,The underachievement is due to non availability of enterprises of people with disabilities.,Focused outreaches targeting people with disabilities to register on the suppliers database,Accepted,7%,"0,32%",Limited number enterprises owned by Persons with Disabilities available on Central Supplier Database for goods and services that were required during the quarter.,"The under achievement on youth and people with disability owned enterprises is informed by non-availability of service providers for goods and services procured in a particular period.
More effort will be exercised i.r.o selection of service providers for quotations below R1 million preference will be given to youth and people with disability owned enterprises. 
The department is continuously collating supplier information from  various municipalities targeting the youth and people with disability owned enterprises in order to develop of an internal supplier database.
",7%,-,,,,,"The under achievement on PwD owned enterprises is informed by non-availability of service providers on the database (CSD) for the services procured during the quarter.
",More effort to improve procurement spend on persons with disabilities will be exercised,,,,70
,Eastern Cape: Office of the Premier,Eastern Cape,Programme 1: Administration,Sub-Programme 1.4: Financial Management,Quarterly,Default,Not Applicable,Not  Applicable,Not Applicable,-,Not Applicable,,,,,,,,,,,,,,,,,-,,,,,,,,,,70
,Eastern Cape: Office of the Premier,Eastern Cape,Programme 1: Administration,Sub-Programme 1.5: Programme Support: Administration ,Annually,Default,Not Applicable,Not  Applicable,Not Applicable,-,Not Applicable,,,,,,,,,,,,,,,,,,,,,,,,,,,70
,Eastern Cape: Office of the Premier,Eastern Cape,Programme 1: Administration,Sub-Programme 1.5: Programme Support: Administration ,Quarterly,Default,Not Applicable,Not  Applicable,Not Applicable,-,Not Applicable,,,,,,,,,,,,,,,,,,,,,,,,,,,70
,Eastern Cape: Office of the Premier,Eastern Cape,Programme 2: Institutional Development,Sub- Programme 2.1: Strategic Human Resources,Annually,Default,Not Applicable,Not  Applicable,Not Applicable,-,Not Applicable,,,,,,,,,,,,,,,,,,,,,,,,,,,70
,Eastern Cape: Office of the Premier,Eastern Cape,Programme 2: Institutional Development,Sub- Programme 2.1: Strategic Human Resources,Quarterly,Default,Not Applicable,Not  Applicable,Not Applicable,-,Not Applicable,,,,,,,,,,,,,,,,,,,,,,,,,,,70
,Eastern Cape: Office of the Premier,Eastern Cape,Programme 2: Institutional Development,Sub- Programme 2.2: Information Communication Technology,Annually,Default,Not Applicable,Not  Applicable,Not Applicable,-,Not Applicable,,,,,,,,,,,,,,,,,,,,,,,,,,,70
,Eastern Cape: Office of the Premier,Eastern Cape,Programme 2: Institutional Development,Sub- Programme 2.2: Information Communication Technology,Quarterly,Default,Not Applicable,Not  Applicable,Not Applicable,-,Not Applicable,,,,,,,,,,,,,,,,,,,,,,,,,,,70
,Eastern Cape: Office of the Premier,Eastern Cape,Programme 2: Institutional Development,Sub-Programme 2.3: Legal Services,Annually,Default,Not Applicable,Not  Applicable,Not Applicable,-,Not Applicable,,,,,,,,,,,,,,,,,,,,,,,,,,,70
,Eastern Cape: Office of the Premier,Eastern Cape,Programme 2: Institutional Development,Sub-Programme 2.3: Legal Services,Quarterly,Default,Not Applicable,Not  Applicable,Not Applicable,-,Not Applicable,,,,,,,,,,,,,,,,,,,,,,,,,,,70
,Eastern Cape: Office of the Premier,Eastern Cape,Programme 2: Institutional Development,Sub-Programme 2.4: Communication Services,Annually,Default,Not Applicable,Not  Applicable,Not Applicable,-,Not Applicable,,,,,,,,,,,,,,,,,,,,,,,,,,,70
,Eastern Cape: Office of the Premier,Eastern Cape,Programme 2: Institutional Development,Sub-Programme 2.4: Communication Services,Quarterly,Default,Not Applicable,Not  Applicable,Not Applicable,-,Not Applicable,,,,,,,,,,,,,,,,,,,,,,,,,,,70
,Eastern Cape: Office of the Premier,Eastern Cape,"Programme 2: Provincial Planning, Performance Monitoring and Evaluation ",Sub-Programme 2.1: Programme Management,Quarterly,2.1 Number of programmes co-ordinated to facilitate investments in the province.,Non-Standardized,Max,"Priority 1: A Capable, Ethical and Developmental State","Capable, Ethical and Developmental State","Governance, State Capacity and Institutional Development cluster",0,0,N/A,N/A,2,,2,3,"According to the OPS plan, all3 programmes had milestones (including Revenue Enhancement) and were achieved",N/A,Accepted. ,3,3,N/A,N/A,3,3,,,,,,,,"3  programmes co-ordinated to facilitate investments in the
province.",,70
,Eastern Cape: Office of the Premier,Eastern Cape,"Programme 2: Provincial Planning, Performance Monitoring and Evaluation ",Sub-Programme 2.1: Programme Management,Quarterly,2.1 Rand value of investments coordinated,Standardized,Not  Applicable,"Priority 1: A Capable, Ethical and Developmental State","Capable, Ethical and Developmental State","Governance, State Capacity and Institutional Development cluster",-,-,N/A,N/A,-,1,R15bn,,,,,R15bn,,,,R30bn,-,,,,,1,"The Bi-Annual dialogues with investors was not convened in this Quarter due to the busy schedule of the Premier
",,,,70
,Eastern Cape: Office of the Premier,Eastern Cape,"Programme 2: Provincial Planning, Performance Monitoring and Evaluation ",Sub-Programme 2.1: Programme Management,Quarterly,2.2 Number of programmes co-ordinated to create employment opportunities ,Standardized,Not  Applicable,"Priority 1: A Capable, Ethical and Developmental State","Capable, Ethical and Developmental State","Governance, State Capacity and Institutional Development cluster",3,3,N/A,,3,2,3,,,,,3,,,,3,-,,,,,1,"Poor and inconsistent reporting by National, provincial and local government sphere",No remedial action provided for this indicator.,,,70
,Eastern Cape: Office of the Premier,Eastern Cape,"Programme 2: Provincial Planning, Performance Monitoring and Evaluation ",Sub-Programme 2.1: Programme Management,Quarterly,2.2 Number of work opportunities programmes co-ordinated,Non-Standardized,Max,"Priority 1: A Capable, Ethical and Developmental State","Capable, Ethical and Developmental State","Governance, State Capacity and Institutional Development cluster",0,0,N/A,N/A,3,,3,3,N/A,N/A,,3,3,N/A,N/A,3,3,,,,,,,,3 work opportunities programmes co-ordinated,,70
,Eastern Cape: Office of the Premier,Eastern Cape,"Programme 2: Provincial Planning, Performance Monitoring and Evaluation ",Sub-Programme 2.1: Programme Management,Quarterly,2.3 Number of integration programmes co-ordinated,Non-Standardized,Max,"Priority 1: A Capable, Ethical and Developmental State","Capable, Ethical and Developmental State","Governance, State Capacity and Institutional Development cluster",9,9,N/A,N/A,9,,9,9,N/A,N/A,,9,9,N/A,N/A,9,9,,,,,,,,9 integration programmes co-ordinated,,70
,Eastern Cape: Office of the Premier,Eastern Cape,"Programme 2: Provincial Planning, Performance Monitoring and Evaluation ",Sub-Programme 2.1: Programme Management,Quarterly,2.3 Number of Provincial strategic programmes implemented.,Standardized,Not  Applicable,"Priority 1: A Capable, Ethical and Developmental State","Capable, Ethical and Developmental State","Governance, State Capacity and Institutional Development cluster",2,2	,N/A,N/A,2,,2,,,,,2,,,,2,-,,,,,,,There is a target for this indicator but there is no actual output/reason for deviation,,,70
,Eastern Cape: Office of the Premier,Eastern Cape,"Programme 2: Provincial Planning, Performance Monitoring and Evaluation ",Sub-Programme 2.1: Programme Management,Quarterly,2.4 Number of integration programmes coordinated,Standardized,Not  Applicable,"Priority 1: A Capable, Ethical and Developmental State","Capable, Ethical and Developmental State","Governance, State Capacity and Institutional Development cluster",9,9,N/A,N/A,9,9,9,,,,,9,,,,9,-,,,,,N/A,N/A,,,,70
,Eastern Cape: Office of the Premier,Eastern Cape,"Programme 2: Provincial Planning, Performance Monitoring and Evaluation ",Sub-Programme 2.1: Programme Management,Quarterly,2.4 Number of provincial strategic projects monitored,Non-Standardized,Max,"Priority 1: A Capable, Ethical and Developmental State","Capable, Ethical and Developmental State","Governance, State Capacity and Institutional Development cluster",0,0,N/A,N/A,15,,0,15,N/A,N/A,What is the reason for deviation?,15,15,N/A,N/A,15,15,,,,,,,,15 provincial strategic projects monitored,,70
,Eastern Cape: Office of the Premier,Eastern Cape,"Programme 2: Provincial Planning, Performance Monitoring and Evaluation ",Sub-Programme 2.1: Programme Management,Quarterly,2.5 Number of Provincial strategic projects coordinated,Standardized,Not  Applicable,"Priority 1: A Capable, Ethical and Developmental State","Capable, Ethical and Developmental State","Governance, State Capacity and Institutional Development cluster",-,-,N/A,N/A,15,15,-,,,,,15,,,,15,-,,,,,N/A,N/A,,,,70
,Eastern Cape: Office of the Premier,Eastern Cape,PROGRAMME 3: Executive Support and Stakeholder Management ,Sub-Programme 3.1: Programme Management,Quarterly,3.1 Number of programmes co-ordinated to improve youth employment,Standardized,Not  Applicable,"Priority 1: A Capable, Ethical and Developmental State","Capable, Ethical and Developmental State","Governance, State Capacity and Institutional Development cluster",3,3,"The establishment and launch of PYM and the Provincial Skills Development Forum could not be achieved due to delays in finalising guiding frameworks. 

The Process of consulting for inputs has taken longer than anticipated due the period of election benchmarking exercise could not be undertaken 

","The Draft Frameworks and annexures (reporting tool for mainstreaming has been developed). 

National Skills Authority to prioritise the province in the month of July towards finalising PSDF TOR’s  
",3,3,3,,,,,3,,,,3,-,,,,,"The internship programme was not fully implemented due. The implementation of this programme was affected by the suspensive clause and there are legal processes underway to develop a new MoA. 
",A new MoA to be finalised so that the programmes are implemented as planned.,,,,70
,Eastern Cape: Office of the Premier,Eastern Cape,PROGRAMME 3: Executive Support and Stakeholder Management ,Sub-Programme 3.1: Programme Management,Quarterly,3.1 Number of skills development programmes co-ordinated,Non-Standardized,Max,"Priority 1: A Capable, Ethical and Developmental State","Capable, Ethical and Developmental State","Governance, State Capacity and Institutional Development cluster",0,0,N/A,N/A,3,,6,1,5 skills programmes are still to commence in Q4 subject to finalisation of contractual agreements through legal.,An urgent on boarding of State Attorney to expedite the signing of SLAs in time is critical. ,Accepted.,6,3,"Apprenticeship – There was no new intake of learners and subsequently there was no monitoring conducted this quarter
Learnership – intervention has not yet commenced it will commence in the new financial year.
Short Skills Programme - intervention has not yet commenced it will commence in the new financial year learners are still in the process of being loaded into the funder’s system.
",Improve the capacity capability of the sub-programme in order to maximise efficiency of project implementation.,6,3,,,,,,,,6 skills development programmes co-ordinated,,70
,Eastern Cape: Office of the Premier,Eastern Cape,PROGRAMME 3: Executive Support and Stakeholder Management ,Sub-Programme 3.1: Programme Management,Quarterly,3.2 Number of entrepreneurship programmes co-ordinated,Non-Standardized,Max,"Priority 1: A Capable, Ethical and Developmental State","Capable, Ethical and Developmental State","Governance, State Capacity and Institutional Development cluster",0,0,N/A,N/A,2,,2,2,N/A,N/A,,1,2,N/A,N/A,2,2,,,,,,,,2 entrepreneurship programmes co-ordinated,,70
,Eastern Cape: Office of the Premier,Eastern Cape,PROGRAMME 3: Executive Support and Stakeholder Management ,Sub-Programme 3.1: Programme Management,Quarterly,3.2 Number of government programmes benefitting designated groups co-ordinated.  ,Standardized,Not  Applicable,"Priority 1: A Capable, Ethical and Developmental State","Capable, Ethical and Developmental State","Governance, State Capacity and Institutional Development cluster",4,"4
Skills development; Entrepreneurship support; Provincial GBVF response; Special Projects",N/A,N/A,4,2,4,,,,,4,,,,4,-,,,,,N/A,N/A,No reason for deviation provided on this indicator,,,70
,Eastern Cape: Office of the Premier,Eastern Cape,PROGRAMME 3: Executive Support and Stakeholder Management ,Sub-Programme 3.1: Programme Management,Quarterly,3.3 Number of programmes co-ordinated to benefit Military veterans,Standardized,Not  Applicable,"Priority 1: A Capable, Ethical and Developmental State","Capable, Ethical and Developmental State","Governance, State Capacity and Institutional Development cluster",5,"3

Housing, Education, Business Support.","2
Agricultural Support, Skills Development

","Skills development and agricultural support are planned to be achieved in the 2nd to 4th Quarters. Business support report on procurement spend is issued quarterly by Provincial Treasury.
",5,N/A,5,,,,,5,,,,5,-,,,,,N/A,N/A,,,,70
,Eastern Cape: Office of the Premier,Eastern Cape,PROGRAMME 3: Executive Support and Stakeholder Management ,Sub-Programme 3.1: Programme Management,Quarterly,3.3 Number of programmes co-ordinated to respond to Gender Based Violence and Femicide (GBVF),Non-Standardized,Max,"Priority 1: A Capable, Ethical and Developmental State","Capable, Ethical and Developmental State","Governance, State Capacity and Institutional Development cluster",0,0,N/A,N/A,2,,3,3,N/A,N/A,,3,2,The poor buy-in from stakeholders has affected the institutionalisation of MRM.,Develop a coordination social facilitation programme as before initiatives of MRM are attempted or developed.,3,3,,,,,,,,"3 programmes co-ordinated to respond to Gender Based
Violence and Femicide (GBVF)",,70
,Eastern Cape: Office of the Premier,Eastern Cape,PROGRAMME 3: Executive Support and Stakeholder Management ,Sub-Programme 3.1: Programme Management,Quarterly,3.4 Number of municipalities benefiting from the Provincial Small Town Revitalisation Programme,Non-Standardized,Max,"Priority 1: A Capable, Ethical and Developmental State","Capable, Ethical and Developmental State","Governance, State Capacity and Institutional Development cluster",0,0,N/A,N/A,16,,16,16,N/A,N/A,,16,15,Final account for Sunday’s River valley was not paid due to submission of invalid invoice and company registration documents ,The budget was rescheduled to 2025/26 financial year and Municipality was requested to validate documents resubmitted by the contractor through their legal advisory prior to submission to OTP. The matter will be finalized before June 2025.,16,16,,,,,,,,16 municipalities benefiting from the Provincial Small Town Revitalisation Programme,,70
,Eastern Cape: Office of the Premier,Eastern Cape,PROGRAMME 3: Executive Support and Stakeholder Management ,Sub-Programme 3.1: Programme Management,Quarterly,3.4 Number of Public participation platforms co-ordinated to improve direct communications with citizenry,Standardized,Not  Applicable,"Priority 1: A Capable, Ethical and Developmental State","Capable, Ethical and Developmental State","Governance, State Capacity and Institutional Development cluster",2,2 (Outreach programmes and Commemorative days),N/A,N/A,2,2,2,,,,,2,,,,2,-,,,,,N/A,N/A,,,,70
,Eastern Cape: Office of the Premier,Eastern Cape,PROGRAMME 3: Executive Support and Stakeholder Management ,Sub-Programme 3.1: Programme Management,Quarterly,3.5 Number of programmes coordinated to improve stakeholder perception of government.,Standardized,Not  Applicable,"Priority 1: A Capable, Ethical and Developmental State","Capable, Ethical and Developmental State","Governance, State Capacity and Institutional Development cluster",3,"2 

Communication campaign focusing on 9 integration programmes; Programme aimed at informing and empowering citizens


"," 1 

Branding and Marketing of the EC 
","Finalise the development of ToR for the establishment of the ECBMF and prioritise consultation. Fast-track the development of the marketing plan aligned to 9 integrated areas as well as conceptualise the HoL and GBVF Campaign.
",3,2,3,,,,,3,,,,3,-,,,,,N/A,N/A,No reason for deviation provided on this indicator,,,70
,Eastern Cape: Office of the Premier,Eastern Cape,PROGRAMME 3: Executive Support and Stakeholder Management ,Sub-Programme 3.1: Programme Management,Quarterly,3.5 Number of programmes co-ordinated to integrate government services,Non-Standardized,Average,"Priority 1: A Capable, Ethical and Developmental State","Capable, Ethical and Developmental State","Governance, State Capacity and Institutional Development cluster",0,0,N/A,N/A,3,,3,3,N/A,N/A,,3,3,N/A,N/A,3,"1,5",,,,,,,,3 programmes co-ordinated to integrate government services,,70
,Eastern Cape: Office of the Premier,Eastern Cape,PROGRAMME 3: Executive Support and Stakeholder Management ,Sub-Programme 3.1: Programme Management,Quarterly,3.6 Number of programmes co-ordinated to profile government and the Province,Non-Standardized,Max,"Priority 1: A Capable, Ethical and Developmental State","Capable, Ethical and Developmental State","Governance, State Capacity and Institutional Development cluster",0,0,N/A,N/A,2,,2,2,N/A,N/A,,2,2,N/A,N/A,2,2,,,,,,,,"2 programmes co-ordinated to profile government and the
Province",,70
,Eastern Cape: Office of the Premier,Eastern Cape,PROGRAMME 3: Executive Support and Stakeholder Management ,Sub-Programme 3.1: Programme Management,Quarterly,3.6 Percentage of traditional leadership recognition applications finalised within the prescribed timeline.,Standardized,Not  Applicable,"Priority 1: A Capable, Ethical and Developmental State","Capable, Ethical and Developmental State","Governance, State Capacity and Institutional Development cluster",100%,"Recognition and Derecognition: 10.71% (6 finalised of 56 cases) only 2 cases that were finalised within the prescribed timeline. 4 cases were finalised beyond prescribed timeline

Management of Dispute Resolution (120 days): 0% (committee has finalised investigation of 12 cases progress are within internal channels of the Department.16 cases are within internal processes of the Dept not yet dispatched to the parties for comments

Management of Code of Conduct: 11.11% (1finalised of 9 cases)","There is shared responsibility between COGTA and OTP gazetting still performed at COGTA and as such it possesses delays on the finalisation of recognitions and derecognitions. Funds gazette to be committed at COGTA

The premier has to consider recommendations of the committee and dispatched to the parties for comments

Non availability of framework for managing misconduct","Timeous finalization of submission and adjustments of funds at OTP to cater for processing of recognitions and derecognition to avoid further delays

Timeous finalisation of and investigation and consideration of recommendations by Premier

Development of the Code of Conduct in the second quarter",100%,37.88%,100%,,,,,100%,,,,100%,-,,,,,62.12%,"Strengthening accountability on non-adherence of timelines and escalation to the Executive Authority where necessary
",No reason for deviation provided on this indicator,,,70
,Eastern Cape: Office of the Premier,Eastern Cape,PROGRAMME 3: Executive Support and Stakeholder Management ,Sub-Programme 3.1: Programme Management,Quarterly,3.7 Percentage of traditional leadership recognition applications finalised within the prescribed timeline.,Non-Standardized,Max,"Priority 1: A Capable, Ethical and Developmental State","Capable, Ethical and Developmental State","Governance, State Capacity and Institutional Development cluster",0 %,0 %,N/A,N/A,100 %,,100 %,10.36 %,Due to gazetting process that must be followed within the period of 21 days to afford Royal Families to comment on the intended recognitions before recognitions are finalised.      ,The unit developed one memorandum that has been approved by the Premier as well as informed Provincial House of the intended names and notice of the gazette to speed up the process for minimising delays ,Accepted,100 %,10.43 %,Non-adherence to timeframes in processing applications.      ,Developing SoPs and strictly monitoring of   processing applications  ,100 %,0 %,,,,,,,,100% of traditional leadership recognition applications finalised within the prescribed timeline.,,70
,Eastern Cape: Office of the Premier,Eastern Cape,Programme 3: Policy and Governance,Sub-Programme 3.1: Special Programmes,Annually,Default,Not Applicable,Not  Applicable,Not Applicable,-,Not Applicable,,,,,,,,,,,,,,,,,,,,,,,,,,,70
,Eastern Cape: Office of the Premier,Eastern Cape,Programme 3: Policy and Governance,Sub-Programme 3.1: Special Programmes,Quarterly,Default,Not Applicable,Not  Applicable,Not Applicable,-,Not Applicable,,,,,,,,,,,,,,,,,,,,,,,,,,,70
,Eastern Cape: Office of the Premier,Eastern Cape,Programme 3: Policy and Governance,Sub-Programme 3.2: Intergovernmental Relations,Annually,Default,Not Applicable,Not  Applicable,Not Applicable,-,Not Applicable,,,,,,,,,,,,,,,,,,,,,,,,,,,70
,Eastern Cape: Office of the Premier,Eastern Cape,Programme 3: Policy and Governance,Sub-Programme 3.2: Intergovernmental Relations,Quarterly,Default,Not Applicable,Not  Applicable,Not Applicable,-,Not Applicable,,,,,,,,,,,,,,,,,,,,,,,,,,,70
,Eastern Cape: Office of the Premier,Eastern Cape,Programme 3: Policy and Governance,Sub-Programme 3.3: Provincial Policy Management,Annually,Default,Not Applicable,Not  Applicable,Not Applicable,-,Not Applicable,,,,,,,,,,,,,,,,,,,,,,,,,,,70
,Eastern Cape: Office of the Premier,Eastern Cape,Programme 3: Policy and Governance,Sub-Programme 3.3: Provincial Policy Management,Quarterly,Default,Not Applicable,Not  Applicable,Not Applicable,-,Not Applicable,,,,,,,,,,,,,,,,,,,,,,,,,,,70
,Eastern Cape: Office of the Premier,Eastern Cape,Programme 3: Policy and Governance,Sub-Programme 3.4: Traditional Affairs / House,Annually,Default,Not Applicable,Not  Applicable,Not Applicable,-,Not Applicable,,,,,,,,,,,,,,,,,,,,,,,,,,,70
,Eastern Cape: Office of the Premier,Eastern Cape,Programme 3: Policy and Governance,Sub-Programme 3.4: Traditional Affairs / House,Quarterly,Default,Not Applicable,Not  Applicable,Not Applicable,-,Not Applicable,,,,,,,,,,,,,,,,,,,,,,,,,,,70
,Eastern Cape: Office of the Premier,Eastern Cape,Programme 3: Policy and Governance,Sub-Programme 3.5: Premiers Priority Programmes,Annually,Default,Not Applicable,Not  Applicable,Not Applicable,-,Not Applicable,,,,,,,,,,,,,,,,,,,,,,,,,,,70
,Eastern Cape: Office of the Premier,Eastern Cape,Programme 3: Policy and Governance,Sub-Programme 3.5: Premiers Priority Programmes,Quarterly,Default,Not Applicable,Not  Applicable,Not Applicable,-,Not Applicable,,,,,,,,,,,,,,,,,,,,,,,,,,,70
,Eastern Cape: Office of the Premier,Eastern Cape,Programme 3: Policy and Governance,Sub-Programme 3.6: Programme Support: Policy and Governance,Annually,Default,Not Applicable,Not  Applicable,Not Applicable,-,Not Applicable,,,,,,,,,,,,,,,,,,,,,,,,,,,70
,Eastern Cape: Office of the Premier,Eastern Cape,Programme 3: Policy and Governance,Sub-Programme 3.6: Programme Support: Policy and Governance,Quarterly,Default,Not Applicable,Not  Applicable,Not Applicable,-,Not Applicable,,,,,,,,,,,,,,,,,,,,,,,,,,,70
,Eastern Cape: Office of the Premier,Eastern Cape,"Programme 4: Governance, State Capacity and Institutional Development Support",Sub-Programme 4.1: Programme Management,Quarterly,4.1 Number of programmes co-ordinated to build state capacity,Non-Standardized,Max,"Priority 1: A Capable, Ethical and Developmental State","Capable, Ethical and Developmental State","Governance, State Capacity and Institutional Development cluster",0,0,N/A,N/A,8,,8,7,"Compliance with legislation: 
The expanded POPIA/PAIA Reporting Matrix has not been as effective as desired. Many Departments are not complying nor being responsive to report on matters. As a result, the monitoring of the reporting areas is becoming administratively heavy with little substantive impact.


","POPIA/PAIA – Further capacitation sessions will be done














",Accepted,8,8,N/A,N/A,8,8,,,,,,,,8  programmes co-ordinated to build state capacity,Make follow-up on the issue of non-compliance by the indicator owner,70
,Eastern Cape: Office of the Premier,Eastern Cape,"Programme 4: Governance, State Capacity and Institutional Development Support",Sub-Programme 4.1: Programme Management,Quarterly,4.1 Number of programmes co-ordinated to improve state capacity,Standardized,Not  Applicable,"Priority 1: A Capable, Ethical and Developmental State","Capable, Ethical and Developmental State","Governance, State Capacity and Institutional Development cluster",9,9,N/A,N/A,10,7,7,,,,,10,,,,10,-,,,,,Compliance with legislation: PILIR,"

It is anticipated that the Reporting Matrix will be complied with through further support and intervention of the Legal Compliance Directorate. 

This is done through additional hand-holding and continuous follow-up communications. In addition, further reporting items are being workshopped during October and November which will contribute towards increased compliance.  

",,,,70
,Eastern Cape: Office of the Premier,Eastern Cape,"Programme 4: Governance, State Capacity and Institutional Development Support",Sub-Programme 4.1: Programme Management,Quarterly,4.2 Number of departmental turn- around strategies supported to improve institutional performance.,Standardized,Not  Applicable,"Priority 1: A Capable, Ethical and Developmental State","Capable, Ethical and Developmental State","Governance, State Capacity and Institutional Development cluster",2,2,N/A,N/A,2,3,2,,,,,2,,,,2,-,,,,,3,N/A,No reason for over achievement,,,70
,Eastern Cape: Office of the Premier,Eastern Cape,"Programme 4: Governance, State Capacity and Institutional Development Support",Sub-Programme 4.1: Programme Management,Quarterly,4.2 Number of programmes co-ordinated to support employment equity in the province,Non-Standardized,Max,"Priority 1: A Capable, Ethical and Developmental State","Capable, Ethical and Developmental State","Governance, State Capacity and Institutional Development cluster",0,0,N/A,N/A,1,,2,2,N/A,N/A,,2,2,N/A,N/A,2,2,,,,,,,,"2  programmes co-ordinated to support employment equity in
the province",Make follow-up on the issue of non-compliance by the indicator owner,70
,Eastern Cape: Office of the Premier,Eastern Cape,"Programme 4: Governance, State Capacity and Institutional Development Support",Sub-Programme 4.1: Programme Management,Quarterly,4.3 Number of departments achieving employment equity  targets,Standardized,Not  Applicable,"Priority 1: A Capable, Ethical and Developmental State","Capable, Ethical and Developmental State","Governance, State Capacity and Institutional Development cluster",13,"9 Departments 50% female  SMS:

6 Departments 2% PWD:


","Departments did not make appointments to improve the status of employment as reported
","Letters have been written to these Departments through PCMT processing.  

Further capacity building workshops have been co-ordinated on how to go about improving appointments of designated groups through legislative vehicle

",13,1,13,,,,,13,,,,13,-,,,,,1,N/A,Indicator was not achieved and there is no reason for deviation provided,,,70
,Eastern Cape: Office of the Premier,Eastern Cape,"Programme 4: Governance, State Capacity and Institutional Development Support",Sub-Programme 4.1: Programme Management,Quarterly,4.3 Number of institutional development programmes co-ordinated,Non-Standardized,Max,"Priority 1: A Capable, Ethical and Developmental State","Capable, Ethical and Developmental State","Governance, State Capacity and Institutional Development cluster",0,0,N/A,N/A,3,,3,3,N/A,N/A,,3,2,"There was a delay in the amalgamation the Eastern Cape Liquor Board and Eastern Cape Gambling Board mainly on the outstanding issues of a business case, financial model and cost benefit analysis",A submission has been made to the DG to appraise him of progress. A meeting will be convened between the MEC’S of DEDEA and Finance to decide on a way forward regarding the merge.,3,3,,,,,,,,3 institutional development programmes co-ordinated,Make follow-up on the issue of non-compliance by the indicator owner,70
,Eastern Cape: Office of the Premier,Eastern Cape,"Programme 4: Governance, State Capacity and Institutional Development Support",Sub-Programme 4.1: Programme Management,Quarterly,4.4 Number of sites connected to broadband,Non-Standardized,Max,"Priority 1: A Capable, Ethical and Developmental State","Capable, Ethical and Developmental State","Governance, State Capacity and Institutional Development cluster",269,269,N/A,N/A,150,,350,0,Budget shortfall,Engagements with Treasury to source more funds to address the budget shortfall,At what stage are the engagements?,263,0,Project budget was exhausted in Quarter 2,"Frontloading from PT. The Unit also approached the DCDT for additional funding, but have not been successful. A BFI application for the additional budget was also made and OPT is still awaiting the feedback in relation to this.",1032,269,,,,,,,,1032 Number of sites connected to broadband,Make follow-up on the issue of non-compliance by the indicator owner,70
