Sector,Institution,Programme,SubProgramme,Location,Frequency,Indicator,Type,SubType,Outcome,Priority,Cluster,Target_Q1,ActualOutput_Q1,Target_Q2,ActualOutput_Q2,Target_Q3,ActualOutput_Q3,Target_Q4,ActualOutput_Q4,AnnualTarget_Summary2,Preliminary_Summary2,PrelimaryAudited_Summary2,ReasonforDeviation_Summary,CorrectiveAction_Summary,ValidatedAudited_Summary2,ReasonforDeviation_Q1,CorrectiveAction_Q1,OTP_Q1,National_Q1,ReasonforDeviation_Q2,CorrectiveAction_Q2,National_Q2,ReasonforDeviation_Q3,CorrectiveAction_Q3,OTP_Q3,National_Q3,ReasonforDeviation_Q4,CorrectiveAction_Q4,OTP_Q4,National_Q4,OTP_Q2,DesiredPerformance,UID
Basic Education,Education,North West,Programme 1:  Administration,Sub Programme 1.2,Annually,POI 1.3: Percentage of expenditure going towards non-personnel items,Non-Standardized,Not  Applicable,"Priority 3: Education, Skills And Health",Job Creation,"The Social Protection, Community and Human Development cluster",,,,,,,15 %,15 %,15 %,15 %,,None,None,,,,,,,,,,,,,,,,,,,116
Basic Education,Education,North West,Programme 1:  Administration,Sub Programme 1.2,Quarterly, POI 1.11: Percentage of preferential procurement spend on enterprises that are youth - owned,Non-Standardized,Not  Applicable,"Priority 3: Education, Skills And Health",Job Creation,"The Social Protection, Community and Human Development cluster",3 %,10.76 %,4 %,None %,4 %,11% %,4 %,8% %,15 %,0 %,,,,,"Our preference targets women, youth and PWD, therefore women followed by youth are allocated the highest points out of three categories. Women who are youth are more favoured to be awarded any contract where they compete against any designated group.","The department will identify contracts which will specifically only target women youth and PWD-owned.

",Please provide reason for deviation for an over achievement and remedial. ,"There is  alignment between the targets in the e-QPR and the 2024/25 APP for all the quarters  of the  2024/25 financial year. The outcome for the 1st quarter of the 2024/25 financial year is 352% of the set target. The PED has not provided a reason for the attainment of the outcome for the period under review and are advised to do so.
",Awaiting for report from Provincial Treasury,Report will be provided during phase 2 reporting.,"The PED has provided a reason for not reporting on this indicator for the quarter under review. The PED is advised to look at the ""corrective action Q2"" to be taken because the reporting was for the second quarter.
",More women enterprises responded and qualified.,,,"The PED has achieved 269% of the set target for the quarter under review. The PED has provided a reason for the attainment of the set target.  The PED is advised to update the indicator in line with the Provincial Treasury report if need be.
",None,None,,"The PED has achieved 200%  of the set target for the quarter under review.   The PED is advised to include a reason for the attainment of the target for the quarter under review.
",,,116
Basic Education,Education,North West,Programme 1:  Administration,Sub Programme 1.2,Quarterly,POI 1.10: Percentage of preferential procurement spend on enterprises that are women - owned ,Non-Standardized,Not  Applicable,"Priority 3: Education, Skills And Health",Job Creation,"The Social Protection, Community and Human Development cluster",10 %,41.52 %,10 %,None %,10 %,29 %,10 %,36% %,40 %,0 %,,,,,"Our preference targets women, youth and PWD, therefore women are allocated the highest points out of three categories. Women are more favoured to be awarded any contract where they compete against any designated group.",The department will identify contracts which will specifically only target women youth and PWD – owned.,Please provide reason for deviation for an over achievement and remedial. ,"There is  alignment between the targets in the e-QPR and the 2024/25 APP for all the quarters  of the  2024/25 financial year. The outcome for the 1st quarter of the 2024/25 financial year is 415% of the set target. The PED has not provided a reason for the attainment of the outcome for the period under review and are advised to do so.
",Awaiting for report from Provincial Treasury ,,"The PED has provided a reason for not reporting on this indicator for the quarter under review. The PED is advised to look at the ""corrective action Q2"" to be taken because the reporting was for the second quarter.
",More women enterprises responded and qualified.,,,"The PED has achieved 4158% of the set target for the quarter under review.  The PED has provided a reason for the attainment of the set target.  The PED is advised to update the indicator in line with the Provincial Treasury report if need be.
",None,None,,"The PED has achieved 360%  of the set target for the quarter under review.   The PED is advised to include a reason for the attainment of the target for the quarter under review.
",,,116
Basic Education,Education,North West,Programme 1:  Administration,Sub Programme 1.2,Quarterly,POI 1.12: Percentage of preferential procurement spend on enterprises that are PWD - owned,Non-Standardized,Not  Applicable,"Priority 3: Education, Skills And Health",Job Creation,"The Social Protection, Community and Human Development cluster",1 %,0.55 %,2 %,None %,2 %,0.6 %,2 %,1% %,7 %,0 %,,,,,"The department does not have adequate service providers who are disabled, responding to our request, although there are numerous awareness campaigns organised by Strategic Planning. However, even if the designated groups are identified, they do not impact significantly, the price of the disabled designated groups is more than 25% above the lowest price.",None,,"There is  alignment between the targets in the e-QPR and the 2024/25 APP for all the quarters  of the  2024/25 financial year. The outcome for the 1st quarter of the 2024/25 financial year is 55% of the set target. The PED has provided a reason for the attainment of the outcome for the period under review.
",Awaiting for report from Provincial Treasury,Report will be provided during phase 2 reporting.,"The PED has provided a reason for not reporting on this indicator for the quarter under review. The PED is advised to look at the ""corrective action Q2"" to be taken because the reporting was for the second quarter.
","The department does not have adequate service providers who are disabled, responding to our request, although there are numerous awareness campaigns organised by Strategic Planning. However even if the designated groups are identified, they do not impact significantly if the price of the disable designated groups is more than 25% above the lowest price.",,Department to include the indicator that has under-performed in the Q3 Improvement plan. ,"The PED has achieved 28% of the set target for the quarter under review.  The PED has provided a reason for the attainment of the set target,  The PED is advised to update the indicator in line with the Provincial Treasury report if need be.
",Less people with disability applied ,None,,"The PED has achieved 50%  of the set target for the quarter under review.   The PED has provided a reason for the   attainment of the target for the quarter under review.
",,,116
Basic Education,Education,North West,Programme 1:  Administration,Sub Programme 1.2,Quarterly,POI 1.13: Percentage of invoices paid within 30 days,Non-Standardized,Average,"Priority 3: Education, Skills And Health",Job Creation,"The Social Protection, Community and Human Development cluster",100 %,94 %,100 %,94 %,100 %,92 %,100 %,87% %,100 %,"93,33333333333333333333333333 %",,,,,Delayed due to suppliers not attending to queries promptly.,Implementation of tracking system where suppliers will immediately receive a massage to attend to queries,Develop the improvement plan for the under-achieved indicator. ,"There is  alignment between the targets in the e-QPR and the 2024/25 APP for all the quarters  of the  2024/25 financial year. The outcome for the 1st quarter of the 2024/25 financial year is 94% of the set target. The PED has provided a reason for the attainment of the outcome for the period under review. The outcome of the corrective action to be undertaken should be monitored.
",Delayed due to end users not attending to queries promptly.,Implementation of tracking system where end users will immediately receive a message to attend to queries.," The outcome for the 2nd  quarter of the 2024/25 financial year is 94% of the set target.  The PED has provided a reason for the attainment of the outcome for the quarter under review. The outcome of the corrective action to be undertaken should be monitored.
",Delayed due to end users not attending to queries promptly,Closely monitor invoice tracking system to pay suppliers within 30 days,,"The PED has achieved 94% of the set target for the quarter under review.  The PED has provided a reason for the attainment of the set target.  It is advised that the PED have a corrective action in place to deal with the reason for deviation.
",Delayed due to end users not attending to queries,Closely monitor invoice tracking system to pay suppliers within 30 days ,The department to develop improvement plan for the indicator that  was not achieved in Q4,"The PED has achieved 87%  of the set target for the quarter under review.   The PED has provided a reason for the   attainment of the target for the quarter under review. The corrective action to be undertaken should be monitored during the 2025/26 financial year.
",,,116
Basic Education,Education,North West,Programme 1:  Administration,Sub Programme 1.2,Quarterly,POI 1.4: Percentage of SGBs in schools that meet the minimum criteria in terms of functionality ,Non-Standardized,Not  Applicable,"Priority 3: Education, Skills And Health",2. Tackling Unemployment (2019-2024),"The Social Protection, Community and Human Development cluster",0 %,,0 %,0 %,60 %,60 %,0 %,,60 %,0 %,,,,,,,,,,,,None,None,,"The PED has achieved 99% of the set target for the quarter under review. The PED has provided a reason for the attainment of the set target. However. The reason for deviation does not correspond with the actual output for quarter 3,
",,,,,,,116
Basic Education,Education,North West,Programme 1:  Administration,Sub Programme 1.4,Quarterly,POI 1.6: Number of office-based employees trained,Non-Standardized,Not  Applicable,"Priority 3: Education, Skills And Health",Job Creation,"The Social Protection, Community and Human Development cluster",60,63,100,100,100,100,58,58,318,58,,,,,We had to swap the Q1 POPIA training for 40 SMS members with two programmes that were already procured. Managers were not available for training.,Swapped training planned for Q2.  Advance excel and 19 Basic Project Management 24 to make up for Q1 target.,,"There is  alignment between the targets in the e-QPR and the 2024/25 APP for all the quarters  of the  2024/25 financial year. The outcome for the 1st quarter of the 2024/25 financial year is 105% of the set target. The variance is 3. The PED has provided a reason for the attainment of the outcome for the period under review. The outcome of the corrective action to be undertaken should be monitored.
",None,None,,None,None,,"The PED has achieved 100% of the set target for the quarter under review.
",None,None,,"The PED has achieved 0%  of the set target for the quarter under review. 
",,,116
Basic Education,Education,North West,Programme 1:  Administration,Sub Programme 1.5,Quarterly,POI 1.1: Number of public schools that use the South African School Administration and Management System (SA-SAMS) or any alternative electronic solution to provide data,Non-Standardized,Average,"Priority 3: Education, Skills And Health",Job Creation,"The Social Protection, Community and Human Development cluster",1468,1468,1468,1468,1468,1466,1468,1466,1468,1467,,,,,None,None,,"There is  alignment between the targets in the e-QPR and the 2024/25 APP for all the quarters  of the  2024/25 financial year. The outcome for the 1st quarter of the 2024/25 financial year is 100% of the set target. 
",None,None," The outcome for the 2nd quarter of the 2024/25 financial year is 100% of the set target.
","Three primary schools were closed (Naganasentle, Klipvoor and Thebenare) and 1 school started using SA SAMS (Borolelo Primary)",None,,"The PED has achieved 100% of the set target for the quarter under review.
","Three primary schools were closed (Naganasentle, Klipvoor and Thebenare) and 1 school started using SA SAMS (Borolelo Primary)",None,,"The PED has achieved  99,86%  of the set target for the quarter under review.  The variance is -2.  The PED has provided a reason for the   attainment of the target for the quarter under review. The PED is advised to check the number of schools closed as it shows 2. whilst the narrative refers to 3, The PED is advised to track the impact of the rationalisation and whether the resources from the schools have been reallocated and if there are savings thereof.
",,,116
Basic Education,Education,North West,Programme 1:  Administration,Sub Programme 1.5,Quarterly,POI 1.2: Number of public schools that can be contacted electronically (email),Non-Standardized,Average,"Priority 3: Education, Skills And Health",Job Creation,"The Social Protection, Community and Human Development cluster",1468,1468,1468,1468,1468,1466,1468,1466,1468,1467,,,,,None,None,,"There is  alignment between the targets in the e-QPR and the 2024/25 APP for all the quarters  of the  2024/25 financial year. The outcome for the 1st quarter of the 2024/25 financial year is 100% of the set target. 
",None,None," The outcome for the 2nd  quarter of the 2024/25 financial year is 100% of the set target.
",None,None,,"The PED has achieved 100% of the set target for the quarter under review.
","Three primary schools were closed (Naganasentle, Klipvoor and Thebenare) and 1 school started using SA SAMS (Borolelo Primary)",None,,"The PED has achieved  99,86%  of the set target for the quarter under review.  The variance is -2.  The PED has provided a reason for the   attainment of the target for the quarter under review. The PED is advised to check the number of schools closed as it shows 2. whilst the narrative refers to 3, The PED is advised to track the impact of the rationalisation and whether the resources from the schools have been reallocated and if there are savings thereof.
",,,116
Basic Education,Education,North West,Programme 1:  Administration,Sub Programme 1.5,Quarterly,POI 1.5: Percentage of schools having access to information through Connectivity,Non-Standardized,Average,"Priority 3: Education, Skills And Health",Job Creation,"The Social Protection, Community and Human Development cluster",100 %,100 %,100 %,100 %,100 %,100 %,100 %,100 %,100 %,100 %,,,,,None,None,,"There is  alignment between the targets in the e-QPR and the 2024/25 APP for all the quarters  of the  2024/25 financial year. The outcome for the 1st quarter of the 2024/25 financial year is 100% of the set target. 
",None,None," The outcome for the 2nd  quarter of the 2024/25 financial year is 100% of the set target.
",None,None,,"The PED has achieved 100% of the set target for the quarter under review.
",None,None,,"The PED has achieved 100% of the set target for the quarter under review.
",,,116
Basic Education,Education,North West,Programme 1:  Administration,Sub Programme 1.5,Quarterly,POI 1.8:  Number of schools monitored on the integration of ICT in teaching and learningPOI 1.5: Percentage of schools having access to information through Connectivity,Non-Standardized,Not  Applicable,"Priority 3: Education, Skills And Health",Job Creation,"The Social Protection, Community and Human Development cluster",65,77,45,34,15,15,15,14,140,14,,,,,More schools monitored because of the second and third quarter that are normally a challenge due examinations,None,,"The PED is advised to check the strategic output indicator as it includes POI1.8 and POI 1.5
",More schools were monitored in Quarter 1 due to activities planned during Exam time in quarter 2.    ,None," The outcome for the 2nd  quarter of the 2024/25 financial year is 76% of the set target.  The PED has provided a reason for the attainment of the outcome for the quarter under review. The corrective action to be undertaken should inserted. In addition, there are two indicators that are reported on.
",None,None,,"The PED has achieved 100% of the set target for the quarter under review.
",One POE submitted in Q1 as part of overachievement,N/A,,"The PED has achieved  99,33%  of the set target for the quarter under review.  The variance is -1.  The PED has provided a reason for the   attainment of the target for the quarter under review. 
",,,116
Basic Education,Education,North West,Programme 1:  Administration,Sub-programme 1.3,Annually,POI 1.15:Number of multi grade schools with access to electronic devices including tablets,Non-Standardized,Not  Applicable,"Priority 3: Education, Skills And Health",Job Creation,"The Social Protection, Community and Human Development cluster",,,,,,,50,0,50,0,,Delays from SCM and the sudden change of needs by the end user,None,,,,,,,,,,,,,,,,,,,116
Basic Education,Education,North West,Programme 1:  Administration,Sub-programme 1.3,Annually,POI 1.17: Number of 6 year old learners enrolled in Education institutions,Non-Standardized,Not  Applicable,"Priority 3: Education, Skills And Health",Job Creation,"The Social Protection, Community and Human Development cluster",,,,,,,56830,59349,56830,59349,,More learners are enrolled in Education institutions than anticipated.,,,,,,,,,,,,,,,,,,,,116
Basic Education,Education,North West,Programme 1:  Administration,Sub-programme 1.3,Quarterly,POI 1.14: Percentage of Post Audit Action Plan implemented,Non-Standardized,Average,"Priority 3: Education, Skills And Health",Job Creation,"The Social Protection, Community and Human Development cluster",100 %,45 %,100 %,50 %,100 %,26 %,100 %,27 %,100 %,37 %,,,,,In the first Quater we have developed the PAAP based on the Prior year findings and the new 2024/25 findings will also be incorporated,None,The indicator should form part of the Quarter 1 improvement plan ,"There is  alignment between the targets in the e-QPR and the 2024/25 APP for all the quarters  of the  2024/25 financial year. The outcome for the 1st quarter of the 2024/25 financial year is 45% of the set target. The PED has provided a reason for the attainment of the outcome for the period under review.
",On Implementation phase.,Closely monitoring and report on monthly basis.," The outcome for the 2nd  quarter of the 2024/25 financial year is 0% of the set target.  The PED has provided a reason for the attainment of the outcome for the quarter under review. The outcome of the corrective action to be undertaken should be monitored.
",Slow implementation is due to the amount of work that needs to be performed. It is a lot of work and also going back and correcting prior period errors and misstatements,"In Q3 IFS which is due on 31 January 2025, there will be more actions showing progress. More progress/completion of action will be confirmed after year-end and finalisation of the AFS.",,"The PED is advised to provide an actual output for the quarter under review.
","Slow implementation is due to the amount of work that needs to be performed, for example, correcting prior period errors.",Close monitoring and report on monthly basis.,,"The PED is advised to insert the outcome for the quarter under review.
",The department to report the percentage or the implementation phase of the PAAP. ,,116
Basic Education,Education,North West,Programme 1:  Administration,Sub-programme 1.3,Quarterly,POI 1.9 : Percentage of schools monitored at least once a quarter by district officials,Non-Standardized,Not  Applicable,"Priority 3: Education, Skills And Health",Job Creation,"The Social Protection, Community and Human Development cluster",100 %,99.95 %,100 %,100 %,100 %,100 %,100 %,"100
 %",100 %,0 %,,,,,"One school in Tswaing LEO, Kilppan Primary School has been closed and merged with Tlhalefang & Uitschort Primary Schools",None,,"There is  alignment between the targets in the e-QPR and the 2024/25 APP for all the quarters  of the  2024/25 financial year. The outcome for the 1st quarter of the 2024/25 financial year is 99,5% of the set target. The PED has provided a reason for the attainment of the outcome for the period under review.
",None,None," The outcome for the 2nd quarter of the 2024/25 financial year is 100% of the set target.
",None,None,,"The PED has achieved 99% of the set target for the quarter under review. The PED has provided a reason for the attainment of the set target. 
",None,None,The department to develop improvement plan for the indicator that  was not achieved in Q4,"The PED has achieved  99,82%  of the set target for the quarter under review.  The variance is -1.  The PED has provided a reason for the   attainment of the target for the quarter under review. 
",,,116
Basic Education,Education,North West,Programme 1:  Administration,Sub-Programme 1.4: Human Resource Development,Annually,POI 1.16: Number of unemployed youth trained in general maintenance of schools,Non-Standardized,Not  Applicable,"Priority 3: Education, Skills And Health",2. Tackling Unemployment (2019-2024),"The Social Protection, Community and Human Development cluster",,,,,,,62,,62,,,,,,,,,,,,,,,,,,,,,,,116
Basic Education,Education,North West,Programme 1:  Administration,Sub-Programme 1.4: Human Resource Development,Annually,POI 1.16: Number of unemployed youth trained in general maintenance of schools,Non-Standardized,Not  Applicable,"Priority 3: Education, Skills And Health",2. Tackling Unemployment (2019-2024),"The Social Protection, Community and Human Development cluster",,,,,,,,,,,,,,,,,,,,,,,,,,,,,,,Eleviation of unemployment and poverty through skilling of youth in general maintenance of schools,116
Basic Education,Education,North West,Programme 1:  Administration,Sub-Programme 1.4: Human Resource Development,Annually,POI 1.7: Number of unemployed youth participating in skills development interventions ,Non-Standardized,Not  Applicable,"Priority 3: Education, Skills And Health",2. Tackling Unemployment (2019-2024),"The Social Protection, Community and Human Development cluster",,,,,,,50,358,50,358,,"308 
The ETDP SETA funded the following programs: 
-200 youth enrolled in Digital Skills Program
- funded 50 interns
- 50 enrolled in ECD Learnership
6 interns received from OTP and 2 funded by Bank SETA
",None,,,,,,,,,,,,,,,,,,,116
Basic Education,Education,North West,Programme 2.	Public Ordinary School Education,Sub-programme 2.1 and 2.2,Annually,POI 2.1: Number of schools provided with multimedia resources,Non-Standardized,Not  Applicable,"Priority 3: Education, Skills And Health",2. Tackling Unemployment (2019-2024),"The Social Protection, Community and Human Development cluster",,,,,,,25,25,25,25,,None,None,,,,,,,,,,,,,,,,,,,116
Basic Education,Education,North West,Programme 2.	Public Ordinary School Education,Sub-programme 2.1 and 2.2,Annually,"POI 2.10: Percentage of learners having English First Additional Language (EFAL) textbooks in Grades 6, and 9 ",Non-Standardized,Not  Applicable,"Priority 3: Education, Skills And Health",2. Tackling Unemployment (2019-2024),"The Social Protection, Community and Human Development cluster",,,,,,,100 %,95 %,100 %,95 %,,"Dropped out learners not returning books to School.
Increased learner enrolment
Failure to retrieve Textbooks from Learners at the end of the year.

Relocation/ transfer of learners from one school to another
","Schools placed Top Up Orders and received delivery.
Schools will be encouraged to intensify Retrieval strategies.

Coordination of relocation of learners from one school to another to be monitored to ensure that learners move with LTSM to the new school
",,,,,,,,,,,,,,,,,,,116
Basic Education,Education,North West,Programme 2.	Public Ordinary School Education,Sub-programme 2.1 and 2.2,Annually,"POI 2.11: Percentage of learners having Numeracy/Mathematics textbooks in Grades 6, and 9 ",Non-Standardized,Not  Applicable,"Priority 3: Education, Skills And Health",2. Tackling Unemployment (2019-2024),"The Social Protection, Community and Human Development cluster",,,,,,,100 %,97 %,100 %,97 %,,"Dropped out learners not returning books to School.
Increased learner enrolment
Failure to retrieve Textbooks from Learners at the end of the year.

Relocation/ transfer of learners from one school to another
","Schools placed Top Up Orders and received delivery.



Schools will be encouraged to intensify Retrieval strategies.

Coordination of relocation of learners from one school to another to be monitored to ensure that learners move with LTSM to the new school
",,,,,,,,,,,,,,,,,,,116
Basic Education,Education,North West,Programme 2.	Public Ordinary School Education,Sub-programme 2.1 and 2.2,Annually,POI 2.12: Percentage of public ordinary schools that received their stationery by January,Non-Standardized,Not  Applicable,"Priority 3: Education, Skills And Health",2. Tackling Unemployment (2019-2024),"The Social Protection, Community and Human Development cluster",,,,,,,100 %,100 %,100 %,100 %,,None,None,,,,,,,,,,,,,,,,,,,116
Basic Education,Education,North West,Programme 2.	Public Ordinary School Education,Sub-programme 2.1 and 2.2,Annually,POI 2.23: Number of flags provided to schools,Non-Standardized,Not  Applicable,"Priority 3: Education, Skills And Health",2. Tackling Unemployment (2019-2024),"The Social Protection, Community and Human Development cluster",,,,,,,40,40,40,40,,None,None,,,,,,,,,,,,,,,,,,,116
Basic Education,Education,North West,Programme 2.	Public Ordinary School Education,Sub-programme 2.1 and 2.2,Annually,POI 2.9: Percentage of schools where allocated teaching posts are all filled,Non-Standardized,Not  Applicable,"Priority 3: Education, Skills And Health",2. Tackling Unemployment (2019-2024),"The Social Protection, Community and Human Development cluster",,,,,,,100 %,88.8 %,100 %,88.8 %,,Terminations of appointments for various reasons.,Immediate filing of posts on a quarterly basis and the conversion of temporary educators (CA 2 of 2024) into permanent will reduce the vacancy rate.,,,,,,,,,,,,,,,,,,,116
Basic Education,Education,North West,Programme 2.	Public Ordinary School Education,Sub-programme 2.1 and 2.3,Quarterly,POI 2.4: Number of Foundation Phase teachers trained in reading methodology,Non-Standardized,Not  Applicable,"Priority 3: Education, Skills And Health",2. Tackling Unemployment (2019-2024),"The Social Protection, Community and Human Development cluster",50,50,50,50,50,0,50,100,200,100,,,,,None,None,,"There is  alignment between the targets in the e-QPR and the 2024/25 APP for all the quarters  of the  2024/25 financial year. The outcome for the 1st quarter of the 2024/25 financial year is 100% of the set target. 
",None,None," The outcome for the 2nd quarter of the 2024/25 financial year is 100% of the set target.
",Training for Q3 were put on hold in prioritising the NSC activities as per circular 25 of 2024.,The 50 teachers will be incorporated in Q4.,Include the indicator that was not achieved in the Improvement plan,"The PED has achieved 0% of the set target for the quarter under review. The variance is -050.  The PED has provided a reason for the attainment of the set target. The outcome of the corrective action to be undertaken should be monitored.
",The 50 teachers who were not trained in Q3 (due to implementation of circular 25-which was suspending all trainings) were incorporated in Q4,"There will be no targets attached in Q3. Annual targets will only be distributed across Q1, 2 & 4.",,"The PED has achieved  200%  of the set target for the quarter under review.   The variance is 50. The PED has provided a reason for the attainment of the set target
",,,116
Basic Education,Education,North West,Programme 2.	Public Ordinary School Education,Sub-programme 2.1 and 2.3,Quarterly,POI 2.5: Number of Foundation Phase teachers trained in numeracy content and methodology,Non-Standardized,Not  Applicable,"Priority 3: Education, Skills And Health",2. Tackling Unemployment (2019-2024),"The Social Protection, Community and Human Development cluster",50,50,50,50,50,50,50,50,200,50,,,,,None,None,,"There is  alignment between the targets in the e-QPR and the 2024/25 APP for all the quarters  of the  2024/25 financial year. The outcome for the 1st quarter of the 2024/25 financial year is 100% of the set target. 
",None,None," The outcome for the 2nd quarter of the 2024/25 financial year is 100% of the set target.
",None,None,,"The PED has achieved 100% of the set target for the quarter under review.
",None,None,,"The PED has % of the set target for the quarter under review.   
",,,116
Basic Education,Education,North West,Programme 2.	Public Ordinary School Education,Sub-Programme 2.1: Public Primary Level,Quarterly,POI 2.13: Number of Grade 3  schools monitored where learners perfomance are tracked through EGRA tool for Home Language (HL),Non-Standardized,Not  Applicable,"Priority 3: Education, Skills And Health",2. Tackling Unemployment (2019-2024),"The Social Protection, Community and Human Development cluster",0,,0,,40,40,0,,40,40,,,,,,,,"The PED is not reporting on this indicator for the quarter under review
",,,,None,None,,"The PED has achieved 100% of the set target for the quarter under review.
",,,,,,,116
Basic Education,Education,North West,Programme 2.	Public Ordinary School Education,Sub-Programme 2.1: Public Primary Level,Quarterly,POI 2.14: Number of sampled Grade 3  schools  minitored for implementation of Lesson plans in Home Language,Non-Standardized,Not  Applicable,"Priority 3: Education, Skills And Health",2. Tackling Unemployment (2019-2024),"The Social Protection, Community and Human Development cluster",0,,0,,40,40,0,,40,40,,,,,,,,"The PED is not reporting on this indicator for the quarter under review
",,,,None,None,,"The PED has achieved 100% of the set target for the quarter under review.
",,,,,,,116
Basic Education,Education,North West,Programme 2.	Public Ordinary School Education,Sub-Programme 2.1: Public Primary Level,Quarterly,POI 2.18: Number of sampled schools monitored for the programme of “Incremental introduction of An African Language”(IIAL),Non-Standardized,Not  Applicable,"Priority 3: Education, Skills And Health",2. Tackling Unemployment (2019-2024),"The Social Protection, Community and Human Development cluster",7,7,7,7,0,,0,,14,0,,,,,None,None,,"There is  alignment between the targets in the e-QPR and the 2024/25 APP for  the quarters  of the  2024/25 financial year. The outcome for the 1st quarter of the 2024/25 financial year is 100% of the set target. 
",None,None," The outcome for the 2nd quarter of the 2024/25 financial year is 100% of the set target.
",,,,,,,,,,,116
Basic Education,Education,North West,Programme 2.	Public Ordinary School Education,Sub-Programme 2.2: Public Secondary Level,Annually,Default,Not Applicable,Not  Applicable,Not Applicable,-,Not Applicable,,,,,,,,,,,,,,,,,,,,,,,,,,,,,,,,116
Basic Education,Education,North West,Programme 2.	Public Ordinary School Education,Sub-Programme 2.2: Public Secondary Level,Annually,POI 2.27: Number of schools provided with Grade 3 indigenous reading material ,Non-Standardized,Not  Applicable,"Priority 3: Education, Skills And Health",2. Tackling Unemployment (2019-2024),"The Social Protection, Community and Human Development cluster",,,,,,,15,15,15,15,,None,None,,,,,,,,,,,,,,,,,,,116
Basic Education,Education,North West,Programme 2.	Public Ordinary School Education,Sub-Programme 2.2: Public Secondary Level,Quarterly,POI 2.20: Number of focus schools monitored for implementation of three stream model curriculum,Non-Standardized,Not  Applicable,"Priority 3: Education, Skills And Health",2. Tackling Unemployment (2019-2024),"The Social Protection, Community and Human Development cluster",26,26,23,23,12,12,0,,61,12,,,,,None,None,,"There is  alignment between the targets in the e-QPR and the 2024/25 APP for  the quarters  of the  2024/25 financial year. The outcome for the 1st quarter of the 2024/25 financial year is 100% of the set target. 
",None,None," The outcome for the 2nd quarter of the 2024/25 financial year is 100% of the set target.
",None,None,,"The PED has achieved 100% of the set target for the quarter under review. 
",,,,,,,116
Basic Education,Education,North West,Programme 2.	Public Ordinary School Education,Sub-Programme 2.2: Public Secondary Level,Quarterly,POI 2.25: Number of learners with barriers enrolled in Full Service Schools,Non-Standardized,Not  Applicable,"Priority 3: Education, Skills And Health",2. Tackling Unemployment (2019-2024),"The Social Protection, Community and Human Development cluster",0 %,,0 %,,700 %,930 %,0 %,,700 %,930 %,,,,,,,,"The PED is not reporting on this indicator for the quarter under review
",,,,Improved implementation of the Screening Identification Assessment and Support policy (SIAS) by educators.,Intensify recording of learners in the SASAMS to ensure that they are identified and support is provided.,,"The PED has achieved 116% of the set target for the quarter under review. The variance is 113.  The PED has provided a reason for the attainment of the set target.  The outcome of the corrective action to be undertaken should be monitored.
",,,,,,,116
Basic Education,Education,North West,Programme 2.	Public Ordinary School Education,Sub-Programme 2.2: Public Secondary Level,Quarterly,POI 2.26: Percentage of screened children with disabilities receiving individualised support.,Non-Standardized,Not  Applicable,"Priority 3: Education, Skills And Health",2. Tackling Unemployment (2019-2024),"The Social Protection, Community and Human Development cluster",0 %,,0 %,,100 %,100 %,0 %,,100 %,100 %,,,,,,,,"The PED is not reporting on this indicator for the quarter under review
",,,,"None, all identified learners supported.",None,,"The PED has achieved 100% of the set target for the quarter under review. 
",,,,,,,116
Basic Education,Education,North West,Programme 2.	Public Ordinary School Education,Sub-Programme 2.3: Human Resource Development,Quarterly,Default,Not Applicable,Not  Applicable,Not Applicable,-,Not Applicable,,,,,,,,,,0,,,,,,,,,,,,,,,,,,,,,,116
Basic Education,Education,North West,Programme 2.	Public Ordinary School Education,Sub-Programme 2.3: Human Resource Development,Quarterly,POI 2.15: Number of teachers with training on inclusion,Non-Standardized,Not  Applicable,"Priority 3: Education, Skills And Health",2. Tackling Unemployment (2019-2024),"The Social Protection, Community and Human Development cluster",600,639,600,702,0,,600,,1800,0,,,,,Educators trained on various inclusion trainings deviation was due to heightened interest in the training conducted on the diverse gender identities. (40 more educators trained),This is an annual target; the statistics are cumulative and will not affect the annual target.,,"There is  alignment between the targets in the e-QPR and the 2024/25 APP for all the quarters  of the  2024/25 financial year. The outcome for the 1st quarter of the 2024/25 financial year is 107% of the set target. The variance is 40.  The PED has provided a reason for the attainment of the outcome for the period under review. 
",102 extra teachers were trained,This is an annual target; the stats are cumulative and will not affect the outcome," The outcome for the 2nd  quarter of the 2024/25 financial year is  118% of the set target.  The variance is 109. The PED has provided a reason for the attainment of the outcome for the quarter under review. 
",,,,,,,,"The PED is advised to insert the outcome for the quarter under review.
",,,116
Basic Education,Education,North West,Programme 2.	Public Ordinary School Education,Sub-Programme 2.3: Human Resource Development,Quarterly,POI 2.15: Number of with training on inclusion,Non-Standardized,Not  Applicable,"Priority 3: Education, Skills And Health",2. Tackling Unemployment (2019-2024),"The Social Protection, Community and Human Development cluster",600,639,600,,0,,400,563,1600,563,,,,,(39 more educators trained against expected target,This is an annual target; the statistics are cumulative and will not affect the annual target.,,,,,,,,,,105 teachers trained on Behaviour Modification through Collaboration with North West University.,Improve on implementation of training plans.,,"The PED has achieved  140,75%  of the set target for the quarter under review.  The variance is 163 rather then 105.  The PED has provided a reason for the   attainment of the target for the quarter under review
",,Learners in public ordinary schools have access to specialised learning support.,116
Basic Education,Education,North West,Programme 2.	Public Ordinary School Education,Sub-Programme 2.3: Human Resource Development,Quarterly,POI 2.16: Number of  school based teachers  trained on other interventions excluding POIs 2.4 to 2.7,Non-Standardized,Not  Applicable,"Priority 3: Education, Skills And Health",2. Tackling Unemployment (2019-2024),"The Social Protection, Community and Human Development cluster",800,800,1400,1400,300,,1000,,3500,0,,,,,None,None,,"There is  alignment between the targets in the e-QPR and the 2024/25 APP for all the quarters  of the  2024/25 financial year. The outcome for the 1st quarter of the 2024/25 financial year is 100% of the set target. 
",None,None," The outcome for the 2nd  quarter of the 2024/25 financial year is 100% of the set target.
",,,Managers are encouraged to report adequately  during phase 1 of reporting as per the Provincial and National Reporting guidelines. ,,,,,"The PED is advised to insert the outcome for the quarter under review.
",,,116
Basic Education,Education,North West,Programme 2.	Public Ordinary School Education,Sub-Programme 2.3: Human Resource Development,Quarterly,POI 2.16: Number of  school based teachers  trained on other interventions excluding POIs 2.4 to 2.7,Non-Standardized,Not  Applicable,"Priority 3: Education, Skills And Health",2. Tackling Unemployment (2019-2024),"The Social Protection, Community and Human Development cluster",800,800,1400,,100,91,700,709,3000,1600,,,,,None,None,,,,,,Training for Q3 were put on hold in prioritising the NSC activities as per circular 25 of 2024. Only TUC programmes were rolled out. The 91 teachers were trained through TUC.,The 9 teachers will be incorporated in Q4.,ndicator that was not achieved to also be included in the Improvement plan,"The PED has achieved 91% of the set target for the quarter under review. The variance is -9.  The PED has provided a reason for the attainment of the set target. The outcome of the corrective action to be taken should be monitored.

",The 9 teachers who were not trained in Q3 (due to implementation of Circular 25-which was suspending all trainings) were incorporated in Q4,"There will be no targets attached in Q3. Annual targets will only be distributed across Q1, 2 & 4.",,"The PED has achieved  101,29%  of the set target for the quarter under review.  The variance is 9.  The PED has provided a reason for the   attainment of the target for the quarter under review
",,Capacity building of teachers to impact on learner’s performance. Skilled teachers,116
Basic Education,Education,North West,Programme 2.	Public Ordinary School Education,Sub-Programme 2.3: Human Resource Development,Quarterly,POI 2.6: Number of teachers trained in Mathematics content and methodology,Non-Standardized,Not  Applicable,"Priority 3: Education, Skills And Health",2. Tackling Unemployment (2019-2024),"The Social Protection, Community and Human Development cluster",300,153,400,547,100,,400,168,1200,168,,,,,Maths Tech and Maths Lit had to be postponed due to preparation for June examinations.,147 Teachers who were not trained in Q1 will be added to Q2 target.,Indicator not achieved to form part of the Improvement plan.,"There is  alignment between the targets in the e-QPR and the 2024/25 APP for all the quarters  of the  2024/25 financial year. The outcome for the 1st quarter of the 2024/25 financial year is 51% of the set target. The variance is -147.  The PED has provided a reason for the attainment of the outcome for the period under review. The PED must track the outcome of the corrective action to be undertaken.
",The 547 includes 147 educators who were not trained in Q1.,None," The outcome for the 2nd  quarter of the 2024/25 financial year is 137% of the set target.  The variance is 147. The PED has provided a reason for the attainment of the outcome for the quarter under review. 
",,,Managers are encouraged to report adequately  during phase 1 of reporting as per the Provincial and National Reporting guidelines. ,,Only 168 teachers trained in Mathematics GET & FET. The outstanding 32 teachers could not be incorporated due to insufficient funds.,The 32 teachers will be prioritized in the next financial year- 2025/26.,,"The PED has achieved  42%  of the set target for the quarter under review.   The PED has provided a reason for the   attainment of the target for the quarter under review. The variance is -232 rather then -32, hence the narrative in the reason for deviation should be corrected. The corrective action to be undertaken should be monitored during the 2025/26 financial year.
",,,116
Basic Education,Education,North West,Programme 2.	Public Ordinary School Education,Sub-Programme 2.3: Human Resource Development,Quarterly,POI 2.6: Number of teachers trained in mathematics content and methodology,Non-Standardized,Not  Applicable,"Priority 3: Education, Skills And Health",2. Tackling Unemployment (2019-2024),"The Social Protection, Community and Human Development cluster",300,400,400,,100,40,200,,1000,0,,,,,Maths Tech and Maths Lit had to be postponed due to preparation for June examinations.,147 Teachers who were not trained in Q1 will be added to Q2 target.,,,,,,Training for Q3 were put on hold in prioritising the NSC activities as per circular 25 of 2024. Only TUC programmes were rolled out. The 40 teachers were trained through TUC.,The 60 teachers will be incorporated in Q4.,Indicator that was not achieved to also be included in the Improvement plan,"The PED has achieved 40% of the set target for the quarter under review. The variance is -60.  The PED has provided a reason for the attainment of the set target. The outcome of the corrective action to be taken should be monitored.
",,,,"The PED is advised to insert the outcome for the quarter under review.
",,"All teachers to be trained in Mathematics content and methodology. 
The target for the year is to be met or exceeded.
",116
Basic Education,Education,North West,Programme 2.	Public Ordinary School Education,Sub-Programme 2.3: Human Resource Development,Quarterly,POI 2.7: Number of teachers trained in Language content and methodology,Non-Standardized,Not  Applicable,"Priority 3: Education, Skills And Health",2. Tackling Unemployment (2019-2024),"The Social Protection, Community and Human Development cluster",300,140,800,960,100,,300,200,1500,200,,,,,"EFAL Teachers could not be trained due to accommodation
challenges.
",The 160 teachers who were not trained will be added to Q2 target.,Indicator not achieved to form part of the Improvement plan.,"There is  alignment between the targets in the e-QPR and the 2024/25 APP for all the quarters  of the  2024/25 financial year. The outcome for the 1st quarter of the 2024/25 financial year is 47% of the set target. The variance is -160.  The PED has provided a reason for the attainment of the outcome for the period under review. The PED must track the outcome of the corrective action to be undertaken.
",The 960 includes 160 educators who were not trained in Q1.,," The outcome for the 2nd  quarter of the 2024/25 financial year is  120% of the set target.  The variance is 160. The PED has provided a reason for the attainment of the outcome for the quarter under review. 
",,,Managers are encouraged to report adequately  during phase 1 of reporting as per the Provincial and National Reporting guidelines. ,,The output of 200 incorporated the Q3 shortfall of 100,"There will be no targets attached in Q3. Annual targets will only be distributed across Q1, 2 & 4.",,"The PED has achieved  66,67%  of the set target for the quarter under review. The variance is 100   The PED has provided a reason for the   attainment of the target for the quarter under review. The corrective action to be undertaken should be monitored during the 2025/26 financial year.
",,,116
Basic Education,Education,North West,Programme 2.	Public Ordinary School Education,Sub-Programme 2.3: Human Resource Development,Quarterly,POI 2.7: Number of teachers trained in language content and methodology,Non-Standardized,Not  Applicable,"Priority 3: Education, Skills And Health",2. Tackling Unemployment (2019-2024),"The Social Protection, Community and Human Development cluster",300,140,800,,100,0,100,,1300,0,,,,,"EFAL Teachers could not be trained due to accommodation
challenges.
",The 160 teachers who were not trained will be added to Q2 target.,,,,,,Training for Q3 were put on hold in prioritising the NSC activities as per circular 25 of 2024.,The 100 teachers will be incorporated in Q4.,ndicator that was not achieved to also be included in the Improvement plan,"The PED has achieved 0% of the set target for the quarter under review. The variance is -100.  The PED has provided a reason for the attainment of the set target.  The outcome of the corrective action to be taken should be monitored.

",,,,"The PED is advised to insert the outcome for the quarter under review.
",,"All teachers to be trained in Mathematics content and methodology. 
The target for the year is to be met or exceeded.
",116
Basic Education,Education,North West,Programme 2.	Public Ordinary School Education,"Sub-Programme 2.4: School Sport, Culture and Media Services",Quarterly,Default,Not Applicable,Not  Applicable,Not Applicable,-,Not Applicable,,,,,,,,,,0,,,,,,,,,,,,,,,,,,,,,,116
Basic Education,Education,North West,Programme 2.	Public Ordinary School Education,"Sub-Programme 2.4: School Sport, Culture and Media Services",Quarterly,POI 2.19: Number of events coordinated by school enrichment programmes ,Non-Standardized,Not  Applicable,"Priority 3: Education, Skills And Health",2. Tackling Unemployment (2019-2024),"The Social Protection, Community and Human Development cluster",8,8,14,13,4,3,8,8,34,8,,,,,None,None,,"There is  alignment between the targets in the e-QPR and the 2024/25 APP for all the quarters  of the  2024/25 financial year. The outcome for the 1st quarter of the 2024/25 financial year is 100% of the set target. 
",Districts were not ready with eliminations,The event has been rescheduled to take place in the Third Quarter," The outcome for the 2nd  quarter of the 2024/25 financial year is  93% of the set target.  The variance is -1 The PED has provided a reason for the attainment of the outcome for the quarter under review. 
",The Event was planned for 4th and 5th October 2024 and unfortunately there were labour unrests at the venue and followed by examinations,,Indicator to be included in the Improvement plan in Q4,"The PED has achieved 75% of the set target for the quarter under review. The variance is -1.  The PED has provided a reason for the attainment of the set target. 
",None,None,,"The PED has achieved 100% of the set target for the quarter under review.   
",Indicator to be included in the Improvement plan for Q2 underperformance. ,,116
Basic Education,Education,North West,Programme 2.	Public Ordinary School Education,Sub-Programme 2.5: Conditional Grants,Quarterly,Default,Not Applicable,Not  Applicable,Not Applicable,-,Not Applicable,,,,,,,,,,,,,,,,,,,,,,,,,,,,,,,,116
Basic Education,Education,North West,Programme 2.	Public Ordinary School Education,Sub-programmes 2.1 and 2.2,Quarterly,POI 2.17: Percentage of schools producing a minimum set of management documents.,Non-Standardized,Not  Applicable,"Priority 3: Education, Skills And Health",2. Tackling Unemployment (2019-2024),"The Social Protection, Community and Human Development cluster",0 %,,0 %,,100 %,70 %,0 %,,100 %,0 %,,,,,,,," The PED is not reporting on this indicator for the quarter under review.
",,,,Inconsistency in following their SOPs to the latter.,"Plans should be put in place and implemented as outlined for monitoring and supporting of schools.
",,,,,,,,,116
Basic Education,Education,North West,Programme 2.	Public Ordinary School Education,Sub-programmes 2.1 and 2.2,Quarterly,POI 2.2: Number of learners in no fee public ordinary schools funded in line with the National Norms and Standards for School Funding,Non-Standardized,Not  Applicable,"Priority 3: Education, Skills And Health",2. Tackling Unemployment (2019-2024),"The Social Protection, Community and Human Development cluster",746881,750219,0,,746881,,0,,746881,0,,,,,Increase in enrolment of learners,None,,"There is  alignment between the targets in the e-QPR and the 2024/25 APP for all the quarters  of the  2024/25 financial year. The outcome for the 1st quarter of the 2024/25 financial year is 100,4% of the set target. The variance is 3 338.  The PED has provided a reason for the attainment of the outcome for the period under review. 
",,,,,,Managers are encouraged to report adequately  during phase 1 of reporting as per the Provincial and National Reporting guidelines. ,,,,,,,,116
Basic Education,Education,North West,Programme 2.	Public Ordinary School Education,Sub-programmes 2.1 and 2.2,Quarterly,POI 2.2: Number of learners in no fee public ordinary schools funded in line with the National Norms and Standards for School Funding,Non-Standardized,Max,"Priority 3: Education, Skills And Health",2. Tackling Unemployment (2019-2024),"The Social Protection, Community and Human Development cluster",746881,750219,0,,750219,750219,0,,750219,750219,,,,,Increase in enrolment of learners,None,,,,,,None,None,,"The PED has achieved 100% of the set target for the quarter under review
",,,,,,The target of learnersattending no fee schools should be met or exceeded,116
Basic Education,Education,North West,Programme 2.	Public Ordinary School Education,Sub-programmes 2.1 and 2.2,Quarterly,POI 2.21: Number of schools provided with extra support for the achievement of safety measures,Non-Standardized,Not  Applicable,"Priority 3: Education, Skills And Health",2. Tackling Unemployment (2019-2024),"The Social Protection, Community and Human Development cluster",30,25,30,35,30,30,30,30,120,30,,,,,"Ngaka Modiri Molema did not monitor 5 schools as planned.
Coordinator still on sick leave.",DLSSS CES in Ngaka Modiri Molema District indicated that they appointed someone who will start in July and He will cover those schools in the next quarters.,Indicator not achieved to form part of the Q1 Improvement plan,"There is  alignment between the targets in the e-QPR and the 2024/25 APP for all the quarters  of the  2024/25 financial year. The outcome for the 1st quarter of the 2024/25 financial year is 83% of the set target. The variance is -5.  The PED has provided a reason for the attainment of the outcome for the period under review. The PED must track the outcome of the corrective action to be undertaken. 
",5 schools were not monitored in Quarter 1.,None," The outcome for the 2nd  quarter of the 2024/25 financial year is  117% of the set target.  The variance is 5 The PED has provided a reason for the attainment of the outcome for the quarter under review. 
",None,None,,"The PED has achieved 100% of the set target for the quarter under review. 
",30,None,,"The PED has achieved 100%  of the set target for the quarter under review.  
",,,116
Basic Education,Education,North West,Programme 2.	Public Ordinary School Education,Sub-programmes 2.1 and 2.2,Quarterly,POI 2.22: Percentage of resolved transgressions of school based  violence,Non-Standardized,Average,"Priority 3: Education, Skills And Health",2. Tackling Unemployment (2019-2024),"The Social Protection, Community and Human Development cluster",25 %,25 %,25 %,,100 %,100 %,100 %,100 %,100 %,"56,25 %",,,,,None,None,,,,,,None,None,,"The PED has achieved 100% of the set target for the quarter under review. 
",None,None,,"The PED has achieved 100%  of the set target for the quarter under review.  
",,All reported transgressions get resolved,116
Basic Education,Education,North West,Programme 2.	Public Ordinary School Education,Sub-programmes 2.1 and 2.2,Quarterly,POI 2.22: Percentage of resolved transgressions of school based violence,Non-Standardized,Not  Applicable,"Priority 3: Education, Skills And Health",2. Tackling Unemployment (2019-2024),"The Social Protection, Community and Human Development cluster",25 %,25 %,25 %,25 %,25 %,,25 %,,100 %,0 %,,,,,Nome,None,,"There is  alignment between the targets in the e-QPR and the 2024/25 APP for all the quarters  of the  2024/25 financial year. The outcome for the 1st quarter of the 2024/25 financial year is 100% of the set target.   
",None,None," The outcome for the 2nd  quarter of the 2024/25 financial year is 100% of the set target.
",,,Managers are encouraged to report adequately  during phase 1 of reporting as per the Provincial and National Reporting guidelines. ,,,,,,,,116
Basic Education,Education,North West,Programme 2.	Public Ordinary School Education,Sub-programmes 2.1 and 2.2,Quarterly,POI 2.24: Number of schools monitored for piloting of Coding and Robotics curriculum,Non-Standardized,Not  Applicable,"Priority 3: Education, Skills And Health",2. Tackling Unemployment (2019-2024),"The Social Protection, Community and Human Development cluster",6,6,6,6,0,,0,,12,0,,,,,None,None,,"There is  alignment between the targets in the e-QPR and the 2024/25 APP for all the quarters  of the  2024/25 financial year. The outcome for the 1st quarter of the 2024/25 financial year is 100% of the set target.   
",None,None," The outcome for the 2nd  quarter of the 2024/25 financial year is 100% of the set target.
",,,,,,,,,,,116
Basic Education,Education,North West,Programme 2.	Public Ordinary School Education,Sub-programmes 2.1 and 2.2,Quarterly,POI 2.3: Percentage of learners in schools that are funded at a minimum level.,Non-Standardized,Not  Applicable,"Priority 3: Education, Skills And Health",2. Tackling Unemployment (2019-2024),"The Social Protection, Community and Human Development cluster",0 %,,0 %,,100 %,100 %,0 %,,100 %,0 %,,,,,,,,"The PED is not reporting on this indicator for the quarter under review.
",,,,None,None,Managers are encouraged to report adequately  during phase 1 of reporting as per the Provincial and National Reporting guidelines. ,,,,,,,,116
Basic Education,Education,North West,Programme 2.	Public Ordinary School Education,Sub-programmes 2.1 and 2.2,Quarterly,POI 2.8: Number of learners provided with sanitary towels,Non-Standardized,Not  Applicable,"Priority 3: Education, Skills And Health",2. Tackling Unemployment (2019-2024),"The Social Protection, Community and Human Development cluster",92646,0,92646,0,92646,,92646,,92646,0,,,,,The tender process for supply and delivery of sanitary towels is underway. Supply Chain Management envisage to conclude the processes 12 July 2024,"The department has identified 255 575 learners in quintile 1 to 3 and special school eligible to receive sanitary pads. However, 92 646 were targeted due to budget constraints. Therefore, the number of beneficiaries (for quintile 1 to 3) will be increased in order to curb under-performance of quarter 1 of the financial year 2024/2025",Indicator not achieved to form part of the Q1 Improvement plan,"There is  alignment between the targets in the e-QPR and the 2024/25 APP for all the quarters  of the  2024/25 financial year. The outcome for the 1st quarter of the 2024/25 financial year is 0% of the set target. The variance is -92 646.  The PED has provided a reason for the attainment of the outcome for the period under review. The PED must track the outcome of the corrective action to be undertaken. It is noted that the PED had problems on reporting on this indicator in the previous financial year.
",The tender process for supply and deliver of sanitary towels is underway. The evaluation report was presented to Bid Adjudication Committee on 27 September 2024. Awaiting the Acting Superintended General approval,"The department has identified 255 575 learners in quintile 1 to 3 and special school eligible to receive sanitary pads. However, 92 646 were targeted due to budget constraints. Therefore, the number of beneficiaries (for quintile 1 to 3) will be increased in order to curb under-performance of quarter 1 and 2 of the financial year 2024/2025"," The outcome for the 2nd  quarter of the 2024/25 financial year is  0% of the set target.  The variance is -92 646 The PED has provided a reason for the attainment of the outcome for the quarter under review. The outcome on this strategic outcome indicator must be tracked for the reminder of the 2024/25 financial year.
",,,Managers are encouraged to report adequately  during phase 1 of reporting as per the Provincial and National Reporting guidelines. ,,,,,"The PED has achieved 100%  of the set target for the quarter under review.   It is however not know if the targets for the other quarters were delivered as the outcome was at 0% in some of the quarters.
",,,116
Basic Education,Education,North West,Programme 2.	Public Ordinary School Education,Sub-programmes 2.1 and 2.2,Quarterly,POI 2.8: Number of learners provided with sanitary towels,Non-Standardized,Max,"Priority 3: Education, Skills And Health",2. Tackling Unemployment (2019-2024),"The Social Protection, Community and Human Development cluster",92344,0,92344,,92344,0,92344,92344,92344,92344,,,,,The tender process for supply and delivery of sanitary towels is underway. Supply Chain Management envisage to conclude the processes 12 July 2024,"The department has identified 255 575 learners in quintile 1 to 3 and special school eligible to receive sanitary pads. However, 92 646 were targeted due to budget constraints. Therefore, the number of beneficiaries (for quintile 1 to 3) will be increased in order to curb under-performance of quarter 1 of the financial year 2024/25",,,,,,"SCM has appointed a panel of 46 service providers for supply and delivery of Sanitary towels on a 36-month rotational based contract on the 24 October 2024
16 service providers received orders on 22 November 2024.
",16 Service providers that received orders will be begin delivery in January 2025 when schools reopen.,Indicator that was not achieved to form part of the Improvement plan in Q4,"The PED has achieved 0% of the set target for the quarter under review. The variance is -92344.  The PED has provided a reason for the attainment of the set target. The impact of the non-delivery of sanitary towels should be assessed for the three quarters. Does the orders of the 16 service providers cover all the learners. Further what is the status of the placement of orders for the 30 service providers. In addition, will all the sanitary towels inclusive of those for the other quarters be delivered and paid for before the end of the 2024/25 financial year.
",None,None,,,,Regular attendance by girl learners,116
Basic Education,Education,North West,Programme 3: Independent School Subsidies,Sub Programme 3.1 and 3.2,Annually,POI 3.1: Percentage of registered independent schools receiving subsidies,Non-Standardized,Not  Applicable,"Priority 3: Education, Skills And Health",Job Creation,"The Social Protection, Community and Human Development cluster",,,,,46 %,,,,46 %,,,,,,,,,,,,,,,,,,,,,,,116
Basic Education,Education,North West,Programme 3: Independent School Subsidies,Sub Programme 3.1 and 3.2,Annually,POI 3.2: Number of learners subsidised at registered independent schools,Non-Standardized,Not  Applicable,"Priority 3: Education, Skills And Health",Job Creation,"The Social Protection, Community and Human Development cluster",,,,,12500,,,,12500,,,,,,,,,,,,,,,,,,,,,,,116
Basic Education,Education,North West,Programme 3: Independent School Subsidies,Sub Programme 3.1 and 3.2,Quarterly,POI 3.1: Percentage of registered independent schools receiving subsidies,Non-Standardized,Not  Applicable,"Priority 3: Education, Skills And Health",2. Tackling Unemployment (2019-2024),"The Social Protection, Community and Human Development cluster",0 %,,0 %,,46 %,45 %,0 %,,46 %,0 %,,,,,,,," The PED is not reporting on this indicator for the quarter under review.
",,,,"In quarter 3, Lofdal Christian School dropped its state illegible due to subsidy due to closure of the school permanently.",None,,"The PED has achieved 98% of the set target for the quarter under review.   The PED has provided a reason for the attainment of the set target. 
",,,,,,,116
Basic Education,Education,North West,Programme 3: Independent School Subsidies,Sub Programme 3.1 and 3.2,Quarterly,POI 3.2: Number of learners subsidised at registered independent schools,Non-Standardized,Not  Applicable,"Priority 3: Education, Skills And Health",2. Tackling Unemployment (2019-2024),"The Social Protection, Community and Human Development cluster",0 %,,0 %,,12500 %,12 007 %,0 %,,12500 %,0 %,,,,,,,," The PED is not reporting on this indicator for the quarter under review.
",,,,Lofdal Christian School has dropped in quarter 3 hence the number reduction on learner statistics.,,,"The PED has achieved 96% of the set target for the quarter under review. The variance is -493.  The PED has provided a reason for the attainment of the set target. 
",,,,,,,116
Basic Education,Education,North West,Programme 3: Independent School Subsidies,Sub Programme 3.1 and 3.2,Quarterly,POI 3.3 (a): Percentage of registered independent schools  monitored (subsidised),Non-Standardized,Average,"Priority 3: Education, Skills And Health",Job Creation,"The Social Protection, Community and Human Development cluster",100 %,100 %,100 %,100 %,100 %,97 %,0 %,,100 %,"74,25 %",,,,,,,,"There is  alignment between the targets in the e-QPR and the 2024/25 APP for all the quarters  of the  2024/25 financial year. The outcome for the 1st quarter of the 2024/25 financial year is 100% of the set target.   
",None,None," The outcome for the 2nd  quarter of the 2024/25 financial year is 100% of the set target.
",One school (Lofdal Christian School) dropped from the illegible state subsidy.,In the next financial year one qualifying school is going to be included to replace Lofdal Christian School.,,"The PED has achieved 97% of the set target for the quarter under review.  The PED has provided a reason for the attainment of the set target. The outcome of the corrective action to be undertaken should be monitored.
",,,,,,,116
Basic Education,Education,North West,Programme 3: Independent School Subsidies,Sub Programme 3.1 and 3.2,Quarterly,POI 3.3 (b): Percentage of registered independent schools monitored (non-subsidised),Non-Standardized,Not  Applicable,"Priority 3: Education, Skills And Health",Job Creation,"The Social Protection, Community and Human Development cluster",24 %,24 %,28 %,23 %,24 %,24 %,24 %,24 %,100 %,24 %,,,,,,,,"There is  alignment between the targets in the e-QPR and the 2024/25 APP for all the quarters  of the  2024/25 financial year. The outcome for the 1st quarter of the 2024/25 financial year is 100% of the set target.   
",Wrong capturing of the target. The correct target is 23%. The integer is 10 schools out of 42 schools multiplied by 100,Target has to be captured correctly," The outcome for the 2nd quarter of the 2024/25 financial year is  82% of the set target.  The variance is 5 The PED has provided a reason for the attainment of the outcome for the quarter under review. 
",None,None,,"The PED has achieved 100% of the set target for the quarter under review.
",None,None ,,"The PED has achieved  87,5%  of the set target for the quarter under review.  The PED has provided a reason for the attainment  of the quarterly target
",,,116
Basic Education,Education,North West,Programme 4:  Public Special School Education,Sub Programme 4.1,Annually,POI  4.4: Number of Special schools provided with assistive devices,Non-Standardized,Not  Applicable,"Priority 3: Education, Skills And Health",Job Creation,"The Social Protection, Community and Human Development cluster",,,,,,,32,32,32,32,,None,None,,,,,,,,,,,,,,,,,,,116
Basic Education,Education,North West,Programme 4:  Public Special School Education,Sub Programme 4.1,Annually,POI 4.2: Number of therapists/ specialist staff in public special schools,Non-Standardized,Not  Applicable,"Priority 3: Education, Skills And Health",Job Creation,"The Social Protection, Community and Human Development cluster",,,,,,,45,30,45,30,,"The transfer out of the province, resignations and the less attraction of qualified candidates to these specialised posts contributes to the vacancy rate.",Request to advertise vacant posts will be done in the 2025/26 financial year.,,,,,,,,,,,,,,,,,,,116
Basic Education,Education,North West,Programme 4:  Public Special School Education,Sub Programme 4.1,Annually,POI 4.2: Number of therapists/ specialist staff in public special schools,Non-Standardized,Not  Applicable,"Priority 3: Education, Skills And Health",2. Tackling Unemployment (2019-2024),"The Social Protection, Community and Human Development cluster",,,,,,,,,,,,"The transfer out of the province, resignations and the less attraction of qualified candidates to these specialised posts contributes to the vacancy rate.",Request to advertise vacant posts will be done in the 2025/26 financial year.,,,,,,,,,,,,,,,,,,"All public special schools to have the requisite number of school-based
professional staff
",116
Basic Education,Education,North West,Programme 4:  Public Special School Education,Sub Programme 4.1,Quarterly,POI 4.1: Number of learners in public special schools,Non-Standardized,Not  Applicable,"Priority 3: Education, Skills And Health",2. Tackling Unemployment (2019-2024),"The Social Protection, Community and Human Development cluster",0,,0,,8040,8156,0,,8040,8156,,,,,,,," The PED is not reporting on this indicator for the quarter under review.
",,,,Additional learners were placed in special schools as against the baseline target,Districts to assist schools to ensure that admissions do not exceed the capacity of the school.,,"The PED has achieved 101% of the set target for the quarter under review. The variance is 116.  The PED has provided a reason for the attainment of the set target. 
",,,,,,,116
Basic Education,Education,North West,Programme 4:  Public Special School Education,Sub Programme 4.1,Quarterly,POI 4.3:Percentage of special schools serving as Resource Centres,Non-Standardized,Not  Applicable,"Priority 3: Education, Skills And Health",2. Tackling Unemployment (2019-2024),"The Social Protection, Community and Human Development cluster",0 %,,0 %,,13 %,13 %,0 %,,13 %,13 %,,,,,,,," The PED is not reporting on this indicator for the quarter under review.
",,,,None,None,,"The PED has achieved 100% of the set target for the quarter under review. 
",,,,,,,116
Basic Education,Education,North West,Programme 4:  Public Special School Education,Sub Programme 4.1,Quarterly,POI 4.5: Number of learners enrolled in technical occupational subjects,Non-Standardized,Not  Applicable,"Priority 3: Education, Skills And Health",2. Tackling Unemployment (2019-2024),"The Social Protection, Community and Human Development cluster",0,,0,,2023,1992,0,,2023,1992,,,,,,,," The PED is not reporting on this indicator for the quarter under review.
",,,,Inconsistencies of learner stats from EMIS and SASAMS,Verification of learners’ data by District and Provincial officials,,"The PED has achieved 98% of the set target for the quarter under review. The variance is -31.  The PED has provided a reason for the attainment of the set target. The outcome of the corrective action to be undertaken should be monitored.
",,,,,,,116
Basic Education,Education,North West,Programme 4:  Public Special School Education,Sub Programme 4.1,Quarterly,POI 4.6: Number of learners provided with sanitary towels,Non-Standardized,Average,"Priority 3: Education, Skills And Health",Job Creation,"The Social Protection, Community and Human Development cluster",2100,0,2100,0,2100,0,2100,"

1866

",2100,"466,5",,,,,The tender process for supply and deliver of sanitary towels is underway. Supply Chain Management envisage to conclude the processes 12 July 2024,"The department has identified 255 575 learners in quintile 1 to 3 and special school eligible to receive sanitary pads. However, 92 646 were targeted due to budget constraints. Therefore, the number of beneficiaries (for quintile 1 to 3) will be increased in order to curb under-performance of quarter 1 of the financial year 2024/2025",The indicator not a1 achieved to be included in Q1 Improvement plan,"There is  alignment between the targets in the e-QPR and the 2024/25 APP for all the quarters  of the  2024/25 financial year. The outcome for the 1st quarter of the 2024/25 financial year is 0% of the set target.  The variance is -2 100.   The PED has  provided a reason for the attainment of the set target for the quarter under review. The PED is advised to check the narrative under corrective action because this indicator is specific to Programme 4.  It is noted that the PED had problems on reporting on this indicator in the previous financial year.
",The tender process for supply and deliver of sanitary towels is underway. The evaluation report was reported to Bid Adjudication Committee on 27 September 2024. The panel of suppliers has been appointed.  Sourcing and delivery will be done before the end of November 2024,"The department has identified 255 575 learners in quintile 1 to 3 and special school eligible to receive sanitary pads. Therefore, the number of beneficiaries (for quintile 1 to 3) will be increased in order to curb under-performance of quarter 1 of the financial year 2024/2025"," The outcome for the 2nd  quarter of the 2024/25 financial year is  0% of the set target.  The variance is -2 100.  The PED has provided a reason for the attainment of the outcome for the quarter under review. The outcome on this strategic outcome indicator must be tracked for the reminder of the 2024/25 financial year.
",SCM has appointed a panel of 46 service providers for supply and delivery of Sanitary towels on a 36-month rotational based contract on the 24 October 2024,None,,"The PED has achieved 0% of the set target for the quarter under review. The variance is -2100.  The PED has provided a reason for the attainment of the set target. he PED has provided a reason for the attainment of the set target. The impact of the non-delivery of sanitary towels should be assessed for the three quarters. . In addition, will all the sanitary towels inclusive of those for the other quarters be delivered and paid for before the end of the 2024/25 financial year.
",Five special schools did not submit POE,District will make follow-up to encourage schools to submit outstanding POE.,,,,,116
Basic Education,Education,North West,Programme 4:  Public Special School Education,Sub Programme 4.2,Quarterly,POI 4.7: Number of Teachers with training on inclusion ,Non-Standardized,Not  Applicable,"Priority 3: Education, Skills And Health",Job Creation,"The Social Protection, Community and Human Development cluster",0,,50,140,0,,100,15,150,155,,,,,,,," The PED is not reporting on this indicator for the quarter under review.
",52 teachers trained on Autism for DCAPS was prioritised to align with support programs from Curriculum section. 88 teachers were trained,Reviewing quarterly targets with districts and strategic planning," The outcome for the 2nd  quarter of the 2024/25 financial year is  280% of the set target.  The variance is 90 The PED has provided a reason for the attainment of the outcome for the quarter under review. 
",,,,,140 teachers were trained in quarter 2. Annual target of 150 is achieved. Training on Braille was conducted to address the urgent support needed.,Training plans to be implemented as per the quarterly targets.,Actual outputs to be reported and implemented as per the quarterly targets,"The PED has achieved -85%  of the set target for the quarter under review.   The variance is -85. The PED has provided a reason for the attainment  of the quarterly target. 
",,,116
Basic Education,Education,North West,Programme 4:  Public Special School Education,Sub-programme 4.3,Quarterly,POI 4.8: Number of events coordinated by school enrichment programme,Non-Standardized,Not  Applicable,"Priority 3: Education, Skills And Health",2. Tackling Unemployment (2019-2024),"The Social Protection, Community and Human Development cluster",1,1,2,2,1,,1,,5,0,,,,,None,None,,"There is  alignment between the targets in the e-QPR and the 2024/25 APP for all the quarters  of the  2024/25 financial year. The outcome for the 1st quarter of the 2024/25 financial year is 100% of the set target. 
",None,None,The PED is advised to insert an outcome for the strategic output indicator.,,,,,,,,"The PED is advised to insert the outcome for the quarter under review.
",Programme manager to populate progress. ,,116
Basic Education,Education,North West,Programme 4:  Public Special School Education,Sub-programme 4.3,Quarterly,POI 4.8: Number of events coordinated by school enrichment programme,Non-Standardized,Not  Applicable,"Priority 3: Education, Skills And Health",2. Tackling Unemployment (2019-2024),"The Social Protection, Community and Human Development cluster",1,1,2,,1,1,2,2,6,2,,,,,None,None,,,,,,None,None,,"The PED has achieved 100% of the set target for the quarter under review.
",None,None,,"The PED has achieved 100% of the set target for the quarter under review.
",,All Special schools embrace social cohesion programmes,116
Basic Education,Education,North West,Programme 5:  Early Childhood Development,Sub Programme 5.1,Annually,POI 5.1: Number of public schools that offer Grade R,Non-Standardized,Not  Applicable,"Priority 3: Education, Skills And Health",Job Creation,"The Social Protection, Community and Human Development cluster",,,,,,,1000,1000,1000,1000,,None,None,,,,,,,,,,,,,,,,,,,116
Basic Education,Education,North West,Programme 5:  Early Childhood Development,Sub Programme 5.2,Annually,POI 5.2: Number of registered ECD programmes,Non-Standardized,Not  Applicable,"Priority 3: Education, Skills And Health",Job Creation,"The Social Protection, Community and Human Development cluster",,,,,,,2,,2,,,,,,,,,,,,,,,,,,,,,,,116
Basic Education,Education,North West,Programme 5:  Early Childhood Development,Sub Programme 5.2,Annually,POI 5.4: Number of practitioners trained on ECD NQF Level 4 and or  above,Non-Standardized,Not  Applicable,"Priority 3: Education, Skills And Health",2. Tackling Unemployment (2019-2024),"The Social Protection, Community and Human Development cluster",,,,,,,,,,,,,,,,,,,,,,,,,,,,,,,Improved performance of practitioners,116
Basic Education,Education,North West,Programme 5:  Early Childhood Development,Sub Programme 5.2,Annually,POI 5.5: Number of practitioners trained on ECD NQF Level 4 and or  above,Non-Standardized,Not  Applicable,"Priority 3: Education, Skills And Health",Job Creation,"The Social Protection, Community and Human Development cluster",,,,,,,230,150,230,150,,There was overachievement of 67 in Quarter 2 given the additional 67 centres that met the criteria.,None,,,,,,,,,,,,,,,,,,,116
Basic Education,Education,North West,Programme 5:  Early Childhood Development,Sub Programme 5.4,Annually,POI 5.3: Number of children accessing registered ECD Programmes,Non-Standardized,Not  Applicable,"Priority 3: Education, Skills And Health",Job Creation,"The Social Protection, Community and Human Development cluster",,,,,,,80862,,80862,,,,,,,,,,,,,,,,,,,,,,,116
Basic Education,Education,North West,Programme 5:  Early Childhood Development,Sub Programme 5.4,Annually,POI 5.3: Number of Grade R schools provided with resources,Non-Standardized,Not  Applicable,"Priority 3: Education, Skills And Health",2. Tackling Unemployment (2019-2024),"The Social Protection, Community and Human Development cluster",,,,,,,,,,,,,,,,,,,,,,,,,,,,,,,Improved quality of education offered in Grade R,116
Basic Education,Education,North West,Programme 5:  Early Childhood Development,Sub Programme 5.4,Annually,POI 5.4: Number of Grade R schools provided with resources,Non-Standardized,Not  Applicable,"Priority 3: Education, Skills And Health",Job Creation,"The Social Protection, Community and Human Development cluster",,,,,,,650,650,650,650,,None,None,,,,,,,,,,,,,,,,,,,116
Basic Education,Education,North West,Programme 5:  Early Childhood Development,Sub Programme 5.4,Quarterly,POI 5.2: Number of children accessing registered ECD Programmes,Non-Standardized,Max,"Priority 3: Education, Skills And Health",2. Tackling Unemployment (2019-2024),"The Social Protection, Community and Human Development cluster",0,0,0,,40000,46840,0,,40000,46840,,,,,,,,,,,,None,None,,"The PED has achieved 117% of the set target for the quarter under review. The variance is 6840.  The PED is advised to provide a reason for the attainment of the set target. 
",,,,,,Increase in the number of children accessing ECD Programmes.,116
Basic Education,Education,North West,Programme 5:  Early Childhood Development,Sub Programme 5.4,Quarterly,POI 5.3: Number of Grade R schools provided with resources,Non-Standardized,Max,Priority 6: Social Cohesion and Safer Communities,2. Tackling Unemployment (2019-2024),"The Social Protection, Community and Human Development cluster",,,,,,,,650,,650,,,,,,,,,,,,,,,,None,None,,"The PED has achieved an outcome against no set target.
",,Improved quality of education offered in Grade R,116
Basic Education,Education,North West,Programme 5:  Early Childhood Development,Sub Programme 5.4,Quarterly,POI 5.5: Number of registered ECD centres,Non-Standardized,Max,"Priority 3: Education, Skills And Health",2. Tackling Unemployment (2019-2024),"The Social Protection, Community and Human Development cluster",0,0,100,,100,100,217,150,417,150,,,,,,,,,,,,None,None,,"The PED has achieved 91% of the set target for the quarter under review. The variance is -9.  The PED has provided a reason for the attainment of the set target. 
",There was overachievement of  67 in Quarter 2 given the additional 67 centres that met the criteria,None,Actual outputs to be reported and implemented as per the quarterly target.,"The PED has achieved  69,12%  of the set target for the quarter under review.  The variance is -67.  The PED has provided a reason for the   attainment of the target for the quarter under review. 
",,Increase number of fully registered centres,116
Basic Education,Education,North West,Programme 5:  Early Childhood Development,Sub Programme 5.4,Quarterly,POI 5.6: Number of registered ECD centres,Non-Standardized,Average,"Priority 3: Education, Skills And Health",Job Creation,"The Social Protection, Community and Human Development cluster",0,,100,167,100,,217,,417,"41,75",,,,,,,," The PED is not reporting on this indicator for the quarter under review.
","The quarterly target was increased to 150 during re-tabling, however the signed approval has not been received as yet, therefore the unit is reporting on the previously approved APP  
The directorate received more applications for registration.
",None,,,,Managers are encouraged to report adequately  during phase 1 of reporting as per the Provincial and National Reporting guidelines. ,"The PED is advised to provide an actual output for the quarter under review.
",,,Programme to report actual output as targeted during first phase of reporting for oversight to give comments as per the National and Provincial reporting guidelines. ,"The PED is advised to insert the outcome for the quarter under review.
",Programme manager to provide progress during phase 3,,116
Basic Education,Education,North West,Programme 6:  Infrastructure Development,Sub Programme 6.1,Annually,POI 6.12 Number of administration space where maintenance was completed.,Non-Standardized,Not  Applicable,"Priority 3: Education, Skills And Health",Job Creation,"The Social Protection, Community and Human Development cluster",,,,,,,8,9,8,9,,None,None,,,,,,,,,,,,,,,,,,,116
Basic Education,Education,North West,Programme 6:  Infrastructure Development,Sub Programme 6.2,Annually,POI  6.1: Number of public schools provided with water infrastructure,Non-Standardized,Not  Applicable,"Priority 3: Education, Skills And Health",2. Tackling Unemployment (2019-2024),"The Social Protection, Community and Human Development cluster",,,,,,,,37,,37,,Reprioritised needs on the basis of pressures identified in the districts,None,,,,,,,,,,,,,,,,,,All public schools have access to water infrastructure. The target for the year is to be met or exceeded.,116
Basic Education,Education,North West,Programme 6:  Infrastructure Development,Sub Programme 6.2,Annually,POI 6.1: Number of public schools provided with water infrastructure,Non-Standardized,Not  Applicable,"Priority 3: Education, Skills And Health",Job Creation,"The Social Protection, Community and Human Development cluster",,,,,,,40,37,40,37,,Reprioritised needs on the basis of pressures identified in the districts,None,,,,,,,,,,,,,,,,,,,116
Basic Education,Education,North West,Programme 6:  Infrastructure Development,Sub Programme 6.2,Annually,POI 6.10: Number of schools provided with high security perimeter fencing,Non-Standardized,Not  Applicable,"Priority 3: Education, Skills And Health",Job Creation,"The Social Protection, Community and Human Development cluster",,,,,,,80,18,80,18,,Project stoppages by business forums.,Introduce appointment of social facilitator per district and increase installation teams to expedite progress.,,,,,,,,,,,,,,,,,,,116
Basic Education,Education,North West,Programme 6:  Infrastructure Development,Sub Programme 6.2,Annually,POI 6.11: Number of full service schools upgraded,Non-Standardized,Not  Applicable,"Priority 3: Education, Skills And Health",Job Creation,"The Social Protection, Community and Human Development cluster",,,,,,,8,8,8,8,,None,None,,,,,,,,,,,,,,,,,,,116
Basic Education,Education,North West,Programme 6:  Infrastructure Development,Sub Programme 6.2,Annually,POI 6.2: Number of public schools provided with electricity infrastructure,Non-Standardized,Not  Applicable,"Priority 3: Education, Skills And Health",Job Creation,"The Social Protection, Community and Human Development cluster",,,,,,,8,0,8,0,,N/A,N/A,,,,,,,,,,,,,,,,,,,116
Basic Education,Education,North West,Programme 6:  Infrastructure Development,Sub Programme 6.2,Annually,POI 6.2: Number of public schools provided with electricity Infrastructure,Non-Standardized,Not  Applicable,"Priority 3: Education, Skills And Health",2. Tackling Unemployment (2019-2024),"The Social Protection, Community and Human Development cluster",,,,,,,,,,,,,,,,,,,,,,,,,,,,,,,All public schools have access to water infrastructure. The target for the year is to be met or exceeded.,116
Basic Education,Education,North West,Programme 6:  Infrastructure Development,Sub Programme 6.2,Annually,POI 6.3: Number of public schools supplied with sanitation facilities,Non-Standardized,Not  Applicable,"Priority 3: Education, Skills And Health",Job Creation,"The Social Protection, Community and Human Development cluster",,,,,,,40,17,40,17,,Projects on construction and not implemented affects overall performance.,Strengthen planning in ensuring that projects are completed before end of financial year.,,,,,,,,,,,,,,,,,,,116
Basic Education,Education,North West,Programme 6:  Infrastructure Development,Sub Programme 6.2,Annually,POI 6.3: Number of public schools supplied with sanitation facilities,Non-Standardized,Not  Applicable,"Priority 3: Education, Skills And Health",2. Tackling Unemployment (2019-2024),"The Social Protection, Community and Human Development cluster",,,,,,,,,,,,,,,,,,,,,,,,,,,,,,,All public schools have access to water infrastructure. The target for the year is to be met or exceeded.,116
Basic Education,Education,North West,Programme 6:  Infrastructure Development,Sub Programme 6.2,Annually,POI 6.4: Number of schools built or provided with new or additional boarding facilities,Non-Standardized,Not  Applicable,"Priority 3: Education, Skills And Health",2. Tackling Unemployment (2019-2024),"The Social Protection, Community and Human Development cluster",,,,,,,,,,,,,,,,,,,,,,,,,,,,,,,All public schools have access to water infrastructure. The target for the year is to be met or exceeded.,116
Basic Education,Education,North West,Programme 6:  Infrastructure Development,Sub Programme 6.2,Annually,POI 6.5: Number of schools where scheduled maintenance projects were completed,Non-Standardized,Not  Applicable,"Priority 3: Education, Skills And Health",Job Creation,"The Social Protection, Community and Human Development cluster",,,,,,,,,160,,,,,,,,,,,,,,,,,,,,,,,116
Basic Education,Education,North West,Programme 6:  Infrastructure Development,Sub Programme 6.2,Annually,POI 6.5: Number of schools where scheduled maintenance projects were completed,Non-Standardized,Not  Applicable,"Priority 3: Education, Skills And Health",2. Tackling Unemployment (2019-2024),"The Social Protection, Community and Human Development cluster",,,,,,,,,,,,,,,,,,,,,,,,,,,,,,,All public schools have access to water infrastructure. The target for the year is to be met or exceeded.,116
Basic Education,Education,North West,Programme 6:  Infrastructure Development,Sub Programme 6.2,Annually,POI 6.6: Number of additional classrooms provided in  existing public schools (includes new and replacement schools),Non-Standardized,Not  Applicable,"Priority 3: Education, Skills And Health",Job Creation,"The Social Protection, Community and Human Development cluster",,,,,,,270,124,270,124,,Reprioritised needs on the basis of pressures identified in the districts,None,,,,,,,,,,,,,,,,,,,116
Basic Education,Education,North West,Programme 6:  Infrastructure Development,Sub Programme 6.2,Annually,POI 6.6: Number of additional classrooms provided in  existing public schools (includes new and replacement schools),Non-Standardized,Not  Applicable,"Priority 3: Education, Skills And Health",2. Tackling Unemployment (2019-2024),"The Social Protection, Community and Human Development cluster",,,,,,,,,,,,,,,,,,,,,,,,,,,,,,,All public schools have access to water infrastructure. The target for the year is to be met or exceeded.,116
Basic Education,Education,North West,Programme 6:  Infrastructure Development,Sub Programme 6.2,Annually,POI 6.7: Number of additional specialised rooms built in public schools (includes specialised rooms built in new and replacement schools).,Non-Standardized,Not  Applicable,"Priority 3: Education, Skills And Health",Job Creation,"The Social Protection, Community and Human Development cluster",,,,,,,22,17,22,17,,Reprioritised needs on the basis of pressures identified in the districts,None,,,,,,,,,,,,,,,,,,,116
Basic Education,Education,North West,Programme 6:  Infrastructure Development,Sub Programme 6.2,Annually,POI 6.7: Number of additional specialised rooms built in public schools (includes specialised rooms built in new and replacement schools).,Non-Standardized,Not  Applicable,"Priority 3: Education, Skills And Health",2. Tackling Unemployment (2019-2024),"The Social Protection, Community and Human Development cluster",,,,,,,,,,,,,,,,,,,,,,,,,,,,,,,All public schools have access to water infrastructure. The target for the year is to be met or exceeded.,116
Basic Education,Education,North West,Programme 6:  Infrastructure Development,Sub Programme 6.2,Annually,POI 6.8: Number of new schools that have reached completion (includes replacement schools),Non-Standardized,Not  Applicable,"Priority 3: Education, Skills And Health",2. Tackling Unemployment (2019-2024),"The Social Protection, Community and Human Development cluster",,,,,,,,,,,,,,,,,,,,,,,,,,,,,,,All public schools have access to water infrastructure. The target for the year is to be met or exceeded.,116
Basic Education,Education,North West,Programme 6:  Infrastructure Development,Sub Programme 6.2,Annually,"POI 6.9: Number of new Grade R classrooms built or provided (includes those in new, existing and replacement schools).",Non-Standardized,Not  Applicable,"Priority 3: Education, Skills And Health",Job Creation,"The Social Protection, Community and Human Development cluster",,,,,,,35,16,35,16,,None,None,,,,,,,,,,,,,,,,,,,116
Basic Education,Education,North West,Programme 6:  Infrastructure Development,Sub Programme 6.2,Annually,"POI 6.9: Number of new Grade R classrooms built or provided (includes those in new, existing and replacement schools).",Non-Standardized,Not  Applicable,"Priority 3: Education, Skills And Health",2. Tackling Unemployment (2019-2024),"The Social Protection, Community and Human Development cluster",,,,,,,,,,,,,,,,,,,,,,,,,,,,,,,All public schools have access to water infrastructure. The target for the year is to be met or exceeded.,116
Basic Education,Education,North West,Programme 6:  Infrastructure Development,Sub Programme 6.3,Annually,POI 6.14 Number of special schools where maintenance was completed.,Non-Standardized,Not  Applicable,"Priority 3: Education, Skills And Health",Job Creation,"The Social Protection, Community and Human Development cluster",,,,,,,,,8,,,,,,,,,,,,,,,,,,,,,,,116
Basic Education,Education,North West,Programme 6:  Infrastructure Development,Sub Programme 6.4,Annually,POI 6.13 Number of ECD’s where maintenance was completed.,Non-Standardized,Not  Applicable,"Priority 3: Education, Skills And Health",Job Creation,"The Social Protection, Community and Human Development cluster",,,,,,,,,11,,,,,,,,,,,,,,,,,,,,,,,116
Basic Education,Education,North West,Programme 7: Examination and Education Related Services,Sub-Programme 7.4: External Examinations,Annually,POI 7.1: Percentage of learners who passed the National Senior Certificate (NSC) examination,Non-Standardized,Not  Applicable,"Priority 3: Education, Skills And Health",2. Tackling Unemployment (2019-2024),"The Social Protection, Community and Human Development cluster",,,,,,,87 %,87.5 %,87 %,87.5 %,,"Target exceeded by 0,5%",None,,,,,,,,,,,,,,,,,,,116
Basic Education,Education,North West,Programme 7: Examination and Education Related Services,Sub-Programme 7.4: External Examinations,Annually,POI 7.10:  Percentage of learners in Grade 6 attaining  50% and  above in Mathematics,Non-Standardized,Not  Applicable,"Priority 3: Education, Skills And Health",2. Tackling Unemployment (2019-2024),"The Social Protection, Community and Human Development cluster",,,,,,,70 %,65 %,70 %,65 %,,"Gap in completion of ATP
Insufficient administration of formative assessment
Lack of in school monitoring

Recommendations from specialist on curriculum not implemented
","Tracking curriculum coverage and monitoring the administration of topic consolidation tasks

Monitoring the implementation of formative assessment will be done

Tracking curriculum coverage and monitoring the implementation of the implementation of topic consolidation tasks

Support visits to monitor implementation of recommendations on curriculum management
Support schools on mathematics enrichment programmes
Monitoring the implementation of Maths Fridays
Learners will be exposed to Olympiads questions that prepares them for level 5 – 7 performance Mentoring of underperforming schools
",,,,,,,,,,,,,,,,,,,116
Basic Education,Education,North West,Programme 7: Examination and Education Related Services,Sub-Programme 7.4: External Examinations,Annually,POI 7.11: Percentage of learners in Grade 9 attaining 50% and above in Language,Non-Standardized,Not  Applicable,"Priority 3: Education, Skills And Health",2. Tackling Unemployment (2019-2024),"The Social Protection, Community and Human Development cluster",,,,,,,75 %,80.72 %,75 %,80.72 %,,None,None,,,,,,,,,,,,,,,,,,,116
Basic Education,Education,North West,Programme 7: Examination and Education Related Services,Sub-Programme 7.4: External Examinations,Annually,POI 7.12:  Percentage of learners in Grade 9 attaining 50%  and above in Mathematics,Non-Standardized,Not  Applicable,"Priority 3: Education, Skills And Health",2. Tackling Unemployment (2019-2024),"The Social Protection, Community and Human Development cluster",,,,,,,25 %,11.24 %,25 %,11.24 %,,"Gap in completion of ATP’s Poor mathematics foundational skills 
Learners not utilising Dial-a-tutor programme effectively
Teachers focusing more on FET classes and GET not given enough attention
","Tracking curriculum coverage and monitoring the administration of topic consolidation tasks
Intensive monitoring of curriculum implementation and coverage
Monitoring administration of informal assessment 
Administering common tasks
Effective utilisation of Dial-a-tutor programme
Support to underperforming schools
Mentoring of underperforming schools
",,,,,,,,,,,,,,,,,,,116
Basic Education,Education,North West,Programme 7: Examination and Education Related Services,Sub-Programme 7.4: External Examinations,Annually,POI 7.2: Percentage of Grade 12 learners passing at the Bachelor Pass level,Non-Standardized,Not  Applicable,"Priority 3: Education, Skills And Health",2. Tackling Unemployment (2019-2024),"The Social Protection, Community and Human Development cluster",,,,,,,40 %,45.0 %,40 %,45.0 %,,"Target exceeded 
by 5",None,,,,,,,,,,,,,,,,,,,116
Basic Education,Education,North West,Programme 7: Examination and Education Related Services,Sub-Programme 7.4: External Examinations,Annually,POI 7.3: Percentage of Grade 12 learners achieving 60% and above in Mathematics,Non-Standardized,Not  Applicable,"Priority 3: Education, Skills And Health",2. Tackling Unemployment (2019-2024),"The Social Protection, Community and Human Development cluster",,,,,,,27 %,16.6 %,27 %,16.6 %,,Content gap experienced by some educators resulting in them lacking confidence in training learners to answer challenging questions,Special camps will be conducted to facilitate content understanding.,,,,,,,,,,,,,,,,,,,116
Basic Education,Education,North West,Programme 7: Examination and Education Related Services,Sub-Programme 7.4: External Examinations,Annually,POI 7.4: Percentage of Grade 12 learners achieving 60% and above in Physical Sciences,Non-Standardized,Not  Applicable,"Priority 3: Education, Skills And Health",2. Tackling Unemployment (2019-2024),"The Social Protection, Community and Human Development cluster",,,,,,,27 %,13.0 %,27 %,13.0 %,,Content gap experienced by some educators resulting in them lacking confidence in training learners to answer challenging questions,"Special camps will be conducted to facilitate content understanding.
Dial a tutor will be used to offer learners focused attention
Extra materials are developed to assist learners
",,,,,,,,,,,,,,,,,,,116
Basic Education,Education,North West,Programme 7: Examination and Education Related Services,Sub-Programme 7.4: External Examinations,Annually,POI 7.5: Number of secondary schools with National Senior Certificate (NSC) pass rate of 60% and above,Non-Standardized,Not  Applicable,"Priority 3: Education, Skills And Health",2. Tackling Unemployment (2019-2024),"The Social Protection, Community and Human Development cluster",,,,,,,404 %,439 %,404 %,439 %,,Target exceeded by 35 schools.,,,,,,,,,,,,,,,,,,,,116
Basic Education,Education,North West,Programme 7: Examination and Education Related Services,Sub-Programme 7.4: External Examinations,Annually,POI 7.6: Percentage of learners achieving subject passes towards a matric qualification through second chance Matric Programme (SCMP),Non-Standardized,Not  Applicable,"Priority 3: Education, Skills And Health",2. Tackling Unemployment (2019-2024),"The Social Protection, Community and Human Development cluster",,,,,,,10 %,57.50 %,10 %,57.50 %,,None,None,,,,,,,,,,,,,,,,,,,116
Basic Education,Education,North West,Programme 7: Examination and Education Related Services,Sub-Programme 7.4: External Examinations,Annually,POI 7.7:  Percentage of learners in Grade 3 attaining 50%  and above in Language  (SBA),Non-Standardized,Not  Applicable,"Priority 3: Education, Skills And Health",2. Tackling Unemployment (2019-2024),"The Social Protection, Community and Human Development cluster",,,,,,,88 %,90.60 %,88 %,90.60 %,,None,None,,,,,,,,,,,,,,,,,,,116
Basic Education,Education,North West,Programme 7: Examination and Education Related Services,Sub-Programme 7.4: External Examinations,Annually,POI 7.8:  Percentage of learners in Grade 3 attaining 50%  and  above in Mathematics (SBA),Non-Standardized,Not  Applicable,"Priority 3: Education, Skills And Health",2. Tackling Unemployment (2019-2024),"The Social Protection, Community and Human Development cluster",,,,,,,88 %,89.97 %,88 %,89.97 %,,None,None,,,,,,,,,,,,,,,,,,,116
