Sector,Institution,Programme,SubProgramme,Location,Frequency,Indicator,Type,SubType,Outcome,Priority,Cluster,Target_Q1,ActualOutput_Q1,OTP_Q1,Target_Q2,ActualOutput_Q2,OTP_Q2,Target_Q3,ActualOutput_Q3,Target_Q4,ActualOutput_Q4,AnnualTarget_Summary2,Preliminary_Summary2,PrelimaryAudited_Summary2,ReasonforDeviation_Summary,CorrectiveAction_Summary,ValidatedAudited_Summary2,National_Q1,National_Q2,OTP_Q3,National_Q3,ReasonforDeviation_Q1,CorrectiveAction_Q1,ReasonforDeviation_Q2,CorrectiveAction_Q2,ReasonforDeviation_Q3,CorrectiveAction_Q3,ReasonforDeviation_Q4,CorrectiveAction_Q4,OTP_Q4,National_Q4,UID
Basic Education,Education,Limpopo,Programme 1:  Administration,Programme 1:  Administration,Annually,Default,Standardized,Not  Applicable,"Priority 3: Education, Skills And Health",-,"The Social Protection, Community and Human Development cluster",,,,,,,,,,,,,,,,,,,,,,,,,,,,,,,207
Basic Education,Education,Limpopo,Programme 1:  Administration,Programme 1:  Administration,Quarterly,Default,Standardized,Not  Applicable,"Priority 3: Education, Skills And Health",-,"The Social Protection, Community and Human Development cluster",,,No comment,,,No comment,,,,,,0,,,,,,,,,,,,,,,,,,,207
Basic Education,Education,Limpopo,Programme 1:  Administration,Sub Programme 1.1: Office of the MEC,Annually,Default,Non-Standardized,Not  Applicable,Not Applicable,-,Not Applicable,,,,,,,,,,,,,,,,,,,,,,,,,,,,,,,207
Basic Education,Education,Limpopo,Programme 1:  Administration,Sub Programme 1.1: Office of the MEC,Quarterly,Default,Non-Standardized,Not  Applicable,Not Applicable,-,Not Applicable,,,No comment ,,,No comment,,,,,,0,,,,,,,,,,,,,,,,,,,207
Basic Education,Education,Limpopo,Programme 1:  Administration,Sub-Programme 1.2: Corporate Services,Annually,Default,Non-Standardized,Not  Applicable,Not Applicable,-,Not Applicable,,,,,,,,,,,,,,,,,,,,,,,,,,,,,,,207
Basic Education,Education,Limpopo,Programme 1:  Administration,Sub-Programme 1.2: Corporate Services,Annually,"POI 101: Number of qualified Grade R-12 teachers aged 30 and below, entering the public service as teachers for the first                 time during the financial year.",Non-Standardized,Not  Applicable,"Priority 3: Education, Skills And Health",3. Provision of quality education and a quality health care system(2019-2024),"The Social Protection, Community and Human Development cluster",,,,,,,,,2500,2690,2500,2690,,High vacancy rate .,None,,,,,,,,,,,,,,,,207
Basic Education,Education,Limpopo,Programme 1:  Administration,Sub-Programme 1.2: Corporate Services,Quarterly,Default,Non-Standardized,Not  Applicable,Not Applicable,-,Not Applicable,,,No comment,,,No comment,,,,,,0,,,,,,,,,,,,,,,,,,,207
Basic Education,Education,Limpopo,Programme 1:  Administration,Sub-Programme 1.2: Corporate Services,Quarterly,SOI 102:  Number of Public schools that can be contacted electronically (e-mail),Standardized,Max,"Priority 3: Education, Skills And Health",3. Provision of quality education and a quality health care system(2019-2024),"The Social Protection, Community and Human Development cluster",3669,3625,Target was achieved,3669,3625,No comment,3669,3619,3669,3619,3669,3625,,,,,"There is  alignment between the targets in the e-QPR and the 2024/25 APP for all the quarters  of the  2024/25 financial year. The outcome for the 1st quarter of the 2024/25 financial year is 100% of the set target.   
"," The outcome for the 2nd quarter of the 2024/25 financial year is 100% of the set target. 
",The department should reflect the updated target,"The output for the quarter under review is 3 619. The PED is advised to send through the revised 2024/25 APP to the department.
",The variance for schools that have been declared non-viable and are set for merging.,The Department is committed to expedite the merging process,Non-viable schools set for rationalisation process,Alignment of rationalisation process to a Financial Year for proper planning and reporting,The Quarterly Target as per the Revised APP 2024-25 is 3619,N/A,None ,N/A,,,207
Basic Education,Education,Limpopo,Programme 1:  Administration,Sub-Programme 1.3: Education Management,Annually,Default,Non-Standardized,Not  Applicable,Not Applicable,-,Not Applicable,,,,,,,,,,,,,,,,,,,,,,,,,,,,,,,207
Basic Education,Education,Limpopo,Programme 1:  Administration,Sub-Programme 1.3: Education Management,Annually,POI 102: Number of teachers provided with     ICT devices,Non-Standardized,Not  Applicable,"Priority 3: Education, Skills And Health",3. Provision of quality education and a quality health care system(2019-2024),"The Social Protection, Community and Human Development cluster",,,,,,,,,500,0,500,0,,Late provision of funds which resulted in procurement delays.,"Fast-tracking procurement, deliveries and payments.",,,,,,,,,,,,,,,,207
Basic Education,Education,Limpopo,Programme 1:  Administration,Sub-Programme 1.3: Education Management,Annually,SOI 103:  Percentage of expenditure going towards non- personnel Items,Standardized,Not  Applicable,"Priority 3: Education, Skills And Health",3. Provision of quality education and a quality health care system(2019-2024),"The Social Protection, Community and Human Development cluster",,,,,,,,,17.8 %,16.3 %,17.8 %,16.3 %,,"Goods/Services and Capital Expenditure: Delays in procurement, deliveries and payments processes.",Fast – tracking the procurement and payments processes in the new financial year.,,,,,,,,,,,,,,,,207
Basic Education,Education,Limpopo,Programme 1:  Administration,Sub-Programme 1.3: Education Management,Quarterly,Default,Non-Standardized,Not  Applicable,Not Applicable,-,Not Applicable,,,Default indicator,,,,,,,,,0,,,,,,,,,,,,,,,,,,,207
Basic Education,Education,Limpopo,Programme 1:  Administration,Sub-Programme 1.3: Education Management,Quarterly,POI 103: Percentage of valid suppliers’ invoices paid within 30 days of receipt.,Non-Standardized,Max,"Priority 3: Education, Skills And Health",3. Provision of quality education and a quality health care system(2019-2024),"The Social Protection, Community and Human Development cluster",100 %,99.8 %,Target was not achieved,100 %,99.95 %,Target was not achieved,100 %,99.83 %,100 %,99.98 %,100 %,0 %,,,,,"There is  alignment between the targets in the e-QPR and the 2024/25 APP for all the quarters  of the  2024/25 financial year. The outcome for the 1st quarter of the 2024/25 financial year is 98,8% of the set target.    The PED has  provided a reason for the attainment of the set target for the quarter under review. The PED is advised to monitor the outcome of the corrective action to be taken. monitored.
"," The outcome for the 2nd  quarter of the 2024/25 financial year is 99,95% of the set target.   The PED has provided a reason for the attainment of the outcome for the quarter under review. The corrective action to be undertaken should be monitored. Thereafter the payments of the affected suppliers should be tracked to gauge if the corrective action was effective.
",Not achieved,"The outcome is 99,8% for the quarter under review. The PED is advised to monitor the outcome of the corrective action to be undertaken.
","Bank Rejected payments at the bank due to closed accounts & supplier banking details incorrect.
 Delays in the interface of Logis to BAS.
 Internal controls deficiencies on payment to schools and creches.
","Expenditure Management Procedure Manual outlining step-by-step payment processes for Schools and ECD Centres including verification of bank accounts.

(b)	A Circular has been issued reminding all Officials on settlement of invoices on time and process to resolve invalid.

","?
Bank details on the invoice differed from the banking details in the system.
?
Inactive bank details.
?
Late interface between LOGIS to","Development of proper Internal Control measures to ensure timely payment of invoices as follows:
?
Verification of Banking Details on the Central Supplier Database prior acceptance of an invoice.
?
Submission of invoices with proof of account.
?
Engagement of Provincial & National Treasuries.",Delays in BAS payment authorization and integration between LOGIS and BAS. ,Escalation of the matter to National Treasury  for intervention,System errors resulting in payments delays.,A call has been logged with the National Treasury to resolve the system challenge.,Not Achueved,"The PED has achieved 999,98%  of the set target for the quarter under review.   The PED has provided a reason for the attainment  of the quarterly target.  
",207
Basic Education,Education,Limpopo,Programme 1:  Administration,Sub-Programme 1.4: Human Resource Development,Annually,Default,Non-Standardized,Not  Applicable,Not Applicable,-,Not Applicable,,,,,,,,,,,,,,,,,,,,,,,,,,,,,,,207
Basic Education,Education,Limpopo,Programme 1:  Administration,Sub-Programme 1.4: Human Resource Development,Quarterly,Default,Non-Standardized,Not  Applicable,Not Applicable,-,Not Applicable,,,Default indicator,,,No comment,,,,,,0,,,,,,,,,,,,,,,,,,,207
Basic Education,Education,Limpopo,Programme 1:  Administration,Sub-Programme 1.5: Education Management Information System (EMIS),Annually,Default,Not Applicable,Not  Applicable,Not Applicable,-,Not Applicable,,,,,,,,,,,,,,,,,,,,,,,,,,,,,,,207
Basic Education,Education,Limpopo,Programme 1:  Administration,Sub-Programme 1.5: Education Management Information System (EMIS),Quarterly,Default,Not Applicable,Not  Applicable,Not Applicable,-,Not Applicable,,,Default indicator,,,No comment,,,,,,0,,,,,,,,,,,,,,,,,,,207
Basic Education,Education,Limpopo,Programme 1:  Administration,Sub-Programme 1.5: Education Management Information System (EMIS),Quarterly,SOI 101:  Number of public schools that use the South African Schools Administration and Management Systems (SA-SAMS)                  or any alternative electronic solution to provide data,Standardized,Max,"Priority 3: Education, Skills And Health",3. Provision of quality education and a quality health care system(2019-2024),"The Social Protection, Community and Human Development cluster",3669,3625,Target was achieved,3669,3625,Target was achieved,3669,3619,3669,3619,3669,3625,,,,,"There is  alignment between the targets in the e-QPR and the 2024/25 APP for all the quarters  of the  2024/25 financial year. The outcome for the 1st quarter of the 2024/25 financial year is 100% of the set target.   The PED has  provided a reason for the attainment of the set target for the quarter under review. The PED is advised to monitor the outcome of the corrective action to be taken. monitored.
"," The outcome for the 2nd  quarter of the 2024/25 financial year is 100% of the set target. 
",please indicate the revised qrt  target.,"The output for the quarter under review is 3 619. The PED is advised to send through the revised 2024/25 APP to the department.
",The variance for schools that have been declared non-viable and are set for merging.,The Department is committed to expedite the merging process.,Non-viable schools set for rationalisation process,Alignment of rationalisation process to a Financial Year for proper planning and reporting,The Quarter Target as per the Revised APP 2024-25,N/A,None,N/A,Achieved,"The PED has achieved 98,64%  of the set target for the quarter under review.   The variance is -50 The PED has not provided a reason for the attainment  of the quarterly target and is advised to do so. The PED can gauge if schools have merged or closed  and what is the impact thereof.
",207
Basic Education,Education,Limpopo,Programme 1:  Administration,Sub-Programme 1.6: Conditional Grants,Annually,Default,Not Applicable,Not  Applicable,Not Applicable,-,Not Applicable,,,,,,,,,,,,,,,,,,,,,,,,,,,,,,,207
Basic Education,Education,Limpopo,Programme 1:  Administration,Sub-Programme 1.6: Conditional Grants,Quarterly,Default,Not Applicable,Not  Applicable,Not Applicable,-,Not Applicable,,,Default indicator,,,No comment,,,,,,0,,,,,,,,,,,,,,,,,,,207
Basic Education,Education,Limpopo,Programme 2.	Public Ordinary School Education,Programme 2.	Public Ordinary School Education,Annually,Default,Standardized,Not  Applicable,"Priority 3: Education, Skills And Health",-,"The Social Protection, Community and Human Development cluster",,,,,,,,,,,,,,,,,,,,,,,,,,,,,,,207
Basic Education,Education,Limpopo,Programme 2.	Public Ordinary School Education,Programme 2.	Public Ordinary School Education,Annually,POI 201: Number of teachers trained in inclusion,Non-Standardized,Not  Applicable,"Priority 3: Education, Skills And Health",3. Provision of quality education and a quality health care system(2019-2024),"The Social Protection, Community and Human Development cluster",,,,,,,,,700,700,700,700,,None,N/A,,,,,,,,,,,,,,,,207
Basic Education,Education,Limpopo,Programme 2.	Public Ordinary School Education,Programme 2.	Public Ordinary School Education,Annually,POI 202: Number   of schools provided with Grade 3 African Languages graded readers,Non-Standardized,Not  Applicable,"Priority 3: Education, Skills And Health",3. Provision of quality education and a quality health care system(2019-2024),"The Social Protection, Community and Human Development cluster",,,,,,,,,120,120,120,120,,None,N/A,,,,,,,,,,,,,,,,207
Basic Education,Education,Limpopo,Programme 2.	Public Ordinary School Education,Programme 2.	Public Ordinary School Education,Annually,POI 203: Number of primary schools monitored on the implementation of the National Reading Plan,Non-Standardized,Not  Applicable,"Priority 3: Education, Skills And Health",3. Provision of quality education and a quality health care system(2019-2024),"The Social Protection, Community and Human Development cluster",,,,,,,,,300,300,300,300,,None,N/A,,,,,,,,,,,,,,,,207
Basic Education,Education,Limpopo,Programme 2.	Public Ordinary School Education,Programme 2.	Public Ordinary School Education,Annually,POI 204: Number of teachers trained on ICT curriculum integration,Non-Standardized,Not  Applicable,"Priority 3: Education, Skills And Health",3. Provision of quality education and a quality health care system(2019-2024),"The Social Protection, Community and Human Development cluster",,,,,,,,,1000,1000,1000,1000,,None,None,,,,,,,,,,,,,,,,207
Basic Education,Education,Limpopo,Programme 2.	Public Ordinary School Education,Programme 2.	Public Ordinary School Education,Annually,POI 205: Number of teachers trained in coding and robotics/ Digital Technology,Non-Standardized,Not  Applicable,"Priority 3: Education, Skills And Health",3. Provision of quality education and a quality health care system(2019-2024),"The Social Protection, Community and Human Development cluster",,,,,,,,,250,250,250,250,,None,None,,,,,,,,,,,,,,,,207
Basic Education,Education,Limpopo,Programme 2.	Public Ordinary School Education,Programme 2.	Public Ordinary School Education,Annually,POI 206: Number of focus schools offering technical vocational streams ,Non-Standardized,Not  Applicable,"Priority 3: Education, Skills And Health",3. Provision of quality education and a quality health care system(2019-2024),"The Social Protection, Community and Human Development cluster",,,,,,,,,15,10,15,10,,The consultative process leading to the designation of the aspiring Technical focus schools is underway.,To expedite consultation processes.,,,,,,,,,,,,,,,,207
Basic Education,Education,Limpopo,Programme 2.	Public Ordinary School Education,Programme 2.	Public Ordinary School Education,Annually,POI 207: Number of Agricultural focus schools established,Non-Standardized,Not  Applicable,"Priority 3: Education, Skills And Health",3. Provision of quality education and a quality health care system(2019-2024),"The Social Protection, Community and Human Development cluster",,,,,,,,,8,8,8,8,,None,None,,,,,,,,,,,,,,,,207
Basic Education,Education,Limpopo,Programme 2.	Public Ordinary School Education,Programme 2.	Public Ordinary School Education,Annually,POI 208: Percentage of learners with access to required EFAL textbooks in Grades 6 & 9,Non-Standardized,Not  Applicable,"Priority 3: Education, Skills And Health",3. Provision of quality education and a quality health care system(2019-2024),"The Social Protection, Community and Human Development cluster",,,,,,,,,60 %,66 %,60 %,66 %,,None,None ,,,,,,,,,,,,,,,,207
Basic Education,Education,Limpopo,Programme 2.	Public Ordinary School Education,Programme 2.	Public Ordinary School Education,Annually,SOI  205: Number of foundation phase teachers trained in reading methodology,Standardized,Not  Applicable,"Priority 3: Education, Skills And Health",3. Provision of quality education and a quality health care system(2019-2024),"The Social Protection, Community and Human Development cluster",,,,,,,,,700,700,700,700,,None,None,,,,,,,,,,,,,,,,207
Basic Education,Education,Limpopo,Programme 2.	Public Ordinary School Education,Programme 2.	Public Ordinary School Education,Annually,SOI 201: Number of schools provided with multi-media resources,Standardized,Not  Applicable,"Priority 3: Education, Skills And Health",3. Provision of quality education and a quality health care system(2019-2024),"The Social Protection, Community and Human Development cluster",,,,,,,,,11,11,11,11,,None,N/A,,,,,,,,,,,,,,,,207
Basic Education,Education,Limpopo,Programme 2.	Public Ordinary School Education,Programme 2.	Public Ordinary School Education,Annually,SOI 202: Number of learners in no fee public ordinary schools in line with the National Norms and Standards for School Funding,Standardized,Not  Applicable,"Priority 3: Education, Skills And Health",3. Provision of quality education and a quality health care system(2019-2024),"The Social Protection, Community and Human Development cluster",,,,,,,,,1695000,1653820,1695000,1653820,,The enrolment of learners is not static.,None,,,,,,,,,,,,,,,,207
Basic Education,Education,Limpopo,Programme 2.	Public Ordinary School Education,Programme 2.	Public Ordinary School Education,Annually,SOI 203: Number of Funza Lushaka bursary holders placed in schools within six months upon completion of studies or upon confirmation that the bursar has completed studies.,Standardized,Not  Applicable,"Priority 3: Education, Skills And Health",3. Provision of quality education and a quality health care system(2019-2024),"The Social Protection, Community and Human Development cluster",,,,,,,,,368,,368,,,N/A,-,,,,,,,,,,,,,,,,207
Basic Education,Education,Limpopo,Programme 2.	Public Ordinary School Education,Programme 2.	Public Ordinary School Education,Annually,SOI 204: Percentage of learners in schools that are funded at a minimum level,Standardized,Not  Applicable,"Priority 3: Education, Skills And Health",3. Provision of quality education and a quality health care system(2019-2024),"The Social Protection, Community and Human Development cluster",,,,,,,,,100 %,100 %,100 %,100 %,,None,None,,,,,,,,,,,,,,,,207
Basic Education,Education,Limpopo,Programme 2.	Public Ordinary School Education,Programme 2.	Public Ordinary School Education,Annually,SOI 206: Number of foundation phase teachers trained in numeracy content and methodology,Standardized,Not  Applicable,"Priority 3: Education, Skills And Health",3. Provision of quality education and a quality health care system(2019-2024),"The Social Protection, Community and Human Development cluster",,,,,,,,,700,700,700,700,,None,None,,,,,,,,,,,,,,,,207
Basic Education,Education,Limpopo,Programme 2.	Public Ordinary School Education,Programme 2.	Public Ordinary School Education,Annually,SOI 207: Number of teachers trained in mathematics content and methodology,Standardized,Not  Applicable,"Priority 3: Education, Skills And Health",3. Provision of quality education and a quality health care system(2019-2024),"The Social Protection, Community and Human Development cluster",,,,,,,,,2400,2400,2400,2400,,None ,N/A,,,,,,,,,,,,,,,,207
Basic Education,Education,Limpopo,Programme 2.	Public Ordinary School Education,Programme 2.	Public Ordinary School Education,Annually,SOI 208: Number of teachers trained in language content and methodology,Standardized,Not  Applicable,"Priority 3: Education, Skills And Health",3. Provision of quality education and a quality health care system(2019-2024),"The Social Protection, Community and Human Development cluster",,,,,,,,,2400,2400,2400,2400,,None,N/A,,,,,,,,,,,,,,,,207
Basic Education,Education,Limpopo,Programme 2.	Public Ordinary School Education,Programme 2.	Public Ordinary School Education,Quarterly,Default,Standardized,Not  Applicable,"Priority 3: Education, Skills And Health",-,"The Social Protection, Community and Human Development cluster",,,Default indicator,,,No comment,,,,,,0,,,,,,,,,,,,,,,,,,,207
Basic Education,Education,Limpopo,Programme 2.	Public Ordinary School Education,Sub-Programme 2.1: Public Primary Level,Annually,Default,Not Applicable,Not  Applicable,Not Applicable,-,Not Applicable,,,,,,,,,,,,,,,,,,,,,,,,,,,,,,,207
Basic Education,Education,Limpopo,Programme 2.	Public Ordinary School Education,Sub-Programme 2.1: Public Primary Level,Quarterly,Default,Not Applicable,Not  Applicable,Not Applicable,-,Not Applicable,,,Default indicator,,,No comment,,,,,,0,,,,,,,,,,,,,,,,,,,207
Basic Education,Education,Limpopo,Programme 2.	Public Ordinary School Education,Sub-Programme 2.2: Public Secondary Level,Annually,Default,Not Applicable,Not  Applicable,Not Applicable,-,Not Applicable,,,,,,,,,,,,,,,,,,,,,,,,,,,,,,,207
Basic Education,Education,Limpopo,Programme 2.	Public Ordinary School Education,Sub-Programme 2.2: Public Secondary Level,Quarterly,Default,Not Applicable,Not  Applicable,Not Applicable,-,Not Applicable,,,Default indicator,,,No comment,,,,,,0,,,,,,,,,,,,,,,,,,,207
Basic Education,Education,Limpopo,Programme 2.	Public Ordinary School Education,Sub-Programme 2.3: Human Resource Development,Annually,Default,Not Applicable,Not  Applicable,Not Applicable,-,Not Applicable,,,,,,,,,,,,,,,,,,,,,,,,,,,,,,,207
Basic Education,Education,Limpopo,Programme 2.	Public Ordinary School Education,Sub-Programme 2.3: Human Resource Development,Quarterly,Default,Not Applicable,Not  Applicable,Not Applicable,-,Not Applicable,,,Default indicator,,,N comment,,,,,,0,,,,,,,,,,,,,,,,,,,207
Basic Education,Education,Limpopo,Programme 2.	Public Ordinary School Education,"Sub-Programme 2.4: School Sport, Culture and Media Services",Annually,Default,Not Applicable,Not  Applicable,Not Applicable,-,Not Applicable,,,,,,,,,,,,,,,,,,,,,,,,,,,,,,,207
Basic Education,Education,Limpopo,Programme 2.	Public Ordinary School Education,"Sub-Programme 2.4: School Sport, Culture and Media Services",Quarterly,Default,Not Applicable,Not  Applicable,Not Applicable,-,Not Applicable,,,Default indicator,,,No comment,,,,,,0,,,,,,,,,,,,,,,,,,,207
Basic Education,Education,Limpopo,Programme 2.	Public Ordinary School Education,Sub-Programme 2.5: Conditional Grants,Annually,Default,Not Applicable,Not  Applicable,Not Applicable,-,Not Applicable,,,,,,,,,,,,,,,,,,,,,,,,,,,,,,,207
Basic Education,Education,Limpopo,Programme 2.	Public Ordinary School Education,Sub-Programme 2.5: Conditional Grants,Quarterly,Default,Not Applicable,Not  Applicable,Not Applicable,-,Not Applicable,,,Default indicator,,,No comment,,,,,,0,,,,,,,,,,,,,,,,,,,207
Basic Education,Education,Limpopo,Programme 3: Independent School Subsidies,Programme 3: Independent School Subsidies,Annually,Default,Standardized,Not  Applicable,"Priority 3: Education, Skills And Health",-,"The Social Protection, Community and Human Development cluster",,,,,,,,,,,,,,,,,,,,,,,,,,,,,,,207
Basic Education,Education,Limpopo,Programme 3: Independent School Subsidies,Programme 3: Independent School Subsidies,Annually,SOI 301: Percentage of registered independent schools receiving subsidies.,Standardized,Not  Applicable,"Priority 3: Education, Skills And Health",3. Provision of quality education and a quality health care system(2019-2024),"The Social Protection, Community and Human Development cluster",,,,,,,,,100 %,42.19 %,100 %,42.19 %,,In terms of Section 176 of the National Norms and Standards for School Funding only schools registered as NPOs are subsidized. All those registered under other different forms of ownership are not eligible.,None,,,,,,,,,,,,,,,,207
Basic Education,Education,Limpopo,Programme 3: Independent School Subsidies,Programme 3: Independent School Subsidies,Annually,SOI 302: Number of learners subsidized at registered independent schools,Standardized,Not  Applicable,"Priority 3: Education, Skills And Health",3. Provision of quality education and a quality health care system(2019-2024),"The Social Protection, Community and Human Development cluster",,,,,,,,,49540,44997,49540,44997,,"The target was based on the estimation  information by previous year, trends",N/A,,,,,,,,,,,,,,,,207
Basic Education,Education,Limpopo,Programme 3: Independent School Subsidies,Programme 3: Independent School Subsidies,Quarterly,Default,Standardized,Not  Applicable,"Priority 3: Education, Skills And Health",-,"The Social Protection, Community and Human Development cluster",,,Default indicator,,,No comment,,,,,,0,,,,,,,,,,,,,,,,,,,207
Basic Education,Education,Limpopo,Programme 3: Independent School Subsidies,Programme 3: Independent School Subsidies,Quarterly,POI 301: Percentage of subsidized independent schools visited for monitoring and support,Non-Standardized,Not  Applicable,"Priority 3: Education, Skills And Health",3. Provision of quality education and a quality health care system(2019-2024),"The Social Protection, Community and Human Development cluster",40 %,16 %,Target was not achieved ,40 %,51.4 %,Target was exceeded,0 %,0 %,20 %,48 %,100 %,16 %,,,,,"There is  alignment between the targets in the e-QPR and the 2024/25 APP for all the quarters  of the  2024/25 financial year. The outcome for the 1st quarter of the 2024/25 financial year is 77,5% of the set target.   The PED has  provided a reason for the attainment of the set target for the quarter under review. The PED is advised to monitor the outcome of the corrective action to be taken. monitored.
"," The outcome for the 2nd quarter of the 2024/25 financial year is 166.8% of the set target.   The reason for deviation and the corrective action to be taken does not correspond with the outcome for this strategic output indicator.
",No target set in the 3rd qrt,,austerity measures,Spread the remaining schools over the remaining three (3) quarters,More schools were visited through involvement of District officials to cover 1st Quarter deficit.,N/A,Not targeted for Reporting   during Quarter 3,N/A,More schools were monitored in collaboration between  finance and IGCS branches,N/A,Achieved,"The PED has achieved 240%  of the set target for the quarter under review.   The variance is 28,  The PED has provided a reason for the attainment of the quarterly target.  
",207
Basic Education,Education,Limpopo,Programme 3: Independent School Subsidies,Sub-Programme 3.1: Primary Level,Annually,Default,Not Applicable,Not  Applicable,Not Applicable,-,Not Applicable,,,,,,,,,,,,,,,,,,,,,,,,,,,,,,,207
Basic Education,Education,Limpopo,Programme 3: Independent School Subsidies,Sub-Programme 3.1: Primary Level,Quarterly,Default,Not Applicable,Not  Applicable,Not Applicable,-,Not Applicable,,,Default indicator,,,No comment,,,,,,0,,,,,,,,,,,,,,,,,,,207
Basic Education,Education,Limpopo,Programme 3: Independent School Subsidies,Sub-Programme 3.2: Secondary Level,Annually,Default,Not Applicable,Not  Applicable,Not Applicable,-,Not Applicable,,,,,,,,,,,,,,,,,,,,,,,,,,,,,,,207
Basic Education,Education,Limpopo,Programme 3: Independent School Subsidies,Sub-Programme 3.2: Secondary Level,Quarterly,Default,Not Applicable,Not  Applicable,Not Applicable,-,Not Applicable,,,Default indicator,,,No comment,,,,,,0,,,,,,,,,,,,,,,,,,,207
Basic Education,Education,Limpopo,Programme 4:  Public Special School Education,Programme 4:  Public Special School Education,Annually,Default,Standardized,Not  Applicable,"Priority 3: Education, Skills And Health",-,"The Social Protection, Community and Human Development cluster",,,,,,,,,,,,,,,,,,,,,,,,,,,,,,,207
Basic Education,Education,Limpopo,Programme 4:  Public Special School Education,Programme 4:  Public Special School Education,Annually,POI 401: Number of       special schools with     access to assistive devices,Non-Standardized,Not  Applicable,"Priority 3: Education, Skills And Health",3. Provision of quality education and a quality health care system(2019-2024),"The Social Protection, Community and Human Development cluster",,,,,,,,,12,0,12,0,,LDOE is participating in a National Treasury Transversal Contract. Delays in the arrangement of a transversal.,Expedite procurement processes.,,,,,,,,,,,,,,,,207
Basic Education,Education,Limpopo,Programme 4:  Public Special School Education,Programme 4:  Public Special School Education,Annually,SOI 401: Number of learners in public special schools,Standardized,Not  Applicable,"Priority 3: Education, Skills And Health",3. Provision of quality education and a quality health care system(2019-2024),"The Social Protection, Community and Human Development cluster",,,,,,,,,8300,8771,8300,8771,,Increased screening and identification of learners experiencing barriers to learning requiring high levels of support,N/A,,,,,,,,,,,,,,,,207
Basic Education,Education,Limpopo,Programme 4:  Public Special School Education,Programme 4:  Public Special School Education,Quarterly,Default,Standardized,Not  Applicable,"Priority 3: Education, Skills And Health",-,"The Social Protection, Community and Human Development cluster",,,Default indicator,,,No comment,,,,,,0,,,,,,,,,,,,,,,,,,,207
Basic Education,Education,Limpopo,Programme 4:  Public Special School Education,Sub-Programme 4.1: Schools,Annually,Default,Not Applicable,Not  Applicable,Not Applicable,-,Not Applicable,,,,,,,,,,,,,,,,,,,,,,,,,,,,,,,207
Basic Education,Education,Limpopo,Programme 4:  Public Special School Education,Sub-Programme 4.1: Schools,Quarterly,Default,Not Applicable,Not  Applicable,Not Applicable,-,Not Applicable,,,Default indicator,,,No comment,,,,,,0,,,,,,,,,,,,,,,,,,,207
Basic Education,Education,Limpopo,Programme 4:  Public Special School Education,Sub-Programme 4.2: Human Resource Development,Annually,Default,Not Applicable,Not  Applicable,Not Applicable,-,Not Applicable,,,,,,,,,,,,,,,,,,,,,,,,,,,,,,,207
Basic Education,Education,Limpopo,Programme 4:  Public Special School Education,Sub-Programme 4.2: Human Resource Development,Annually,SOI 402: Number of therapists/specialists staff in special schools,Standardized,Not  Applicable,"Priority 3: Education, Skills And Health",3. Provision of quality education and a quality health care system(2019-2024),"The Social Protection, Community and Human Development cluster",,,,,,,,,55,,55,,,,,,,,,,,,,,,,,,,,207
Basic Education,Education,Limpopo,Programme 4:  Public Special School Education,Sub-Programme 4.2: Human Resource Development,Quarterly,Default,Not Applicable,Not  Applicable,Not Applicable,-,Not Applicable,,,Default indicator,,,No comment,,,,,,0,,,,,,,,,,,,,,,,,,,207
Basic Education,Education,Limpopo,Programme 4:  Public Special School Education,"Sub-Programme 4.3: School Sport, Culture and Media Services",Annually,Default,Not Applicable,Not  Applicable,Not Applicable,-,Not Applicable,,,,,,,,,,,,,,,,,,,,,,,,,,,,,,,207
Basic Education,Education,Limpopo,Programme 4:  Public Special School Education,"Sub-Programme 4.3: School Sport, Culture and Media Services",Quarterly,Default,Not Applicable,Not  Applicable,Not Applicable,-,Not Applicable,,,Default indicator,,,No comment,,,,,,0,,,,,,,,,,,,,,,,,,,207
Basic Education,Education,Limpopo,Programme 4:  Public Special School Education,Sub-Programme 4.4: Conditional Grants,Annually,Default,Not Applicable,Not  Applicable,Not Applicable,-,Not Applicable,,,,,,,,,,,,,,,,,,,,,,,,,,,,,,,207
Basic Education,Education,Limpopo,Programme 4:  Public Special School Education,Sub-Programme 4.4: Conditional Grants,Quarterly,Default,Not Applicable,Not  Applicable,Not Applicable,-,Not Applicable,,,Default indicator,,,No comment,,,,,,0,,,,,,,,,,,,,,,,,,,207
Basic Education,Education,Limpopo,Programme 5:  Early Childhood Development,Programme 5:  Early Childhood Development,Annually,Default,Standardized,Not  Applicable,"Priority 3: Education, Skills And Health",-,"The Social Protection, Community and Human Development cluster",,,,,,,,,,,,,,,,,,,,,,,,,,,,,,,207
Basic Education,Education,Limpopo,Programme 5:  Early Childhood Development,Programme 5:  Early Childhood Development,Annually,SOI 502: Number of registered ECD programmes,Standardized,Not  Applicable,"Priority 3: Education, Skills And Health",3. Provision of quality education and a quality health care system(2019-2024),"The Social Protection, Community and Human Development cluster",,,,,,,,,130,202,130,202,,Mass registration drive (Jamboree/Bana Pele Mass registration drive).,None,,,,,,,,,,,,,,,,207
Basic Education,Education,Limpopo,Programme 5:  Early Childhood Development,Programme 5:  Early Childhood Development,Quarterly,Default,Standardized,Not  Applicable,"Priority 3: Education, Skills And Health",-,"The Social Protection, Community and Human Development cluster",,,Default indicator,,,No comment,,,,,,0,,,,,,,,,,,,,,,,,,,207
Basic Education,Education,Limpopo,Programme 5:  Early Childhood Development,Programme 5:  Early Childhood Development,Quarterly,SOI 503: Number children accessing registered ECD programmes,Standardized,Max,"Priority 3: Education, Skills And Health",3. Provision of quality education and a quality health care system(2019-2024),"The Social Protection, Community and Human Development cluster",0,, Target was not set ,0,,Target was not set ,129784,164 853,0,,129784,164853,,,,,The PED is not reporting on this indicator for the quarter under review.,,Achieved,The PED has achieved 100% of the set target for the quarter under review,,,,,Mass registration campaigns,N/A,,,,,207
Basic Education,Education,Limpopo,Programme 5:  Early Childhood Development,Sub-Programme 5.1: Grade R in Public Schools,Annually,Default,Not Applicable,Not  Applicable,Not Applicable,-,Not Applicable,,,,,,,,,,,,,,,,,,,,,,,,,,,,,,,207
Basic Education,Education,Limpopo,Programme 5:  Early Childhood Development,Sub-Programme 5.1: Grade R in Public Schools,Annually,SOI 501: Number of public schools that offer Grade R,Standardized,Not  Applicable,"Priority 3: Education, Skills And Health",3. Provision of quality education and a quality health care system(2019-2024),"The Social Protection, Community and Human Development cluster",,,,,,,,,2239,2283,2239,2283,,"More schools introduced Grade R based on the provisions of the Basic Education Laws Amendment Act (BELA), 2024 which prescribes the school going age.",N/A,,,,,,,,,,,,,,,,207
Basic Education,Education,Limpopo,Programme 5:  Early Childhood Development,Sub-Programme 5.1: Grade R in Public Schools,Quarterly,Default,Not Applicable,Not  Applicable,Not Applicable,-,Not Applicable,,,Default indicator,,,No comment,,,,,,0,,,,,,,,,,,,,,,,,,,207
Basic Education,Education,Limpopo,Programme 5:  Early Childhood Development,Sub-Programme 5.2: Grade R in Early Childhood Development Centres,Annually,Default,Not Applicable,Not  Applicable,Not Applicable,-,Not Applicable,,,,,,,,,,,,,,,,,,,,,,,,,,,,,,,207
Basic Education,Education,Limpopo,Programme 5:  Early Childhood Development,Sub-Programme 5.2: Grade R in Early Childhood Development Centres,Quarterly,Default,Not Applicable,Not  Applicable,Not Applicable,-,Not Applicable,,,Default indicator,,,No comment,,,,,,0,,,,,,,,,,,,,,,,,,,207
Basic Education,Education,Limpopo,Programme 5:  Early Childhood Development,Sub-Programme 5.3: Pre-Grade R in Early Childhood Development Centres,Annually,Default,Not Applicable,Not  Applicable,Not Applicable,-,Not Applicable,,,,,,,,,,,,,,,,,,,,,,,,,,,,,,,207
Basic Education,Education,Limpopo,Programme 5:  Early Childhood Development,Sub-Programme 5.3: Pre-Grade R in Early Childhood Development Centres,Quarterly,Default,Not Applicable,Not  Applicable,Not Applicable,-,Not Applicable,,,Default indicator,,,No comment,,,,,,0,,,,,,,,,,,,,,,,,,,207
Basic Education,Education,Limpopo,Programme 5:  Early Childhood Development,Sub-Programme 5.4: Human Resource Development,Annually,Default,Not Applicable,Not  Applicable,Not Applicable,-,Not Applicable,,,,,,,,,,,,,,,,,,,,,,,,,,,,,,,207
Basic Education,Education,Limpopo,Programme 5:  Early Childhood Development,Sub-Programme 5.4: Human Resource Development,Quarterly,Default,Not Applicable,Not  Applicable,Not Applicable,-,Not Applicable,,,Default indicator,,,No comment,,,,,,0,,,,,,,,,,,,,,,,,,,207
Basic Education,Education,Limpopo,Programme 5:  Early Childhood Development,Sub-Programme 5.5: Conditional Grants,Annually,Default,Not Applicable,Not  Applicable,Not Applicable,-,Not Applicable,,,,,,,,,,,,,,,,,,,,,,,,,,,,,,,207
Basic Education,Education,Limpopo,Programme 5:  Early Childhood Development,Sub-Programme 5.5: Conditional Grants,Quarterly,Default,Not Applicable,Not  Applicable,Not Applicable,-,Not Applicable,,,Default indicator,,,No comment,,,,,,0,,,,,,,,,,,,,,,,,,,207
Basic Education,Education,Limpopo,Programme 6:  Infrastructure Development,Programme 6:  Infrastructure Development,Annually,Default,Standardized,Not  Applicable,"Priority 3: Education, Skills And Health",-,"The Social Protection, Community and Human Development cluster",,,,,,,,,,,,,,,,,,,,,,,,,,,,,,,207
Basic Education,Education,Limpopo,Programme 6:  Infrastructure Development,Programme 6:  Infrastructure Development,Quarterly,Default,Standardized,Not  Applicable,"Priority 3: Education, Skills And Health",-,"The Social Protection, Community and Human Development cluster",,,Default indicator,,,No comment,,,,,,0,,,,,,,,,,,,,,,,,,,207
Basic Education,Education,Limpopo,Programme 6:  Infrastructure Development,Sub-Programme 6.1: Administration,Annually,Default,Not Applicable,Not  Applicable,Not Applicable,-,Not Applicable,,,,,,,,,,,,,,,,,,,,,,,,,,,,,,,207
Basic Education,Education,Limpopo,Programme 6:  Infrastructure Development,Sub-Programme 6.1: Administration,Quarterly,Default,Not Applicable,Not  Applicable,Not Applicable,-,Not Applicable,,,Default indicator,,,No comment,,,,,,0,,,,,,,,,,,,,,,,,,,207
Basic Education,Education,Limpopo,Programme 6:  Infrastructure Development,Sub-Programme 6.2: Public Ordinary Schools,Annually,Default,Not Applicable,Not  Applicable,Not Applicable,-,Not Applicable,,,,,,,,,,,,,,,,,,,,,,,,,,,,,,,207
Basic Education,Education,Limpopo,Programme 6:  Infrastructure Development,Sub-Programme 6.2: Public Ordinary Schools,Annually,"POI 601: Number of additional classrooms built in, or provided for existing public schools (includes new and replacement schools)",Non-Standardized,Not  Applicable,"Priority 3: Education, Skills And Health",3. Provision of quality education and a quality health care system(2019-2024),"The Social Protection, Community and Human Development cluster",,,,,,,,,100,176,100,176,,Projects carried over from the previous financial year due to poor performance by the contractors.,N/A,,,,,,,,,,,,,,,,207
Basic Education,Education,Limpopo,Programme 6:  Infrastructure Development,Sub-Programme 6.2: Public Ordinary Schools,Annually,POI 602: Number of new Grade R classrooms built ,Non-Standardized,Not  Applicable,"Priority 3: Education, Skills And Health",3. Provision of quality education and a quality health care system(2019-2024),"The Social Protection, Community and Human Development cluster",,,,,,,,,12,28,12,28,,Projects carried over from the previous financial year due to poor performance by the contractors.,N/A,,,,,,,,,,,,,,,,207
Basic Education,Education,Limpopo,Programme 6:  Infrastructure Development,Sub-Programme 6.2: Public Ordinary Schools,Annually,SOI 601: Number of public ordinary schools provided with water infrastructure,Standardized,Not  Applicable,"Priority 3: Education, Skills And Health",3. Provision of quality education and a quality health care system(2019-2024),"The Social Protection, Community and Human Development cluster",,,,,,,,,30,93,30,93,,Poor Performance by the contractors who failed to complete contracted projects.,Invoking of punitive clauses as prescribed by the Joint Building Contracts Committee (JBCC).,,,,,,,,,,,,,,,,207
Basic Education,Education,Limpopo,Programme 6:  Infrastructure Development,Sub-Programme 6.2: Public Ordinary Schools,Annually,SOI 602: Number of Public ordinary schools provided with electricity infrastructure ,Standardized,Not  Applicable,"Priority 3: Education, Skills And Health",3. Provision of quality education and a quality health care system(2019-2024),"The Social Protection, Community and Human Development cluster",,,,,,,,,2,0,2,0,,Not implemented due to lack of professional Mechanical Engineer /Electrical Engineer. The Post was included in the Recruitment Plan for 2024/25 but the process could not be finalised.,Appointment of a panel of professional service providers to assist with the development of specifications.,,,,,,,,,,,,,,,,207
Basic Education,Education,Limpopo,Programme 6:  Infrastructure Development,Sub-Programme 6.2: Public Ordinary Schools,Annually,SOI 603: Number of public ordinary schools supplied with sanitation facilities,Standardized,Not  Applicable,"Priority 3: Education, Skills And Health",3. Provision of quality education and a quality health care system(2019-2024),"The Social Protection, Community and Human Development cluster",,,,,,,,,50,89,50,89,,Poor Performance by the contractors who failed to complete contracted projects,Invoking of punitive clauses as prescribed by the JBCC.,,,,,,,,,,,,,,,,207
Basic Education,Education,Limpopo,Programme 6:  Infrastructure Development,Sub-Programme 6.2: Public Ordinary Schools,Annually,SOI 604: Number of public ordinary schools provided with new or additional boarding facilities,Standardized,Not  Applicable,"Priority 3: Education, Skills And Health",3. Provision of quality education and a quality health care system(2019-2024),"The Social Protection, Community and Human Development cluster",,,,,,,,,0,0,0,0,,0,0,,,,,,,,,,,,,,,,207
Basic Education,Education,Limpopo,Programme 6:  Infrastructure Development,Sub-Programme 6.2: Public Ordinary Schools,Annually,SOI 605: Number of public ordinary schools where scheduled maintenance projects were completed,Standardized,Not  Applicable,"Priority 3: Education, Skills And Health",3. Provision of quality education and a quality health care system(2019-2024),"The Social Protection, Community and Human Development cluster",,,,,,,,,15,17,15,17,,Projects carried over from the previous financial year due to poor performance by the contractors.,N/A,,,,,,,,,,,,,,,,207
Basic Education,Education,Limpopo,Programme 6:  Infrastructure Development,Sub-Programme 6.2: Public Ordinary Schools,Quarterly,Default,Not Applicable,Not  Applicable,Not Applicable,-,Not Applicable,,,Default indicator,,,No comment,,,,,,0,,,,,,,,,,,,,,,,,,,207
Basic Education,Education,Limpopo,Programme 6:  Infrastructure Development,Sub-Programme 6.3: Special Schools,Annually,Default,Not Applicable,Not  Applicable,Not Applicable,-,Not Applicable,,,,,,,,,,,,,,,,,,,,,,,,,,,,,,,207
Basic Education,Education,Limpopo,Programme 6:  Infrastructure Development,Sub-Programme 6.3: Special Schools,Quarterly,Default,Not Applicable,Not  Applicable,Not Applicable,-,Not Applicable,,,Default indicator,,,No comment,,,,,,0,,,,,,,,,,,,,,,,,,,207
Basic Education,Education,Limpopo,Programme 6:  Infrastructure Development,Sub-Programme 6.4: Early Childhood Development,Annually,Default,Not Applicable,Not  Applicable,Not Applicable,-,Not Applicable,,,,,,,,,,,,,,,,,,,,,,,,,,,,,,,207
Basic Education,Education,Limpopo,Programme 6:  Infrastructure Development,Sub-Programme 6.4: Early Childhood Development,Quarterly,Default,Not Applicable,Not  Applicable,Not Applicable,-,Not Applicable,,,Default indicator,,,No comment,,,,,,0,,,,,,,,,,,,,,,,,,,207
Basic Education,Education,Limpopo,Programme 7: Examination and Education Related Services,Programme 7: Examination and Education Related Services,Annually,Default,Standardized,Not  Applicable,"Priority 3: Education, Skills And Health",-,"The Social Protection, Community and Human Development cluster",,,,,,,,,,,,,,,,,,,,,,,,,,,,,,,207
Basic Education,Education,Limpopo,Programme 7: Examination and Education Related Services,Programme 7: Examination and Education Related Services,Annually,POI 701: Number of programmes implemented to enhance performance in second chance NSC pass.,Non-Standardized,Not  Applicable,"Priority 3: Education, Skills And Health",3. Provision of quality education and a quality health care system(2019-2024),"The Social Protection, Community and Human Development cluster",,,,,,,,,1,1,1,1,,"Strengthened
Learner Attainment strategy 
",N/A,,,,,,,,,,,,,,,,207
Basic Education,Education,Limpopo,Programme 7: Examination and Education Related Services,Programme 7: Examination and Education Related Services,Annually,POI 702: Percentage of Grade 12 learners who pass Engineering Graphics Design (EGD).,Non-Standardized,Not  Applicable,"Priority 3: Education, Skills And Health",3. Provision of quality education and a quality health care system(2019-2024),"The Social Protection, Community and Human Development cluster",,,,,,,,,96 %,,96 %,,,,,,,,,,,,,,,,,,,,207
Basic Education,Education,Limpopo,Programme 7: Examination and Education Related Services,Programme 7: Examination and Education Related Services,Annually,POI 703: Percentage of Grade 12 learners who pass Arts subjects.,Non-Standardized,Not  Applicable,"Priority 3: Education, Skills And Health",3. Provision of quality education and a quality health care system(2019-2024),"The Social Protection, Community and Human Development cluster",,,,,,,,,75 %,,75 %,,,,,,,,,,,,,,,,,,,,207
Basic Education,Education,Limpopo,Programme 7: Examination and Education Related Services,Programme 7: Examination and Education Related Services,Annually,SOI 701: Percentage of learners who passed National Senior Certificate (NSC).,Standardized,Not  Applicable,"Priority 3: Education, Skills And Health",3. Provision of quality education and a quality health care system(2019-2024),"The Social Protection, Community and Human Development cluster",,,,,,,,,81.3 %,86.3 %,81.3 %,86.3 %,,"Strengthened
Learner Attainment strategy 
",N/A,,,,,,,,,,,,,,,,207
Basic Education,Education,Limpopo,Programme 7: Examination and Education Related Services,Programme 7: Examination and Education Related Services,Annually,SOI 702: Percentage of Grade 12 learners passing at bachelor level,Standardized,Not  Applicable,"Priority 3: Education, Skills And Health",3. Provision of quality education and a quality health care system(2019-2024),"The Social Protection, Community and Human Development cluster",,,,,,,,,38 %,38.9 %,38 %,38.9 %,,"Strengthened
Learner Attainment strategy 
",N/A,,,,,,,,,,,,,,,,207
Basic Education,Education,Limpopo,Programme 7: Examination and Education Related Services,Programme 7: Examination and Education Related Services,Annually,SOI 703: Percentage of Grade 12 learners achieving 60% or more in Mathematics.,Standardized,Not  Applicable,"Priority 3: Education, Skills And Health",3. Provision of quality education and a quality health care system(2019-2024),"The Social Protection, Community and Human Development cluster",,,,,,,,,15.3 %,28.0 %,15.3 %,28.0 %,,"Strengthened
Learner Attainment strategy 
",N/A,,,,,,,,,,,,,,,,207
Basic Education,Education,Limpopo,Programme 7: Examination and Education Related Services,Programme 7: Examination and Education Related Services,Annually,SOI 704: Percentage of Grade 12 learners achieving 60% or more in Physical Sciences.,Standardized,Not  Applicable,"Priority 3: Education, Skills And Health",3. Provision of quality education and a quality health care system(2019-2024),"The Social Protection, Community and Human Development cluster",,,,,,,,,16.6 %,18.3 %,16.6 %,18.3 %,,"Strengthened
Learner Attainment strategy 
",N/A,,,,,,,,,,,,,,,,207
Basic Education,Education,Limpopo,Programme 7: Examination and Education Related Services,Programme 7: Examination and Education Related Services,Annually,SOI 705: Number of secondary schools with National Senior Certificate (NSC) pass rate of 70% & more.,Standardized,Not  Applicable,"Priority 3: Education, Skills And Health",3. Provision of quality education and a quality health care system(2019-2024),"The Social Protection, Community and Human Development cluster",,,,,,,,,1088,1143,1088,1143,,"Strengthened
Learner Attainment strategy 
",N/A,,,,,,,,,,,,,,,,207
Basic Education,Education,Limpopo,Programme 7: Examination and Education Related Services,Programme 7: Examination and Education Related Services,Quarterly,Default,Standardized,Not  Applicable,"Priority 3: Education, Skills And Health",-,"The Social Protection, Community and Human Development cluster",,,Default indicator,,,No comment,,,,,,0,,,,,,,,,,,,,,,,,,,207
Basic Education,Education,Limpopo,Programme 7: Examination and Education Related Services,Sub-Programme 7.1: Payments to SETA,Annually,Default,Not Applicable,Not  Applicable,Not Applicable,-,Not Applicable,,,,,,,,,,,,,,,,,,,,,,,,,,,,,,,207
Basic Education,Education,Limpopo,Programme 7: Examination and Education Related Services,Sub-Programme 7.1: Payments to SETA,Quarterly,Default,Not Applicable,Not  Applicable,Not Applicable,-,Not Applicable,,,Default indicator,,,No comment,,,,,,0,,,,,,,,,,,,,,,,,,,207
Basic Education,Education,Limpopo,Programme 7: Examination and Education Related Services,Sub-Programme 7.2: Professional Services ,Annually,Default,Not Applicable,Not  Applicable,Not Applicable,-,Not Applicable,,,,,,,,,,,,,,,,,,,,,,,,,,,,,,,207
Basic Education,Education,Limpopo,Programme 7: Examination and Education Related Services,Sub-Programme 7.2: Professional Services ,Quarterly,Default,Not Applicable,Not  Applicable,Not Applicable,-,Not Applicable,,,Default indicator,,,No comment,,,,,,0,,,,,,,,,,,,,,,,,,,207
Basic Education,Education,Limpopo,Programme 7: Examination and Education Related Services,Sub-Programme 7.3: External Examinations,Annually,Default,Not Applicable,Not  Applicable,Not Applicable,-,Not Applicable,,,,,,,,,,,,,,,,,,,,,,,,,,,,,,,207
Basic Education,Education,Limpopo,Programme 7: Examination and Education Related Services,Sub-Programme 7.3: External Examinations,Quarterly,Default,Not Applicable,Not  Applicable,Not Applicable,-,Not Applicable,,,Default indicator,,,No comment,,,,,,0,,,,,,,,,,,,,,,,,,,207
Basic Education,Education,Limpopo,Programme 7: Examination and Education Related Services,Sub-Programme 7.4: Special Projects,Annually,Default,Not Applicable,Not  Applicable,Not Applicable,-,Not Applicable,,,,,,,,,,,,,,,,,,,,,,,,,,,,,,,207
Basic Education,Education,Limpopo,Programme 7: Examination and Education Related Services,Sub-Programme 7.4: Special Projects,Quarterly,Default,Not Applicable,Not  Applicable,Not Applicable,-,Not Applicable,,,Default indicator,,,No comment,,,,,,0,,,,,,,,,,,,,,,,,,,207
Basic Education,Education,Limpopo,Programme 7: Examination and Education Related Services,Sub-Programme 7.5: Conditional Grants,Annually,Default,Not Applicable,Not  Applicable,Not Applicable,-,Not Applicable,,,,,,,,,,,,,,,,,,,,,,,,,,,,,,,207
Basic Education,Education,Limpopo,Programme 7: Examination and Education Related Services,Sub-Programme 7.5: Conditional Grants,Quarterly,Default,Not Applicable,Not  Applicable,Not Applicable,-,Not Applicable,,,Default indicator,,,No comment,,,,,,0,,,,,,,,,,,,,,,,,,,207
Environmental Affairs,Environmental Affairs,Limpopo,Programme 1:  Administration ,Programme 1:  Administration ,Annually,default,Not Applicable,Not  Applicable,Not Applicable,-,Not Applicable,,,,,,,,,,,,,,,,,,,,,,,,,,,,,,,207
Environmental Affairs,Environmental Affairs,Limpopo,Programme 1:  Administration ,Programme 1:  Administration ,Quarterly,default,Not Applicable,Not  Applicable,Not Applicable,-,Not Applicable,,,Default indicator,,,Default indicator,,,,,,0,,,,,,,Default indicator,,,,,,,,,,Default indicator,,207
Environmental Affairs,Environmental Affairs,Limpopo,Programme 1:  Administration ,Sub-Programme 1.1: Office of the MEC,Annually,default,Not Applicable,Not  Applicable,Not Applicable,-,Not Applicable,,,,,,,,,,,,,,,,,,,,,,,,,,,,,,,207
Environmental Affairs,Environmental Affairs,Limpopo,Programme 1:  Administration ,Sub-Programme 1.1: Office of the MEC,Quarterly,default,Not Applicable,Not  Applicable,Not Applicable,-,Not Applicable,,,Default indicator,,,Default indicator,,,,,,0,,,,,,,Default indicator ,,,,,,,,,,Default indicator,,207
Environmental Affairs,Environmental Affairs,Limpopo,Programme 1:  Administration ,Sub-Programme 1.2: Senior Management (HOD),Annually,default,Not Applicable,Not  Applicable,Not Applicable,-,Not Applicable,,,,,,,,,,,,,,,,,,,,,,,,,,,,,,,207
Environmental Affairs,Environmental Affairs,Limpopo,Programme 1:  Administration ,Sub-Programme 1.2: Senior Management (HOD),Quarterly,default,Not Applicable,Not  Applicable,Not Applicable,-,Not Applicable,,,Default indicator,,,Default indicator,,,,,,0,,,,,,,Default indicator ,,,,,,,,,,Default indicator,,207
Environmental Affairs,Environmental Affairs,Limpopo,Programme 1:  Administration ,Sub-Programme 1.3: Corporate Services,Annually,default,Not Applicable,Not  Applicable,Not Applicable,-,Not Applicable,,,,,,,,,,,0,,,,,,,,,,,,,,,,,,,,207
Environmental Affairs,Environmental Affairs,Limpopo,Programme 1:  Administration ,Sub-Programme 1.3: Corporate Services,Annually,Percentage compliance to e-disclosure of financial interests by other categories of employees within set timelines,Non-Standardized,Not  Applicable,"Priority 1: A Capable, Ethical and Developmental State",1. Transform the public service for effective and efficient service delivery (2019-2024),"Governance, State Capacity and Institutional Development cluster",,,,100 %,,,,,,,100 %,,,,,,,,,,,,,,,,,,,,207
Environmental Affairs,Environmental Affairs,Limpopo,Programme 1:  Administration ,Sub-Programme 1.3: Corporate Services,Annually,Percentage compliance to e-disclosure of financial interests by SMS members within set timelines,Non-Standardized,Not  Applicable,"Priority 1: A Capable, Ethical and Developmental State",1. Transform the public service for effective and efficient service delivery (2019-2024),"Governance, State Capacity and Institutional Development cluster",100 %,100 %,,,,,,,,,100 %,100 %,,None,None,,,,,,,,,,,,,,,,207
Environmental Affairs,Environmental Affairs,Limpopo,Programme 1:  Administration ,Sub-Programme 1.3: Corporate Services,Annually,Percentage of employees performance contracts submitted within set timelines ,Non-Standardized,Not  Applicable,"Priority 1: A Capable, Ethical and Developmental State",1. Transform the public service for effective and efficient service delivery (2019-2024),"Governance, State Capacity and Institutional Development cluster",100 %,87 %,,,,,,,,,100 %,87 %,,Alignment with the changes in post responsibilities due to placement of staff on the new structure.	,The placement of the affected staff has been completed and thus the performance agreements will be aligned with the job description,,,,,,,,,,,,,,,,207
Environmental Affairs,Environmental Affairs,Limpopo,Programme 1:  Administration ,Sub-Programme 1.3: Corporate Services,Annually,Percentage of female at SMS level ,Non-Standardized,Not  Applicable,"Priority 1: A Capable, Ethical and Developmental State",1. Transform the public service for effective and efficient service delivery (2019-2024),"Governance, State Capacity and Institutional Development cluster",,,,,,,,,50 %,45 %,50 %,45 %,,"More males qualifying candidates than females for SMS posts.
	","Funded vacancies posts on SMS level  to be earmarked for qualifying female candidates
",,,,,,,,,,,,,,,,207
Environmental Affairs,Environmental Affairs,Limpopo,Programme 1:  Administration ,Sub-Programme 1.3: Corporate Services,Annually,Percentage of persons with disability in employment ,Non-Standardized,Not  Applicable,"Priority 1: A Capable, Ethical and Developmental State",1. Transform the public service for effective and efficient service delivery (2019-2024),"Governance, State Capacity and Institutional Development cluster",,,,,,,,,2 %,1.7 %,2 %,1.7 %,,"People with disabilities not meeting inherent job requirements

Reluctancy by employees to disclose their disability status
","Funded vacancies to be earmarked for people with disabilities.

Conduct  disability 
disclosure awareness workshops 


",,,,,,,,,,,,,,,,207
Environmental Affairs,Environmental Affairs,Limpopo,Programme 1:  Administration ,Sub-Programme 1.3: Corporate Services,Quarterly,default,Not Applicable,Not  Applicable,Not Applicable,-,Not Applicable,0,0,Default indicator,0,,Default indicator,0,,0,,0,0,,,,,,,Default indicator ,,,,,,,,,,Default indicator,,207
Environmental Affairs,Environmental Affairs,Limpopo,Programme 1:  Administration ,Sub-Programme 1.3: Corporate Services,Quarterly,Number of ICT projects implemented,Non-Standardized,Not  Applicable,"Priority 1: A Capable, Ethical and Developmental State",1. Transform the public service for effective and efficient service delivery (2019-2024),"Governance, State Capacity and Institutional Development cluster",1,1,Target not achieved,1,1,Target achieved,1,1,1,1,4,4,,,,,,,Target met ,,None,None,None ,None,None,None,None,None,Target achieved,,207
Environmental Affairs,Environmental Affairs,Limpopo,Programme 1:  Administration ,Sub-Programme 1.3: Corporate Services,Quarterly,Percentage of disciplinary cases adjudicated within 90 days of receipt,Non-Standardized,Not  Applicable,"Priority 1: A Capable, Ethical and Developmental State",1. Transform the public service for effective and efficient service delivery (2019-2024),"Governance, State Capacity and Institutional Development cluster",100 %,100 %,Target achieved,100 %,100 %,Target achieved,100 %,76 %,100 %,100 %,100 %,100 %,,,,,,,Target not met,,None,None,None,None,"Memo submitted to management for implementation of 5 adjudicated cases’ outcomes. 

Last case still pending due to affected employee being on sick leave until the 31st December 2024
",Outstanding case to be finalized the 4th quarter after the return of the employee,None,None,Target achieved,,207
Environmental Affairs,Environmental Affairs,Limpopo,Programme 1:  Administration ,Sub-Programme 1.4: Financial Management,Annually,default,Not Applicable,Not  Applicable,Not Applicable,-,Not Applicable,,,,,,,,,,,,,,,,,,,,,,,,,,,,,,,207
Environmental Affairs,Environmental Affairs,Limpopo,Programme 1:  Administration ,Sub-Programme 1.4: Financial Management,Annually,Unqualified audit opinion sustained  ,Non-Standardized,Not  Applicable,"Priority 1: A Capable, Ethical and Developmental State",1. Transform the public service for effective and efficient service delivery (2019-2024),"Governance, State Capacity and Institutional Development cluster",,,,Unqualified audit opinion,Unqualified audit opinion,,,,,,Unqualified audit opinion,Unqualified audit opinion,,None,None,,,,,,,,,,,,,,,,207
Environmental Affairs,Environmental Affairs,Limpopo,Programme 1:  Administration ,Sub-Programme 1.4: Financial Management,Quarterly,default,Not Applicable,Not  Applicable,Not Applicable,-,Not Applicable,0,,Default indicator,0,,Default indicator,0,,0,,0,0,,,,,,,Default indicator ,,,,,,,,,,Default indicator,,207
Environmental Affairs,Environmental Affairs,Limpopo,Programme 1:  Administration ,Sub-Programme 1.4: Financial Management,Quarterly,Percentage expenditure in relation to the allocated budget,Non-Standardized,Not  Applicable,"Priority 1: A Capable, Ethical and Developmental State",1. Transform the public service for effective and efficient service delivery (2019-2024),"Governance, State Capacity and Institutional Development cluster",25 %,2.4 %,Target achieved,50 %,40.1 %,Target not achieved,75 %," 
79.5 %",98 %,98 %,98 %,,,,,,,,Target not met,,"Department still in the process of filling posts as per the Recruitment Plan.
Infrastructure projects have not yet reached spending level
","Posts have been advertised and anticipate appointment by the end of second quarter.

Received and processed infrastructure invoice which will be reported in the second quarter.

",Under spending is mainly on earmarked funding due to one project that was handed over late Q2," Infrastructure projects are closely monitored, and expenditure is expected to match physical progress.  ","
Over expenditure is under Pr2 and Pr4.
PR2: LEDA funding has been reduced during budget adjustment.  Pr4: The department has already delivered 2024 Marula event 
","LEDA would not receive transfers exceeding the appropriated transfers.  
Implementation of 2024 Marula event in the first quarter was within the APP and would not result into over expenditure at the end of the financial year. 
",None,None,Target achieved,,207
Environmental Affairs,Environmental Affairs,Limpopo,Programme 1:  Administration ,Sub-Programme 1.4: Financial Management,Quarterly,Percentage of procurement budget spent on persons with disabilities enterprises,Non-Standardized,Not  Applicable,"Priority 1: A Capable, Ethical and Developmental State",1. Transform the public service for effective and efficient service delivery (2019-2024),"Governance, State Capacity and Institutional Development cluster",1 %,0.02 %,Target not achieved,2 %,0.63 %,Target not achieved,2 %,0.05 %,2 %,0.00 %,7 %,,,,,,,,Target not met ,,No criteria/methodology for the invitation of RFQs for the targeted group,Develop criteria/methodology for the invitation of RFQs for the targeted group.  ,Non responsiveness to RFQs/B from the targeted group,Elevate matter to Provincial Treasury SCM Advisory Unit for interaction with targeted group,Non responsive market for the targeted group,Continuous engagement by LEDET to build & capacitate the targeted group,Not responsive to bids by targeted group,Dept. to continuously engage targeted group to build their capacity,Target not achieved,,207
Environmental Affairs,Environmental Affairs,Limpopo,Programme 1:  Administration ,Sub-Programme 1.4: Financial Management,Quarterly,Percentage of procurement budget spent on women-owned enterprises ,Non-Standardized,Not  Applicable,"Priority 1: A Capable, Ethical and Developmental State",1. Transform the public service for effective and efficient service delivery (2019-2024),"Governance, State Capacity and Institutional Development cluster",10 %,34.86 %,Target achieved,10 %,76.58 %,Target achieved,10 %,41.52 %,10 %,53.55 %,40 %,111.44 %,,,,,,,Target met,,"The nature of procurement transactions that took place for projects attracted more targeted women-owned enterprises

 

",None,The nature of procurement transactions that took place for projects attracted more targeted women-owned enterprises,None,Procured services were predominantly from women owned enterprises ,None,Services procured were predominantly from women owned enterprises,None,Target achieved,,207
Environmental Affairs,Environmental Affairs,Limpopo,Programme 1:  Administration ,Sub-Programme 1.4: Financial Management,Quarterly,Percentage of procurement budget spent on youth-owned enterprises,Non-Standardized,Not  Applicable,"Priority 1: A Capable, Ethical and Developmental State",1. Transform the public service for effective and efficient service delivery (2019-2024),"Governance, State Capacity and Institutional Development cluster",5 %,6.71 %,Target achieved ,10 %,21.43 %,Target achieved,10 %,15.95 %,5 %,28.87 %,30 %,,,,,,,,Target met ,,The nature of procurement transactions that took place for projects attracted more targeted youth-owned enterprises,None,The nature of procurement transactions that took place for projects attracted more targeted youth-owned enterprises,None,Procured services were predominately from youth owned enterprises,None,Services procured were predominantly from youth-owned enterprises,None,Target achieved,,207
Environmental Affairs,Environmental Affairs,Limpopo,Programme 1:  Administration ,Sub-Programme 1.4: Financial Management,Quarterly,Percentage of valid invoices paid within 30 days of receipt,Non-Standardized,Not  Applicable,"Priority 1: A Capable, Ethical and Developmental State",1. Transform the public service for effective and efficient service delivery (2019-2024),"Governance, State Capacity and Institutional Development cluster",100 %,99.9 %,Target not achieved,100 %,99.86 %,Target not achieved,100 %,100 %,100 %,100 %,100 %,,,,,,,,Target met,,One invoice missed the disbursement run due to  system unavailability ,The invoice to be included in the next disbursement run,"LOGIS System error 
and 
Human error","None

Improve Internal controls",None,None,None,None,Target achieved,,207
Environmental Affairs,Environmental Affairs,Limpopo,Programme 1:  Administration ,Sub-Programme 1.5: Sector Skills Development and Training,Annually,default,Not Applicable,Not  Applicable,Not Applicable,-,Not Applicable,,,,,,,,,,,,,,,,,,,,,,,,,,,,,,,207
Environmental Affairs,Environmental Affairs,Limpopo,Programme 1:  Administration ,Sub-Programme 1.5: Sector Skills Development and Training,Quarterly,default,Not Applicable,Not  Applicable,Not Applicable,-,Not Applicable,,,Default indicator ,,,Default indicator,,,,,,0,,,,,,,Default indicator ,,,,,,,,,,Default indicator,,207
Environmental Affairs,Environmental Affairs,Limpopo,"Programme 2: Environmental Policy,  Planning and Coordination  ","Programme 2: Environmental Policy,  Planning and Coordination  ",Annually,Number of climate change response interventions implemented,Standardized,Not  Applicable,"Priority 1: A Capable, Ethical and Developmental State",-,"The Economic Sectors, Employment and Infrastructure Development cluster",,,,,,,,,1,1,1,1,,None,None,,,,,,,,,,,,,,,,207
Environmental Affairs,Environmental Affairs,Limpopo,"Programme 2: Environmental Policy,  Planning and Coordination  ","Programme 2: Environmental Policy,  Planning and Coordination  ",Annually,Number of environmental research projects completed,Standardized,Not  Applicable,"Priority 1: A Capable, Ethical and Developmental State",-,"The Economic Sectors, Employment and Infrastructure Development cluster",,,,,,,,,1,1,1,1,,None,None,,,,,,,,,,,,,,,,207
Environmental Affairs,Environmental Affairs,Limpopo,"Programme 2: Environmental Policy,  Planning and Coordination  ","Programme 2: Environmental Policy,  Planning and Coordination  ",Annually,Number of functional environmental information management systems maintained,Standardized,Not  Applicable,"Priority 1: A Capable, Ethical and Developmental State",-,"The Economic Sectors, Employment and Infrastructure Development cluster",,,,,,,,,1,1,1,1,,None,None,,,,,,,,,,,,,,,,207
Environmental Affairs,Environmental Affairs,Limpopo,"Programme 2: Environmental Policy,  Planning and Coordination  ","Programme 2: Environmental Policy,  Planning and Coordination  ",Annually,Number of inter-governmental sector programmes implemented,Standardized,Not  Applicable,"Priority 1: A Capable, Ethical and Developmental State",-,"The Economic Sectors, Employment and Infrastructure Development cluster",,,,,,,,,1,1,1,1,,None,None,,,,,,,,,,,,,,,,207
Environmental Affairs,Environmental Affairs,Limpopo,"Programme 2: Environmental Policy,  Planning and Coordination  ","Programme 2: Environmental Policy,  Planning and Coordination  ",Annually,Number of legislated tools developed,Standardized,Not  Applicable,"Priority 1: A Capable, Ethical and Developmental State",-,"The Economic Sectors, Employment and Infrastructure Development cluster",,,,,,,,,1,1,1,1,,None,None,,,,,,,,,,,,,,,,207
Environmental Affairs,Environmental Affairs,Limpopo,"Programme 2: Environmental Policy,  Planning and Coordination  ","Programme 2: Environmental Policy,  Planning and Coordination  ",Quarterly,Default,Not Applicable,Not  Applicable,Not Applicable,-,Not Applicable,,,Default indicator ,,,Default indicator,,,,,,0 %,,,,,,,Default indicator ,,,,,,,,,,Default indicator,,207
Environmental Affairs,Environmental Affairs,Limpopo,"Programme 2: Environmental Policy,  Planning and Coordination  ","Sub-Programme 2.1: Intergovernmental Coordination, Spatial and Development Planning",Annually,default,Not Applicable,Not  Applicable,Not Applicable,-,Not Applicable,,,,,,,,,,,,,,,,,,,,,,,,,,,,,,,207
Environmental Affairs,Environmental Affairs,Limpopo,"Programme 2: Environmental Policy,  Planning and Coordination  ","Sub-Programme 2.1: Intergovernmental Coordination, Spatial and Development Planning",Quarterly,default,Not Applicable,Not  Applicable,Not Applicable,-,Not Applicable,,,Default indicator ,,,Default indicator,,,,,,0,,,,,,,Default indicator ,,,,,,,,,,Default indicator,,207
Environmental Affairs,Environmental Affairs,Limpopo,"Programme 2: Environmental Policy,  Planning and Coordination  ",Sub-Programme 2.2: Legislative Development,Annually,Default ,Not Applicable,Not  Applicable,Not Applicable,-,Not Applicable,,,,,,,,,,,,,,,,,,,,,,,,,,,,,,,207
Environmental Affairs,Environmental Affairs,Limpopo,"Programme 2: Environmental Policy,  Planning and Coordination  ",Sub-Programme 2.2: Legislative Development,Quarterly,Default ,Not Applicable,Not  Applicable,Not Applicable,-,Not Applicable,,,Default indicator ,,,Default indicator,,,,,,0,,,,,,,Default indicator ,,,,,,,,,,"Default indicator
",,207
Environmental Affairs,Environmental Affairs,Limpopo,"Programme 2: Environmental Policy,  Planning and Coordination  ",Sub-Programme 2.3: Research and Development Support,Annually,Default ,Not Applicable,Not  Applicable,Not Applicable,-,Not Applicable,,,,,,,,,,,,,,,,,,,,,,,,,,,,,,,207
Environmental Affairs,Environmental Affairs,Limpopo,"Programme 2: Environmental Policy,  Planning and Coordination  ",Sub-Programme 2.3: Research and Development Support,Quarterly,Default ,Not Applicable,Not  Applicable,Not Applicable,-,Not Applicable,,,Default indicator ,,,Default indicator,,,,,,0,,,,,,,Default indicator ,,,,,,,,,,Default indicator,,207
Environmental Affairs,Environmental Affairs,Limpopo,"Programme 2: Environmental Policy,  Planning and Coordination  ",Sub-Programme 2.4: Environmental Information Management,Annually,Default ,Not Applicable,Not  Applicable,Not Applicable,-,Not Applicable,,,,,,,,,,,,,,,,,,,,,,,,,,,,,,,207
Environmental Affairs,Environmental Affairs,Limpopo,"Programme 2: Environmental Policy,  Planning and Coordination  ",Sub-Programme 2.4: Environmental Information Management,Quarterly,Default ,Not Applicable,Not  Applicable,Not Applicable,-,Not Applicable,,,Default indicator ,,,Default indicator,,,,,,0,,,,,,,Default indicator ,,,,,,,,,,Default indicator,,207
Environmental Affairs,Environmental Affairs,Limpopo,"Programme 2: Environmental Policy,  Planning and Coordination  ",Sub-Programme 2.5: Climate Change Management,Annually,Default ,Not Applicable,Not  Applicable,Not Applicable,-,Not Applicable,,,,,,,,,,,,,,,,,,,,,,,,,,,,,,,207
Environmental Affairs,Environmental Affairs,Limpopo,"Programme 2: Environmental Policy,  Planning and Coordination  ",Sub-Programme 2.5: Climate Change Management,Annually,Number of climate change response interventions implemented,Non-Standardized,Not  Applicable,Priority 7: A better Africa and the World,8. Economic transformation and job creation through regional integration (2019-2024),"The Economic Sectors, Employment and Infrastructure Development cluster",,,,,,,,,1,1,1,1,,None,None,,,,,,,,,,,,,,,,207
Environmental Affairs,Environmental Affairs,Limpopo,"Programme 2: Environmental Policy,  Planning and Coordination  ",Sub-Programme 2.5: Climate Change Management,Quarterly,Default ,Not Applicable,Not  Applicable,Not Applicable,-,Not Applicable,,,Default indicator ,,,Default indicator,,,,,,0,,,,,,,Default indicator ,,,,,,,,,,Default indicator,,207
Environmental Affairs,Environmental Affairs,Limpopo,Programme 3: Compliance and Enforcement,Programme 3: Compliance and Enforcement,Annually,Default,Not Applicable,Not  Applicable,Not Applicable,-,Not Applicable,,,,,,,,,,,,,,,,,,,,,,,,,,,,,,,207
Environmental Affairs,Environmental Affairs,Limpopo,Programme 3: Compliance and Enforcement,Programme 3: Compliance and Enforcement,Quarterly,Number of administrative enforcement notices issued for non-compliance with environmental management legislation,Standardized,Not  Applicable,"Priority 5: Spatial Integration, Human Settlements and Local Government",-,"The Economic Sectors, Employment and Infrastructure Development cluster",10,12,Target achieved ,10,26,Target achieved,10,21,10,18,40,77,,,,,"The province is above Q1 target and has achieved by exceeding the target for the quarter 
","The province is above Q2 target and has achieved by exceeding the target for the quarter 
",Target met ,"The province is above Q3 target and has achieved by exceeding the target for the quarter 
",More compliance blitz conducted that resulted in more administrative enforcement actions issued.,None,The blitz conducted led to more administrative enforcement notices being issued. ,None,"Conducted Compliance and Enforcement Blitz Operations, which led to more administrative enforcement issued",None,Conducted Compliance and Enforcement Blitz Operations led to more administrative enforcement notices issued,None,Target achieved,"The province is above Q4 target and has achieved the annual target  
",207
Environmental Affairs,Environmental Affairs,Limpopo,Programme 3: Compliance and Enforcement,Programme 3: Compliance and Enforcement,Quarterly,Number of completed criminal investigations handed to the NPA for prosecution,Standardized,Not  Applicable,"Priority 5: Spatial Integration, Human Settlements and Local Government",-,"The Economic Sectors, Employment and Infrastructure Development cluster",1,3,Target not achieved ,2,3,Target achieved,1,2,1,2,5,10,,,,,"The province is above Q1 target and has achieved by exceeding the target for the quarter 
","The province is above Q2 target and has achieved by exceeding the target for the quarter 
",Target met ,"The province is above Q3 target and has achieved by exceeding the target for the quarter 
",Unpredictable as they depend on the nature and outcome of investigations conducted.,None,More collaborations with other law enforcement agencies led to success in finalizing registered cases.,None,More cases were still under investigation from the previous quarter,None,The cases were only finalized in this quarter,None,Target achieved,"The province is above Q4 target and has achieved the annual target  
",207
Environmental Affairs,Environmental Affairs,Limpopo,Programme 3: Compliance and Enforcement,Programme 3: Compliance and Enforcement,Quarterly,Number of compliance inspections conducted,Standardized,Not  Applicable,"Priority 5: Spatial Integration, Human Settlements and Local Government",-,"The Economic Sectors, Employment and Infrastructure Development cluster",70,93,Target not achieved ,70,93,Target achieved,70,77,70,78,280,341,,,,,"The province is above Q1 target and has achieved by exceeding the target for the quarter 
","The province is above Q2 target and has achieved by exceeding the target for the quarter 
",Target met,"The province is above Q3 target and has achieved by exceeding the target for the quarter 
","The directorate received more complaints, which prompted that more compliance blitz be conducted in the quarter. ",None,More complaints received that prompted more compliance blitz to be conducted in the Waterberg and Capricorn Districts,None,Compliance and Enforcement Blitz Operations conducted that led to increased number of compliance inspections,None,Some issued administrative notices prompted more reactive compliance monitoring inspections.,None,Target achieved,"The province is above Q4 target and has achieved the annual target  
",207
Environmental Affairs,Environmental Affairs,Limpopo,Programme 3: Compliance and Enforcement,Sub-Programme 3.1: Environmental quality management compliance and enforcement,Annually,default,Not Applicable,Not  Applicable,Not Applicable,-,Not Applicable,,,,,,,,,,,,,,,,,,,,,,,,,,,,,,,207
Environmental Affairs,Environmental Affairs,Limpopo,Programme 3: Compliance and Enforcement,Sub-Programme 3.1: Environmental quality management compliance and enforcement,Quarterly,default,Not Applicable,Not  Applicable,Not Applicable,-,Not Applicable,,,Default indicator,,,Default indicator,,,,,,0,,,,,,,Default indicator ,,,,,,,,,,Default indicator,,207
Environmental Affairs,Environmental Affairs,Limpopo,Programme 4: Environmental Quality Management,Programme 4: Environmental Quality Management,Annually,Default,Not Applicable,Not  Applicable,Not Applicable,-,Not Applicable,,,,,,,,,,,,,,,,,,,,,,,,,,,,,,,207
Environmental Affairs,Environmental Affairs,Limpopo,Programme 4: Environmental Quality Management,Programme 4: Environmental Quality Management,Quarterly,Percentage of complete Atmospheric Emission Licenses (AELs) issued within legislated timeframes,Standardized,Not  Applicable,"Priority 1: A Capable, Ethical and Developmental State",-,"The Economic Sectors, Employment and Infrastructure Development cluster",100,Not applicable,Target achieved ,100,Not Applicable,"Not clear on the actual output. What does not applicable mean(  does it mean no license received, or the quarterly target of 100 not applicable ",100,Not Applicable,100,Not Applicable,100,-,,,,,"The province did not receive applications during quarter four.
","The province did not receive applications during quarter four.
",Need to report in terms of percentage,"The province did not receive applications during quarter four.
",There were no due AEL license applications for the quarter,None,None,None,None,None,None,None,Target  not achieved,"The province did not receive applications during quarter four. 

Kindly find a reminder to indicate if the department did not receive applications for the quarter under review as per the TID.   

",207
Environmental Affairs,Environmental Affairs,Limpopo,Programme 4: Environmental Quality Management,Programme 4: Environmental Quality Management,Quarterly,Percentage of complete Environmental Impact Assessment (EIA) applications finalized within legislated timeframes,Standardized,Not  Applicable,"Priority 1: A Capable, Ethical and Developmental State",-,"The Economic Sectors, Employment and Infrastructure Development cluster",100,100 (34 of 34),Target achieved ,100,100,Target achieved,100,"100% (51 of 51)
",100,100,100,-,,,,,"The province is on target for Q1 and has achieved the target for the quarter 
","The province is on target for Q2 and has achieved the target for the quarter 
",Target met,"The province is on target for Q3 and has achieved the target for the quarter 
",None,None,None,None,None,None,None,None,Target achieved,"The province is on target for Q4 and has achieved the annual target  
",207
Environmental Affairs,Environmental Affairs,Limpopo,Programme 4: Environmental Quality Management,Programme 4: Environmental Quality Management,Quarterly,Percentage of complete Waste License applications finalised within legislated time-frames,Standardized,Not  Applicable,"Priority 1: A Capable, Ethical and Developmental State",-,"The Economic Sectors, Employment and Infrastructure Development cluster",100,Not applicable,Target achieved ,100,Not Applicable,"Not clear on the actual output. What does not applicable mean(  does it mean no license received, or the quarterly target of 100 not applicable ",100,Not Applicable,100,100,100,-,,,,,"The province did not receive applications during quarter four.
","The province did not receive applications during quarter four.
",Need to report in terms of percentage,"The province did not receive applications during quarter four.
",There were no due Waste license applications for the quarter,None,None,None,None,None,None,None,Target achieved,"The province is on target for Q4 and has achieved the annual target  
",207
Environmental Affairs,Environmental Affairs,Limpopo,Programme 4: Environmental Quality Management,Sub-Programme 4.1: Impact Management,Annually,default,Not Applicable,Not  Applicable,Not Applicable,-,Not Applicable,,,,,,,,,,,,,,,,,,,,,,,,,,,,,,,207
Environmental Affairs,Environmental Affairs,Limpopo,Programme 4: Environmental Quality Management,Sub-Programme 4.1: Impact Management,Quarterly,default,Not Applicable,Not  Applicable,Not Applicable,-,Not Applicable,,,Default indicator ,,,Default indicator,,,,,,0,,,,,,,Default indicator ,,,,,,,,,,Default indicator,,207
Environmental Affairs,Environmental Affairs,Limpopo,Programme 5:  Biodiversity Management,Programme 5:  Biodiversity Management,Annually,Number of Biodiversity Economy initiatives implemented,Standardized,Not  Applicable,"Priority 5: Spatial Integration, Human Settlements and Local Government",-,"The Economic Sectors, Employment and Infrastructure Development cluster",,,,,,,,,1,1,1,1,,None,None,,,,,,,,,,,,,,,,207
Environmental Affairs,Environmental Affairs,Limpopo,Programme 5:  Biodiversity Management,Programme 5:  Biodiversity Management,Annually,Number of hectares under the conservation estate,Standardized,Not  Applicable,"Priority 5: Spatial Integration, Human Settlements and Local Government",-,"The Economic Sectors, Employment and Infrastructure Development cluster",,,,,,,,,2000,38563643,2000,38563643,,The total areas to be declared cannot be predetermined particularly by private land owners,None,,,,,,,,,,,,,,,,207
Environmental Affairs,Environmental Affairs,Limpopo,Programme 5:  Biodiversity Management,Programme 5:  Biodiversity Management,Annually,Percentage of area of state managed protected areas assessed with a METT score above 67%,Standardized,Not  Applicable,"Priority 5: Spatial Integration, Human Settlements and Local Government",-,"The Economic Sectors, Employment and Infrastructure Development cluster",,,,,,,,,1 %,3.2 %,1 %,3.2 %,,"The status of management effectiveness of the D’Nyala Nature Reserve was sustained to 67.1%, and covers 8000 hectares in extent",None,,,,,,,,,,,,,,,,207
Environmental Affairs,Environmental Affairs,Limpopo,Programme 5:  Biodiversity Management,Programme 5:  Biodiversity Management,Quarterly,Percentage of complete biodiversity management permits issued within legislated timeframes,Standardized,Not  Applicable,"Priority 5: Spatial Integration, Human Settlements and Local Government",-,"The Economic Sectors, Employment and Infrastructure Development cluster",100 %,100 %,Target achieved ,100 %,100 %,Default indicator,100 %,"100% (3242 of 3242)

 %",100 %,100 %,100 %,200 %,,,,,"The province is on target for Q1 and has achieved the target for the quarter 

","The province is on target for Q2 and has achieved the target for the quarter 
",Target met ,"The province is on target for Q3 and has achieved the target for the quarter 
",None,None,None,None,None,None,None,None,Target achieved,"The province is on target for Q4 and has achieved the annual target  
",207
Environmental Affairs,Environmental Affairs,Limpopo,Programme 5:  Biodiversity Management,Sub-Programme 5.1: Biodiversity and Protected Area Planning and Management,Annually,default,Not Applicable,Not  Applicable,Not Applicable,-,Not Applicable,,,,,,,,,,,0,,,,,,,,,,,,,,,,,,,,207
Environmental Affairs,Environmental Affairs,Limpopo,Programme 5:  Biodiversity Management,Sub-Programme 5.1: Biodiversity and Protected Area Planning and Management,Annually,Number of revenue enhancement projects developed,Non-Standardized,Not  Applicable,Priority 7: A better Africa and the World,8. Economic transformation and job creation through regional integration (2019-2024),"The Economic Sectors, Employment and Infrastructure Development cluster",,,,,,,,,1,1,1,1,,None,None,,,,,,,,,,,,,,,,207
Environmental Affairs,Environmental Affairs,Limpopo,Programme 5:  Biodiversity Management,Sub-Programme 5.1: Biodiversity and Protected Area Planning and Management,Quarterly,default,Not Applicable,Not  Applicable,Not Applicable,-,Not Applicable,,,Default indicator ,,,Default indicator,,,,,,0,,,,,,,Default indicator ,,,,,,,,,,Default indicator,,207
Environmental Affairs,Environmental Affairs,Limpopo,Programme 6:	Environmental Empowerment Services  ,Programme 6:	Environmental Empowerment Services  ,Annually,Number of work opportunities created through environment sector public employment programmes,Standardized,Not  Applicable,"Priority 1: A Capable, Ethical and Developmental State",-,"The Economic Sectors, Employment and Infrastructure Development cluster",,,,,,,,,140,141,140,141,,Additional job created through infrastructure projects at Nylsvlei Nature Reserve,None,,,,,,,,,,,,,,,,207
Environmental Affairs,Environmental Affairs,Limpopo,Programme 6:	Environmental Empowerment Services  ,Programme 6:	Environmental Empowerment Services  ,Quarterly,Number of environmental awareness activities conducted,Standardized,Not  Applicable,"Priority 3: Education, Skills And Health",-,"The Economic Sectors, Employment and Infrastructure Development cluster",10,17,Target not achieved,10,19,Target achieved,10,25,10,30,40,91,,,,,"The province is above Q1 target and has achieved by exceeding the target for the quarter 
","The province is on target for Q2 and has achieved the target for the quarter 
",Target met ,"The province is above Q3 target and has achieved by exceeding the target for the quarter 
",There was demand career expo from schools,None,Due to adopt-a-ward programme and requests from the communities and traditional leaders.,None,Increased demand for environmental awareness from the regulated community,None,Increased demand for environmental awareness from the regulated community such as schools and Traditional authorities,None,Target achieved,"The province is above Q4 target and has achieved the annual target  
",207
Environmental Affairs,Environmental Affairs,Limpopo,Programme 6:	Environmental Empowerment Services  ,Programme 6:	Environmental Empowerment Services  ,Quarterly,Number of environmental capacity building activities conducted,Standardized,Not  Applicable,"Priority 3: Education, Skills And Health",-,"The Economic Sectors, Employment and Infrastructure Development cluster",5,5,Target achieved,10,10,Target achieved,10,13,5,7,30,35,,,,,"The province is on target for Q1 and has achieved the target for the quarter 
","The province is on target for Q2 and has achieved the target for the quarter 
",Target met ,"The province is above Q3 target and has achieved by exceeding the target for the quarter 
",None ,None,Increased demand for awareness activities from the communities.,None ,Increased demand for environmental capacity building from the regulated community,None,"Increased demand for environmental capacity building from the regulated community, that is, Traditional Authorities ",None,Target achieved,"The province is above Q4 target and has achieved the annual target  
",207
Environmental Affairs,Environmental Affairs,Limpopo,Programme 6:	Environmental Empowerment Services  ,Sub-Programme 6.1: Environmental Capacity Development and Support,Annually,default,Not Applicable,Not  Applicable,Not Applicable,-,Not Applicable,,,,,,,,,,,,,,,,,,,,,,,,,,,,,,,207
Environmental Affairs,Environmental Affairs,Limpopo,Programme 6:	Environmental Empowerment Services  ,Sub-Programme 6.1: Environmental Capacity Development and Support,Quarterly,default,Not Applicable,Not  Applicable,Not Applicable,-,Not Applicable,,,Default indicator ,,,Default indicator,,,,,,0,,,,,,,Default indicator ,,,,,,,,,,Default indicator,,207
Environmental Affairs,Environmental Affairs,Limpopo,Programme 7: Integrated Economic Development Services,"Sub-Programme 7.1: Economic Research, Planning and Coordination",Annually,Number of economic development research completed,Non-Standardized,Not  Applicable,Priority 2: Economic Transformation And Job Creation,8. Economic transformation and job creation through regional integration (2019-2024),"The Economic Sectors, Employment and Infrastructure Development cluster",,,,,,,,,1,1,1,1,,None,None,,,,,,,,,,,,,,,,207
Environmental Affairs,Environmental Affairs,Limpopo,Programme 7: Integrated Economic Development Services,"Sub-Programme 7.1: Economic Research, Planning and Coordination",Annually,SMME Strategy Reviewed,Non-Standardized,Not  Applicable,Priority 2: Economic Transformation And Job Creation,8. Economic transformation and job creation through regional integration (2019-2024),"The Economic Sectors, Employment and Infrastructure Development cluster",,,,,,,,,SMME Strategy Reviewed,SMME Strategy Reviewed,SMME Strategy Reviewed,SMME Strategy Reviewed,,None,None,,,,,,,,,,,,,,,,207
Environmental Affairs,Environmental Affairs,Limpopo,Programme 7: Integrated Economic Development Services,"Sub-Programme 7.1: Economic Research, Planning and Coordination",Quarterly,Number of Economic Development reports compiled on economic indicators,Non-Standardized,Not  Applicable,Priority 2: Economic Transformation And Job Creation,8. Economic transformation and job creation through regional integration (2019-2024),"The Economic Sectors, Employment and Infrastructure Development cluster",1,1,Target achieved,1,1,Default indicator,1,1,1,1,4,4,,,,,,,Target met ,,None,None,None,None,None,None,None,None,Default indicator,,207
Environmental Affairs,Environmental Affairs,Limpopo,Programme 7: Integrated Economic Development Services,Sub-Programme 7.2: Enterprise Development and Economic Empowerment,Quarterly,Number of BBBEE compliance interventions implemented ,Non-Standardized,Not  Applicable,Priority 2: Economic Transformation And Job Creation,8. Economic transformation and job creation through regional integration (2019-2024),"The Economic Sectors, Employment and Infrastructure Development cluster",0,0,No target set ,1,1,Target achieved,0,,1,4,2,5,,,,,,,No target set ,,None,None,None,None,,,Secured financial  resources enabled  implementation of   more interventions,None,Target achieved,,207
Environmental Affairs,Environmental Affairs,Limpopo,Programme 7: Integrated Economic Development Services,Sub-Programme 7.2: Enterprise Development and Economic Empowerment,Quarterly,Number of LED interventions implemented in Municipalities,Non-Standardized,Not  Applicable,Priority 2: Economic Transformation And Job Creation,8. Economic transformation and job creation through regional integration (2019-2024),"The Economic Sectors, Employment and Infrastructure Development cluster",0,0,No target set ,1,1,Target achieved,0,,1,4,2,5,,,,,,,No target set ,,None,None,None,None,,,"Collaboration with sector departments, SALGA, and municipalities",None,Target achieved,,207
Environmental Affairs,Environmental Affairs,Limpopo,Programme 7: Integrated Economic Development Services,Sub-Programme 7.2: Enterprise Development and Economic Empowerment,Quarterly,Number of local enterprises supported,Non-Standardized,Not  Applicable,Priority 2: Economic Transformation And Job Creation,8. Economic transformation and job creation through regional integration (2019-2024),"The Economic Sectors, Employment and Infrastructure Development cluster",0,0,No target set ,100,169,Target achieved,0,,100,233,200,402,,,,,,,No target set ,,None,None,Collaboration with other stakeholders,None,,,"Collaboration with sector departments, agencies, and private sector institutions",None,Target achieved,,207
Environmental Affairs,Environmental Affairs,Limpopo,Programme 7: Integrated Economic Development Services,Sub-Programme 7.2: Enterprise Development and Economic Empowerment,Quarterly,Number of Red Tape Reduction interventions co-ordinated,Non-Standardized,Not  Applicable,Priority 2: Economic Transformation And Job Creation,8. Economic transformation and job creation through regional integration (2019-2024),"The Economic Sectors, Employment and Infrastructure Development cluster",0,0,No target set ,1,1,Target achieved,0,,1,1,2,2,,,,,,,No target set ,,None,None,None,None,,,None,None,Target achieved,,207
Environmental Affairs,Environmental Affairs,Limpopo,Programme 7: Integrated Economic Development Services,Sub-Programme 7.3: Trade and Sector Development,Quarterly,Number of components of the National Exporter Development Program facilitated ,Non-Standardized,Not  Applicable,Priority 2: Economic Transformation And Job Creation,8. Economic transformation and job creation through regional integration (2019-2024),"The Economic Sectors, Employment and Infrastructure Development cluster",3,3,Target achieved ,3,3,Target achieved,3,3,3,3,3,3,,,,,,,Target met ,,None,None,None,None,None,None,None,None,Target achieved,,207
Environmental Affairs,Environmental Affairs,Limpopo,Programme 7: Integrated Economic Development Services,Sub-Programme 7.3: Trade and Sector Development,Quarterly,Number of manufacturing support programmes implemented ,Non-Standardized,Not  Applicable,Priority 2: Economic Transformation And Job Creation,8. Economic transformation and job creation through regional integration (2019-2024),"The Economic Sectors, Employment and Infrastructure Development cluster",3,3,Target achieved,3,3,Target achieved,3,3,3,2,3,2,,,,,,,Target met ,,None,None,None,None,None,None,None,None,Target  not achieved,,207
Environmental Affairs,Environmental Affairs,Limpopo,Programme 7: Integrated Economic Development Services,Sub-Programme 7.3: Trade and Sector Development,Quarterly,Number of programmes implemented to enhance local participation in the mining sector,Non-Standardized,Not  Applicable,Priority 2: Economic Transformation And Job Creation,8. Economic transformation and job creation through regional integration (2019-2024),"The Economic Sectors, Employment and Infrastructure Development cluster",2,2,Target achieved,2,2,Target achieved,2,2,2,2,2,2,,,,,,,Target met ,,None,None,None,None,None,None,None,None,Target achieved,,207
Environmental Affairs,Environmental Affairs,Limpopo,Programme 7: Integrated Economic Development Services,Sub-Programme 7.4: Business Regulation and Governance,Quarterly,Number of monitoring reports produced on implementation of LIBRA in Local Municipalities,Non-Standardized,Not  Applicable,Priority 2: Economic Transformation And Job Creation,8. Economic transformation and job creation through regional integration (2019-2024),"The Economic Sectors, Employment and Infrastructure Development cluster",1,1,Target achieved ,1,1,Target achieved,1,1,1,1,4,4,,,,,,,Target met ,,None,None,None,None,None,None,None,None,Target achieved,,207
Environmental Affairs,Environmental Affairs,Limpopo,Programme 7: Integrated Economic Development Services,Sub-Programme 7.4: Business Regulation and Governance,Quarterly,Number of monitoring reports produced on implementation of LIBRA in Local Municipalities,Non-Standardized,Not  Applicable,Priority 2: Economic Transformation And Job Creation,8. Economic transformation and job creation through regional integration (2019-2024),"The Economic Sectors, Employment and Infrastructure Development cluster",1800,1723,Target not achieved ,1800,2289,Target achieved,1800,2535,1800,2503,7200,9050,,,,,,,Target met ,,June Month was used to conduct road shows in conversion of old licenses issued in last liquor dispensation,All liquor inspectors to be retrained to understand the new liquor act,Extra efforts made to cover first quarter shortfall,None,Joint operations/ Collaborations with other law enforcement agencies,None,Joint operations/ Collaborations with other law enforcement agencies,None,Target achieved,,207
Environmental Affairs,Environmental Affairs,Limpopo,Programme 7: Integrated Economic Development Services,Sub-Programme 7.4: Business Regulation and Governance,Quarterly,Percentage of consumer complaints finalised within stipulated timeframes,Non-Standardized,Not  Applicable,Priority 2: Economic Transformation And Job Creation,8. Economic transformation and job creation through regional integration (2019-2024),"The Economic Sectors, Employment and Infrastructure Development cluster",100 %,100 %,Target achieved,100 %,100 %,Target achieved,100 %,100 (12 of 12) %,100 %,100 %,100 %,100 %,,,,,,,Target met ,,None,None,None,None,None,None,None,None,Target achieved,,207
Environmental Affairs,Environmental Affairs,Limpopo,Programme 7: Integrated Economic Development Services,Sub-Programme 7.4: Business Regulation and Governance,Quarterly,Percentage of liquor applications processed within stipulated timeframes ,Non-Standardized,Not  Applicable,Priority 2: Economic Transformation And Job Creation,8. Economic transformation and job creation through regional integration (2019-2024),"The Economic Sectors, Employment and Infrastructure Development cluster",100 %,100 %,Target achieved,100 %,100 %,Target achieved,100 %,100 (334 of 334) %,100 %,100 %,100 %,100 %,,,,,,,Target met ,,None,None,None,None,None,None,None,None,Target achieved,,207
Environmental Affairs,Environmental Affairs,Limpopo,Programme 8: Tourism,Programme 8:1 Tourism Planning and Regulations,Annually,Number of Tourist Guides registered,Non-Standardized,Not  Applicable,Priority 7: A better Africa and the World,8. Economic transformation and job creation through regional integration (2019-2024),"The Economic Sectors, Employment and Infrastructure Development cluster",,,,,,,,,185,226,185,226,,Increased awareness sessions & compliance inspections led to the registration of more tourist guides.,None,,,,,,,,,,,,,,,,207
Environmental Affairs,Environmental Affairs,Limpopo,Programme 8: Tourism,Programme 8:2 Tourism Destination Development and Transformation,Annually,Number of community tourism owned initiatives supported,Non-Standardized,Not  Applicable,Priority 7: A better Africa and the World,8. Economic transformation and job creation through regional integration (2019-2024),"The Economic Sectors, Employment and Infrastructure Development cluster",,,,,,,,,5,1,5,1,,Late order issuing submission was done in August 2024 ,None,,,,,,,,,,,,,,,,207
Environmental Affairs,Environmental Affairs,Limpopo,Programme 8: Tourism,Programme 8:2 Tourism Destination Development and Transformation,Quarterly,Number of tourism awareness programs facilitated ,Non-Standardized,Not  Applicable,Priority 7: A better Africa and the World,8. Economic transformation and job creation through regional integration (2019-2024),"The Economic Sectors, Employment and Infrastructure Development cluster",1,1,Target achieved,1,1,Target achieved,1,1,1,1,4,4,,,,,,,Target met ,,None,None,None,None,None,None,None,None,Target achieved,,207
Environmental Affairs,Environmental Affairs,Limpopo,Programme 8: Tourism,Programme 8:2 Tourism Destination Development and Transformation,Quarterly,Number of tourism capacity building programmes implemented,Non-Standardized,Not  Applicable,Priority 7: A better Africa and the World,8. Economic transformation and job creation through regional integration (2019-2024),"The Economic Sectors, Employment and Infrastructure Development cluster",1,1,Target achieved ,1,1,Target achieved,1,1,1,1,4,4,,,,,,,Target met ,,None,None,None,None,None,None,None,None,Target achieved,,207
