Sector,Institution,Programme,SubProgramme,Location,Frequency,Indicator,Type,SubType,Outcome,Priority,Cluster,Target_Q1,ActualOutput_Q1,ReasonforDeviation_Q1,CorrectiveAction_Q1,OTP_Q1,Target_Q2,ActualOutput_Q2,ReasonforDeviation_Q2,CorrectiveAction_Q2,OTP_Q2,Target_Q3,ActualOutput_Q3,ReasonforDeviation_Q3,CorrectiveAction_Q3,Target_Q4,ActualOutput_Q4,ReasonforDeviation_Q4,CorrectiveAction_Q4,OTP_Q4,AnnualTarget_Summary2,Preliminary_Summary2,PrelimaryAudited_Summary2,ReasonforDeviation_Summary,CorrectiveAction_Summary,ValidatedAudited_Summary2,DesiredPerformance,UID
Human Settlements,Human Settlements,Gauteng,Programme 1: Administration,Sub-programme 1.2: Corporate Services,Annually,Default,Not Applicable,Not  Applicable,Not Applicable,-,Not Applicable,,,,,,,,,,,,,,,,,,,,,,,,,,,40
Human Settlements,Human Settlements,Gauteng,Programme 1: Administration,Sub-programme 1.2: Corporate Services,Quarterly,Number of jobs created through the Human Settlements Development Grant per financial year (Skilled Labour).,Non-Standardized,Not  Applicable,"Priority 5: Spatial Integration, Human Settlements and Local Government","Integrated Human Settlements, Basic Services and Land Release","The Economic Sectors, Employment and Infrastructure Development cluster",100,130,More compliant reports were received from the contractors. The exceeded target is evidence that the awareness initiatives held with contractors are beginning to bear fruit.,None.,Target exceeded,100,441,More compliant reports were received from the contractors. The exceeded target is evidence that the awareness initiatives held with contractors are beginning to bear fruit.,None.,,150,"327
",More compliant reports were received from the contractors.  The exceeded target is evidence that the awareness initiatives held with contractors are beginning to yield results.,The current performance rate will be taken into account when setting targets for the upcoming financial years.,150,"98

","Underperformance was due to insufficient information submitted to the Department by contractors and developers.

**364 work opportunities were achieved in the previous quarters but were not reported due to late submission by the contractors.

","The Department continues to engage developers and contractors through workshops, meetings, and targeted interventions led by the executive management. Further performance improvements are anticipated in the next FY.",Target not achieved.,500,996,,,,,,40
Human Settlements,Human Settlements,Gauteng,Programme 1: Administration,Sub-programme 1.2: Corporate Services,Quarterly,Number of work opportunities created through the Human Settlements Development Grant and the Expanded Public Works Programme Incentive Grant each financial year (Unskilled Labour),Non-Standardized,Not  Applicable,"Priority 5: Spatial Integration, Human Settlements and Local Government","Integrated Human Settlements, Basic Services and Land Release","The Economic Sectors, Employment and Infrastructure Development cluster",300,300,None.,None.,Target achieved ,700,721,More compliant reports were received from the contractors.  The exceeded target is evidence that the awareness initiatives held with contractors are beginning to yield results.,None.,Target not achieved.,1500,"440
","Underperformance resulted from inadequate information submitted to the department by the contractors and developers.

**100 work opportunities were achieved in the second quarter but were not reported due to late submission by the contractors.",The department continuously engages the contractors and developers to enforce compliance with the reporting requirements. by the department. ,1500,"312

",Underperformance resulted from inadequate information submitted to the department by the contractors and developers.,The department continues to engage the contractors and developers to enforce compliance with the reporting requirements. by the department.,Target not achieved.,4000,1773,,,,,,40
Human Settlements,Human Settlements,Gauteng,Programme 1: Administration,Sub-programme 1.2: Corporate Services,Quarterly,Percentage of fully compliant invoices received paid within 30 days per financial year,Non-Standardized,Not  Applicable,"Priority 5: Spatial Integration, Human Settlements and Local Government","Integrated Human Settlements, Basic Services and Land Release","The Economic Sectors, Employment and Infrastructure Development cluster",100 %,100 %,None.,None.,Target achieved ,100 %,100% %,None.,None.,Target achieved.,100 %,"100% 
 %",None.,None.,100 %,100% %,None.,None.,Target achieved.,100 %,100 %,,,,,,40
Human Settlements,Human Settlements,Gauteng,Programme 1: Administration,Sub-programme 1.2: Corporate Services,Quarterly,Percentage of the Departmental procurement budget spend on People with Disabilities businesses.,Non-Standardized,Not  Applicable,"Priority 5: Spatial Integration, Human Settlements and Local Government","Integrated Human Settlements, Basic Services and Land Release","The Economic Sectors, Employment and Infrastructure Development cluster",3 %,1.33 %,The challenge with channelling the procurement or ringfencing projects to designated groups is that the Procurement Act and Regulations do not provide or allow set asides – hence the appointment is based on the responsiveness and compliance to the requirements of the terms of reference.,"The Department conducted road shows and awareness campaigns to educate designated groups suppliers on doing business with the state. Different stakeholders are invited to the sessions, i.e. CIDB, NHBRC, GEP, SARS and GPT.
The Department will endeavour to improve performance during the current FY.",Target not achieved ,3 %,"0,51% %",The challenge with channelling the procurement or ringfencing projects to designated groups is that the Procurement Act and Regulations do not provide or allow set asides – hence the appointment is based on the responsiveness and compliance to the requirements of the terms of reference.,"The Department conducted road shows and awareness campaigns to educate designated groups suppliers on doing business with the state. Different stakeholders are invited to the sessions, i.e. CIDB, NHBRC, GEP, SARS and GPT.
The Department will endeavour to improve performance during the current FY. 
",Target not achieved.,3 %,"3,50%

 %","The challenge with channelling the procurement or ringfencing projects to designated groups is that the Procurement Act and Regulations do not provide or allow set-asides, hence the appointment is based on the responsiveness and compliance to the requirements of the terms of reference. ","The Department conducted road shows and awareness campaigns to educate designated groups suppliers on doing business with the state. Different stakeholders are invited to the sessions, i.e. CIDB, NHBRC, GEP, SARS and GPT.
Performance is expected to improve by the end of the financial year.
",3 %,"2,12%

 %","The challenge with channelling the procurement or ringfencing projects to designated groups is that the Procurement Act and Regulations do not provide or allow set-asides, hence the appointment is based on the responsiveness and compliance to the requirements of the terms of reference.","The Central Supplier Database (CSD) has now been sectionalised per designated groups and commodity to reduce broader competition and enhance targeted procurement. With this initiative, performance improvements are anticipated in the upcoming financial year.",Target not achieved.,3 %,0 %,,,,,,40
Human Settlements,Human Settlements,Gauteng,Programme 1: Administration,Sub-programme 1.2: Corporate Services,Quarterly,Percentage of the Departmental procurement budget spend on Township-based businesses.,Non-Standardized,Not  Applicable,"Priority 5: Spatial Integration, Human Settlements and Local Government","Integrated Human Settlements, Basic Services and Land Release","The Economic Sectors, Employment and Infrastructure Development cluster",60 %,1.81 %,The challenge with channelling the procurement or ringfencing projects to designated groups is that the Procurement Act and Regulations do not provide or allow set asides – hence the appointment is based on the responsiveness and compliance to the requirements of the terms of reference.,"The Department conducted road shows and awareness campaigns to educate designated groups suppliers on doing business with the state. Different stakeholders are invited to the sessions, i.e. CIDB, NHBRC, GEP, SARS and GPT.
The Department will endeavour to improve performance during the current FY.",Target not achieved ,60 %,2.13% %,The challenge with channelling the procurement or ringfencing projects to designated groups is that the Procurement Act and Regulations do not provide or allow set asides – hence the appointment is based on the responsiveness and compliance to the requirements of the terms of reference. ,"The Department conducted road shows and awareness campaigns to educate designated groups suppliers on doing business with the state. Different stakeholders are invited to the sessions, i.e. CIDB, NHBRC, GEP, SARS and GPT.
The Department will endeavour to improve performance during the current FY. 
",Target not achieved.,60 %,"5,84% 
 %","The challenge with channelling the procurement or ringfencing projects to designated groups is that the Procurement Act and Regulations do not provide or allow set-asides, hence the appointment is based on the responsiveness and compliance to the requirements of the terms of reference. 

","The Department conducted road shows and awareness campaigns to educate designated groups of suppliers on doing business with the state. Different stakeholders are invited to the sessions, i.e. CIDB, NHBRC, GEP, SARS and GPT.
Performance is expected to improve by the end of the financial year.
",60 %,"2,76% 

 %","The challenge with channelling the procurement or ringfencing projects to designated groups is that the Procurement Act and Regulations do not provide or allow set-asides, hence the appointment is based on the responsiveness and compliance to the requirements of the terms of reference.","The Central Supplier Database (CSD) has now been sectionalised per designated groups and commodity to reduce broader competition and enhance targeted procurement. With this initiative, performance improvements are anticipated in the upcoming financial year.",Target not achieved.,60 %,0 %,,,,,,40
Human Settlements,Human Settlements,Gauteng,Programme 1: Administration,Sub-programme 1.2: Corporate Services,Quarterly,Percentage of the Departmental procurement budget spend on Women businesses.,Non-Standardized,Not  Applicable,"Priority 5: Spatial Integration, Human Settlements and Local Government","Integrated Human Settlements, Basic Services and Land Release","The Economic Sectors, Employment and Infrastructure Development cluster",40 %,14.47 %,The challenge with channelling the procurement or ringfencing projects to designated groups is that the Procurement Act and Regulations do not provide or allow set asides – hence the appointment is based in the responsiveness and compliance to the requirements of the terms of reference. ,"The Department conducted road shows and awareness campaigns to educate designated groups suppliers on doing business with the state. Different stakeholders are invited to the sessions, i.e. CIDB, NHBRC, GEP, SARS and GPT.
The Department will endeavor to improve performance during the current FY. 
",Target not achieved ,40 %,"25,99% 


 %",The challenge with channelling the procurement or ringfencing projects to designated groups is that the Procurement Act and Regulations do not provide or allow set asides – hence the appointment is based on the responsiveness and compliance to the requirements of the terms of reference. ,"The Department conducted road shows and awareness campaigns to educate designated groups suppliers on doing business with the state. Different stakeholders are invited to the sessions, i.e. CIDB, NHBRC, GEP, SARS and GPT.
The Department will endeavour to improve performance during the current FY. 
",Target not achieved.,40 %,"22,03%  %","The challenge with channelling the procurement or ringfencing projects to designated groups is that the Procurement Act and Regulations do not provide or allow set-asides, hence the appointment is based on the responsiveness and compliance to the requirements of the terms of reference. ","The Department conducted road shows and awareness campaigns to educate designated groups of suppliers on doing business with the state. Different stakeholders are invited to the sessions, i.e. CIDB, NHBRC, GEP, SARS and GPT.
Performance is expected to improve by the end of the financial year.
",40 %,"15,51% 

 %","The challenge with channelling the procurement or ringfencing projects to designated groups is that the Procurement Act and Regulations do not provide or allow set-asides, hence the appointment is based on the responsiveness and compliance to the requirements of the terms of reference.","The Central Supplier Database (CSD) has now been sectionalised per designated groups and commodity to reduce broader competition and enhance targeted procurement. With this initiative, performance improvements are anticipated in the upcoming financial year.",Target not achieved.,40 %,0 %,,,,,,40
Human Settlements,Human Settlements,Gauteng,Programme 1: Administration,Sub-programme 1.2: Corporate Services,Quarterly,Percentage of the Departmental procurement budget spend on Youth businesses.,Non-Standardized,Not  Applicable,"Priority 5: Spatial Integration, Human Settlements and Local Government","Integrated Human Settlements, Basic Services and Land Release","The Economic Sectors, Employment and Infrastructure Development cluster",20 %,7.44 %,The challenge with channelling the procurement or ringfencing projects to designated groups is that the Procurement Act and Regulations do not provide or allow set asides – hence the appointment is based on the responsiveness and compliance to the requirements of the terms of reference.,"The Department conducted road shows and awareness campaigns to educate designated groups suppliers on doing business with the state. Different stakeholders are invited to the sessions, i.e. CIDB, NHBRC, GEP, SARS and GPT.
The Department will endeavour to improve performance during the current FY.",Target not achieved ,20 %,"10,87% %",The challenge with channelling the procurement or ringfencing projects to designated groups is that the Procurement Act and Regulations do not provide or allow set asides – hence the appointment is based on the responsiveness and compliance to the requirements of the terms of reference.,"The Department conducted road shows and awareness campaigns to educate designated groups suppliers on doing business with the state. Different stakeholders are invited to the sessions, i.e. CIDB, NHBRC, GEP, SARS and GPT.
The Department will endeavour to improve performance during the current FY. 
",Target not achieved.,20 %,"16,98%

 %","The challenge with channelling the procurement or ringfencing projects to designated groups is that the Procurement Act and Regulations do not provide or allow set-asides, hence the appointment is based on the responsiveness and compliance to the requirements of the terms of reference. ","The Department conducted road shows and awareness campaigns to educate designated groups of suppliers on doing business with the state. Different stakeholders are invited to the sessions, i.e. CIDB, NHBRC, GEP, SARS and GPT.
Performance is expected to improve by the end of the financial year.
",20 %,"12,43%

 %","The challenge with channelling the procurement or ringfencing projects to designated groups is that the Procurement Act and Regulations do not provide or allow set-asides, hence the appointment is based on the responsiveness and compliance to the requirements of the terms of reference.","The Central Supplier Database (CSD) has now been sectionalised per designated groups and commodity to reduce broader competition and enhance targeted procurement. With this initiative, performance improvements are anticipated in the upcoming financial year.",Target not achieved.,20 %,0 %,,,,,,40
Human Settlements,Human Settlements,Gauteng,"Programme 2: Housing Needs, Research and Planning",Sub-programme 2.2: Policy,Quarterly,Number of Gauteng Department of Human Settlements policies developed,Non-Standardized,Not  Applicable,"Priority 5: Spatial Integration, Human Settlements and Local Government","Integrated Human Settlements, Basic Services and Land Release","The Economic Sectors, Employment and Infrastructure Development cluster",-,No Planned Output.,None.,"None.
",N/A,-,0,None.,None.,,1 Draft policy developed,"1 policy developed.

",The policy development processes were quicker than anticipated. This was attributed to the efficient document flow resulting in early approvals.,None.,1 Policy developed (final),"1 Policy developed (final) 

",None.,None.,Target achieved.,1 Policy developed,-,,,,,,40
Human Settlements,Human Settlements,Gauteng,"Programme 2: Housing Needs, Research and Planning",Sub-programme 2.3: Planning,Annually,Project pipeline updated annually,Non-Standardized,Not  Applicable,"Priority 5: Spatial Integration, Human Settlements and Local Government","Integrated Human Settlements, Basic Services and Land Release","The Economic Sectors, Employment and Infrastructure Development cluster",,,,,,,,,,,,,,,Project pipeline updated.,"Project pipeline updated.
Target Achieved",,,,Project pipeline updated.,"Project pipeline updated.
Target Achieved",,None.,None.,,,40
Human Settlements,Human Settlements,Gauteng,"Programme 2: Housing Needs, Research and Planning",Sub-programme 2.3: Planning,Quarterly,Percentage of investment of the total Human Settlements allocation in PDAs,Standardized,Not  Applicable,"Priority 5: Spatial Integration, Human Settlements and Local Government",-,"The Social Protection, Community and Human Development cluster",0 %,0 %,None.,None.,N/A,10 %,"12,36% %","The exceeded target was attributed to increased spending at the Project Implementation Level, resultant from higher rate of housing  delivery than planned. ",None.,,20 %,"23,03%

 %","The exceeded target was due to increased spending at the project implementation level, resulting from the higher rate of housing delivery than planned. ",None.,33 %,"34,40%

 %","The exceeded target was due to increased spending at the project implementation level, resulting from the higher rate of housing delivery than planned. ",None.,,33 %,0 %,,,,,,40
Human Settlements,Human Settlements,Gauteng,"Programme 2: Housing Needs, Research and Planning",Sub-programme 2.3: Planning,Quarterly,Percentage of land acquired during 2014-2019 within the PDA’s rezoned ,Standardized,Not  Applicable,"Priority 5: Spatial Integration, Human Settlements and Local Government",-,"The Social Protection, Community and Human Development cluster",0 %,0 %,None.,"None.
",N/A ,10 %,"0%

**All rezoning processes have been concluded, awaiting the issuance of the zoning certificate by the municipality. %",Municipal Planning Unit delayed the issuing of zoning certificates.,The issue of delays in the issuance of the rezoning certificates was escalated to Municipal Management for assistance. ,Target not achieved.,20 %,"14%


 %","Outstanding confirmation of zoning, emanating from the delays in issuing the zoning certificates by the municipality.","The issue of delays in issuing the rezoning certificates was escalated to Municipal Management for assistance. 
The Department has arranged to meet with the municipality to facilitate the speedy issuance of the zoning certificates.  

The missed target will be achieved in the fourth quarter.
",40 %,"40%

 %",None.,None.,Target achieved.,40 %,0 %,,,,,,40
Human Settlements,Human Settlements,Gauteng,"Programme 2: Housing Needs, Research and Planning",Sub-programme 2.4: Research,Quarterly,Number of Human Settlements research reports completed,Non-Standardized,Not  Applicable,"Priority 5: Spatial Integration, Human Settlements and Local Government","Integrated Human Settlements, Basic Services and Land Release","The Economic Sectors, Employment and Infrastructure Development cluster",Research proposal/Terms of Reference,"Research proposal.

Target Achieved.",None.,None.,,-,0,None.,None.,,Draft research report completed,"Draft research report completed.

",None.,None.,Research report completed (Final),"Research report completed (final) 

",None.,None.,Target achieved.,1 Research Report completed,-,,,,,,40
Human Settlements,Human Settlements,Gauteng,Programme 3: Housing Development,Sub-programme 3.10: BENEFICIARY MANAGEMENT,Quarterly,Percentage of quality assured housing units allocated to approved beneficiaries,Non-Standardized,Not  Applicable,"Priority 5: Spatial Integration, Human Settlements and Local Government","Integrated Human Settlements, Basic Services and Land Release","The Economic Sectors, Employment and Infrastructure Development cluster",100 %,100 %,"Out of the 864 readily available housing units, 864 have been allocated to the approved beneficiaries. 
Target Not Achieved.",None.,Target achieved,100 %,"99,31%  %",The Department could not allocate some houses as the beneficiaries were said to be deceased.  The reason for deviation could not be corroborated with supporting evidence.,None.,Target not achieved.,100 %,"98,55%

**Out of 896 quality assured houses readily available for allocation, 883 were allocated to the approved beneficiaries.
 %","Not all the completed houses could be allocated due to various reasons, namely: delays in obtaining letters of authority to enable the timeous allocation; some beneficiaries fail to show up during allocations; outstanding compliance issues between the municipality and the developer preventing speedy allocation of houses.","The department is in the process of reviewing the relevant policy to deal with allocation challenges.
The municipality made a commitment to appoint a service provider who will deal with the compliance issues affecting the beneficiary allocation.

",100 %,"100%
**Out of 1 906 quality assured houses readily available for allocation, 1 906 were allocated to the approved beneficiaries %",None.,None.,Target achieved.,100 %,100 %,,,,,,40
Human Settlements,Human Settlements,Gauteng,Programme 3: Housing Development,Sub-programme 3.11: QUALITY ASSURANCE ,Quarterly,Number of subsidy housing projects enrolled with the NHBRC,Non-Standardized,Not  Applicable,"Priority 5: Spatial Integration, Human Settlements and Local Government","Integrated Human Settlements, Basic Services and Land Release","The Economic Sectors, Employment and Infrastructure Development cluster",2,3,The target is demand driven. There were more applications received during quarter which led to the exceeded targets.,The performance contributes to the achievement of the annual target.,Target exceeded,4,5,The target is demand driven. There were more applications received during quarter which led to the exceeded targets.,None.,,2,4,"The target is demand-driven. There were more applications received, which led to the exceeded targets.",None.,0,"1

","The target is demand-driven. There were more applications received, which led to the exceeded targets.",None.,"Progress is noted; however, the target was not due in Q4.",8,13,,,,,,40
Human Settlements,Human Settlements,Gauteng,Programme 3: Housing Development,Sub-programme 3.2: Financial Interventions,Quarterly,Number of households that received subsidies through FLISP (Finance Linked Individual Subsidy Programme),Standardized,Not  Applicable,"Priority 5: Spatial Integration, Human Settlements and Local Government",-,"The Social Protection, Community and Human Development cluster",10,10,None.,None.,Target not achieved ,10,0,"The indicator is demand driven. The applications that were expected for the Riverside project were not received.

**47 households received subsidies through FLISP in quarter 1. However, the performance was reported in quarter 2, due to the protracted processes ","None.

The target set for the financial year was surpassed, due to more applications having been received and processed for the first quarter. Including the first quarter performance, a total of 57 households received subsidies through FLISP year-to-date.

**47 households received subsidies through FLISP in the first quarter. However, the performance was reported in the second quarter, due to the protracted processes involved in the verification of the applications.",Target not achieved.,10,"7
","None.

The target set for the financial year was surpassed, due to more applications having been received and processed. Cumulatively, 64 households received subsidies through FLISP year-to-date.
",None.,0,"64

","The indicator is demand-driven, a higher number of applications than originally envisaged were received and processed.",None.,"Progress is noted; however, the target was not due in Q4.",30,81,,,,,,40
Human Settlements,Human Settlements,Gauteng,Programme 3: Housing Development,Sub-programme 3.3: Incremental Interventions,Annually,Number of hectares of land acquired for human settlements development,Non-Standardized,Not  Applicable,"Priority 5: Spatial Integration, Human Settlements and Local Government","Integrated Human Settlements, Basic Services and Land Release","The Economic Sectors, Employment and Infrastructure Development cluster",,,,,,,,,,,,,,,200ha,"522,4453ha
The following land parcels of the farm Uitvlugt 434 made up the acquired land's extent in hectares:

-Portion 109;
-Portion 110; and
-the remaining extent of Portion 1.

Target Achieved.",,,,200ha,"522,4453ha
The following land parcels of the farm Uitvlugt 434 made up the acquired land's extent in hectares:

-Portion 109;
-Portion 110; and
-the remaining extent of Portion 1.

Target Achieved.",,"The annual target surpassed in the previous quarters.
",None.,,,40
Human Settlements,Human Settlements,Gauteng,Programme 3: Housing Development,Sub-programme 3.3: Incremental Interventions,Annually,Number of informal settlements upgraded to phase 3 of the Upgrading of Informal Settlements Programme (UISP),Standardized,Not  Applicable,"Priority 5: Spatial Integration, Human Settlements and Local Government",-,"The Social Protection, Community and Human Development cluster",,,,,,,,,,,,,,,1,0,,,,1,0,,A delay occurred due to the appointed service provider taking longer to finalize the assigned scope of work.,The service provider was closely monitored through weekly meetings in an effort to expedite delivery. The unachieved target will be carried over to the next financial year,,,40
Human Settlements,Human Settlements,Gauteng,Programme 3: Housing Development,Sub-programme 3.3: Incremental Interventions,Quarterly,Municipal Engineering Services installed for walk-up units,Non-Standardized,Not  Applicable,"Priority 5: Spatial Integration, Human Settlements and Local Government","Integrated Human Settlements, Basic Services and Land Release","The Economic Sectors, Employment and Infrastructure Development cluster",1759,1780,The target for municipal engineering services installed for walk-up units was marginally exceeded. The contractor was ahead of the works during the 1st quarter. Some of the milestones were in progress at the end of the financial year. The reprioritization of funds was undertaken utilizing funds from underperforming projects.,None.,Target not achieved,1370,1860,The contractor was ahead of the works from the first quarter as some of the milestones were in progress at the end of the financial year. The reprioritization of funds was undertaken utilizing funds from underperforming projects.,None.,,1586,2 169,The contractor was ahead with the work as some of the milestones were in progress at the end of the previous financial year.  The reprioritization of funds was undertaken utilizing funds from underperforming projects.,None.,2206,"1 250
(HSDG 512 and 738 ISUPG)
","The targets were exceeded in previous quarters, resulting in less outstanding performance for Quarter 4 and the financial year, respectively.",None.,Target not achieved.,6921,2169,,,,,,40
Human Settlements,Human Settlements,Gauteng,Programme 3: Housing Development,Sub-programme 3.3: Incremental Interventions,Quarterly,Number of Breaking New Ground (BNG) houses delivered,Standardized,Not  Applicable,"Priority 5: Spatial Integration, Human Settlements and Local Government",-,"The Social Protection, Community and Human Development cluster",898,1125,"More units than envisioned were realized, as the Department achieved some of the planned performance earlier than anticipated in Impumelelo Ext. 4. The delivery from the Leeuwpoort project was achieved by the City of Ekurhuleni through funding by the roll over approval under the HSDG.",None.,Target achieved,2133,2528,"More units than envisioned were realized, as the Department achieved some of the planned performance earlier than anticipated in Impumelelo Ext. 4. The delivery from the Leeuwpoort project was achieved by the City of Ekurhuleni through funding by the roll over approval under the HSDG.

",None.,,1498,"1 596

","More units than anticipated were realized, as the department achieved some of the planned performance earlier than expected in Impumelelo Ext. 4 and Obed Mthombeni projects.",None.,1385,"2 001

",The target was exceeded to cover the shortfall experienced in previous quarters and to realign cumulative performance with the annual target.,None.,,5914,7250,,,,,,40
Human Settlements,Human Settlements,Gauteng,Programme 3: Housing Development,Sub-programme 3.3: Incremental Interventions,Quarterly,Number of serviced sites delivered,Standardized,Not  Applicable,"Priority 5: Spatial Integration, Human Settlements and Local Government",-,"The Social Protection, Community and Human Development cluster",200,0,"Due to inadequate bulk infrastructure capacity, the stands that were intended to be serviced in Tsakane Ext. 23 (formerly Ext.22) are being reappropriated to Clayville.","Planning work is underway in the City of Ekurhuleni (CoT) for the commissioning of the Masechaba Reservoir, which the CoT indicated will be completed by end of September 2024. The missed target will be achieved in the 3rd quarter of the current FY.",Target not achieved,33,115,"The overachievement was an attempt to address the first quarter shortfall, while also addressing the second quarter targets and catch up on the annual targets. ",The Department is on track to achieve the annual target by the third quarter of the financial year. ,,0,None.,None.,None.,0,"359

","More sites than anticipated were serviced, as the reprioritization of funds was undertaken utilizing funds from underperforming projects.",None.,"Progress is noted; however, the target was not due in Q4.",233,474,,,,,,40
Human Settlements,Human Settlements,Gauteng,Programme 3: Housing Development,Sub-programme 3.6: RAPID LAND RELEASE PROGRAMME (RLRP)( 0 ),Quarterly,Percentage of serviced erven released to beneficiaries as per the RLRP,Non-Standardized,Not  Applicable,"Priority 5: Spatial Integration, Human Settlements and Local Government","Integrated Human Settlements, Basic Services and Land Release","The Economic Sectors, Employment and Infrastructure Development cluster",None.,None as it is new indicator added on revised APP.,None as it is new indicator added on revised APP.,None as it is new indicator added on revised APP.,,None.,,,,,100%,"17,86%","The beneficiaries were declined on HSS due to them not meeting various required criteria. Some beneficiaries failed to show up during allocations.

**102 serviced erven were released in the second quarter. These were not reported as collation of conclusive data was still in progress.",The department is in the process of reviewing the relevant policy to deal with allocation challenges. The performance is expected to improve in the 4th quarter,100%,"25%
","Amongst other challenges, the Department continued to experience low beneficiary turnout on allocation days due to missing beneficiaries and allocation notifications that failed to reach some targeted beneficiaries.",The Department initiated radio campaigns and collaborated with municipalities to announce allocation dates in an effort to improve applicant turnout,Target not achieved.,100%,-,,,,,,40
Human Settlements,Human Settlements,Gauteng,Programme 3: Housing Development,Sub-programme 3.6: RAPID LAND RELEASE PROGRAMME (RLRP)( 0 ),Quarterly,Percentage of serviced erven released to beneficiaries as per the RLRP Other,Non-Standardized,Not  Applicable,"Priority 5: Spatial Integration, Human Settlements and Local Government","Integrated Human Settlements, Basic Services and Land Release","The Economic Sectors, Employment and Infrastructure Development cluster",0 %,0 %,None.,None.,N/A,0 %,0 %,None.,None.,,0 %,,,,40 %,The indicator was removed on revised APP. %,None.,None.,Was the indicator not removed from the revised APP?,40 %,0 %,,,,,,40
Human Settlements,Human Settlements,Gauteng,Programme 3: Housing Development,Sub-programme 3.6: RAPID LAND RELEASE PROGRAMME (RLRP)( 0 ),Quarterly,Percentage of serviced erven released to beneficiaries as per the RLRP Youth,Non-Standardized,Not  Applicable,"Priority 5: Spatial Integration, Human Settlements and Local Government","Integrated Human Settlements, Basic Services and Land Release","The Economic Sectors, Employment and Infrastructure Development cluster",0 %,0 %,None.,None.,N/A,0 %,0 %,None.,None.,,0 %,,,,60 %,The indicator was removed on revised APP. %,None.,None.,,60 %,0 %,,,,,,40
Human Settlements,Human Settlements,Gauteng,Programme 3: Housing Development,Sub-programme 3.7: Hostel Redevelopment,Annually,Number of detailed designs of alternative energy solu-tions completed for the Inner-City Hostels,Non-Standardized,Not  Applicable,"Priority 5: Spatial Integration, Human Settlements and Local Government","Integrated Human Settlements, Basic Services and Land Release","The Economic Sectors, Employment and Infrastructure Development cluster",,,,,,4,4,,,,,,,,,,,,,4,4,,None.,None.,,,40
Human Settlements,Human Settlements,Gauteng,Programme 3: Housing Development,Sub-programme 3.7: Hostel Redevelopment,Quarterly,Number of hostels provided with routine maintenance,Non-Standardized,Not  Applicable,"Priority 5: Spatial Integration, Human Settlements and Local Government","Integrated Human Settlements, Basic Services and Land Release","The Economic Sectors, Employment and Infrastructure Development cluster",6,6,None.,None.,"Target achieved, department to into measurability of this indicator during adjustments  ",6,6,None.,None.,Target achieved.,6,"6 

",None.,None.,6,"6 

Target Achieved.",None.,None.,Target achieved.,6,6,,,,,,40
Human Settlements,Human Settlements,Gauteng,Programme 3: Housing Development,Sub-programme 3.8: Urban Renewal Programme (URP),Quarterly,Number of project milestones completed within the Sewer Network Upgrade under the Bekkersdal URP,Non-Standardized,Not  Applicable,"Priority 5: Spatial Integration, Human Settlements and Local Government","Integrated Human Settlements, Basic Services and Land Release","The Economic Sectors, Employment and Infrastructure Development cluster","3:
3km Earthworks (Pipe trenches, bed-ding, and finishing).
3km pipe installation for sewer and water and roads re-in-statement.
Water connection to 0 households.","3,29km Earthworks (Pipe trenches, bedding, and finishing).
3,29km pipe installation for sewer and 3,12km water and 0km roads re-instatement.
Water connection to 0 households.
Target Partially Achieved.",Delayed resumption of roads re-instatement work by contractor due to work stoppages on site.,Contractor resumed with the roads re-instatement early July 2024. Performance will be realized in the 2nd Quarter.,Target achieved,"3:
3km Earthworks (Pipe trenches, bedding, and finishing).
3km pipe installation for sewer and water and roads re-instatement.
Water connection to 0 households.","Earthworks (Pipe trenches, bedding, and finishing -4,12 Km.

Pipe installation 
for water – 4,12 Km. 

Pipe installation for sewer – 4,12 Km. 


Road’s re-instatement – 0,83 Km.

Water connection – 403 households.
Sewer connection –241 households","The delayed resumption of roads re-instatement was due to work stoppages on site, by subcontractors requesting the main contractor to increase the subcontractor rates.
The sewer and water connections were undertaken early to avoid the reopening of the trenches. The work was completed within the allocated budget for the project.
","Intervention was sought through the engagement of the Randwest Member of the Mayoral Committee (MMC) and the Project Steering Committee (PSC).  The work on site resumed early October 2024.
Missed targets will be realized in the 3rd quarter.
",Target not achieved.,"3:
3km Earthworks (Pipe trenches, bedding, and finishing).
3km pipe installation for sewer and water and roads re-instatement.
Water connection to 450 households.","Earthworks (Pipe trenches, bedding, and finishing -3,39 Km.

Pipe installation for water – 3,39 Km. 

Pipe installation for sewer – 3,13 Km. 
Road re-instatement – 0,57 Km.

Water connection – 208 households.


","The delayed resumption of road re-instatement was due to work stoppages on site, by subcontractors requesting the main contractor to increase the subcontractor rates.
The sewer and water connections were undertaken early to avoid the reopening of the trenches. 
The work was completed within the allocated budget for the project.
","Intervention was sought through the engagement of the Randwest Member of the Mayoral Committee (MMC) and the Project Steering Committee (PSC).  The work on site resumed during the second quarter, 2024.
The missed targets will be realized in the 4th quarter
","3:
3km Earthworks (Pipe trenches, bedding, and finishing).
3km pipe installation for sewer and water and roads re-instatement.
Water connection to 450 households.","
3.40 km Earthworks (Pipe trenches, bedding, and finishing).
3.56 km pipe installation for sewer 3.47 km pipe installation for water
10,70 km roads re-instatement.
Water connection to 497 households.
Target Achieved","The target was exceeded to address prior shortfalls, working towards the attainment of the annual target.
The project is a multi-year project, and its scope extends beyond the current financial year.",None.,,"3:
12km Earthworks (Pipe trenches, bedding, and finishing).
12km pipe installa-tion for sewer and water and roads re-instatement.
Water connection to 900 households.",-,,,,,,40
Human Settlements,Human Settlements,Gauteng,Programme 3: Housing Development,Sub-programme 3.9: UPGRADING OF INFORMAL SETTLEMENTS PROGRAMME (UISP),Annually,Number of households in informal settlements relocated to completed units in Mega Projects,Non-Standardized,Not  Applicable,"Priority 5: Spatial Integration, Human Settlements and Local Government","Integrated Human Settlements, Basic Services and Land Release","The Economic Sectors, Employment and Infrastructure Development cluster",,,,,,,,,,,,,,,250,93,,,,250,93,,The Department realised some targets contributing to the Quarter 4 performance ahead of schedule,None.,,,40
Human Settlements,Human Settlements,Gauteng,Programme 3: Housing Development,Sub-programme 3.9: UPGRADING OF INFORMAL SETTLEMENTS PROGRAMME (UISP),Annually,Number of informal settle-ments upgraded to phase 3 of the Upgrading of Informal Settlements Programme (UISP),Non-Standardized,Not  Applicable,"Priority 5: Spatial Integration, Human Settlements and Local Government","Integrated Human Settlements, Basic Services and Land Release","The Economic Sectors, Employment and Infrastructure Development cluster",,,,,,,,,,,,,,,1,0,,,,1,0,,A delay occurred due to the appointed service provider taking longer to finalize the assigned scope of work.,The service provider was closely monitored through weekly meetings in an effort to expedite delivery. The unachieved target will be carried over to the next financial year,,,40
Human Settlements,Human Settlements,Gauteng,Programme 3: Housing Development,Sub-programme 3.9: UPGRADING OF INFORMAL SETTLEMENTS PROGRAMME (UISP),Quarterly,Number of feasibility studies conducted for upgrading informal settlements),Non-Standardized,Not  Applicable,"Priority 5: Spatial Integration, Human Settlements and Local Government","Integrated Human Settlements, Basic Services and Land Release","The Economic Sectors, Employment and Infrastructure Development cluster",0,0,None.,None.,Q1 progress noted,0,0,None.,None.,,5,"9
",The efficient execution of the project by the PRT helped mitigate possible risks that might have led to delays.,None.,5,"1
","Only one study conducted in Quarter 4, as the balance of the annual target was achieved in the previous quarter. ",None.,Target not achieved.,10,10,,,,,,40
Human Settlements,Human Settlements,Gauteng,Programme 3: Housing Development,Sub-programme 3.9: UPGRADING OF INFORMAL SETTLEMENTS PROGRAMME (UISP),Quarterly,Number of human settlements benefitted from temporary municipal engineering services.,Non-Standardized,Not  Applicable,"Priority 5: Spatial Integration, Human Settlements and Local Government","Integrated Human Settlements, Basic Services and Land Release","The Economic Sectors, Employment and Infrastructure Development cluster",0,0,None.,None.,Q1 progress noted,0,0,None.,None.,,7,"1
",Alternative Sanitation: Timely approval processes from local authorities for the Wayleave application required for Cape Gate and the Design approvals for Sebokeng Extension 20. Another contractor abandoned site. Alternative Energy: Delays in obtaining concession letters from the Merafong municipalities to give the go-ahead to commence with the work. Delays in signing the tripartite agreement by the Midvaal municipality.,"Regular progress meetings with the contractors and the relevant municipalities to identify and address bottlenecks.  The UISP team will engage with the local municipality to expedite the Wayleave approvals for Cape Gate through dedicated follow-up meetings with the contractor and municipality. Close monitoring of the contractor by the UISP team to ensure that submissions are made as per project plan. 

The challenge of outstanding concession letters from Merafong Local Municipality has been escalated. 
For Sebokeng Ext 20 under alternative energy - a meeting is scheduled between GDHS and DID to discuss a way forward on appointing a replacement contractor to resume work promptly.

A meeting is scheduled between the municipality, ward councillors and GDHS to address challenges in Honningklip Ptn 11.

The annual target will be met by the end of the fourth quarter. 
",2,"8
",The target was exceeded to offset the shortfall experienced in previous quarters and to realign cumulative performance with the annual target.,None.,,9,9,,,,,,40
Human Settlements,Human Settlements,Gauteng,Programme 3: Housing Development,Sub-programme 3.9: UPGRADING OF INFORMAL SETTLEMENTS PROGRAMME (UISP),Quarterly,Number of social compacts concluded with communities.,Non-Standardized,Not  Applicable,"Priority 5: Spatial Integration, Human Settlements and Local Government","Integrated Human Settlements, Basic Services and Land Release","The Economic Sectors, Employment and Infrastructure Development cluster",0,0,None.,None.,Q1 progress noted,3,5,The surpassed target on the conclusion of social compacts was made possible by the cooperation received from the municipalities and communities. ,None.,,7,"3
",Poor performance by the PRT resulted in the delayed conclusion of the planned social compacts.,"The Department continuously monitors the performance of the PRTS. Further engagements will be held with the PRTs to review their performance and obtain their commitment to achieve the set targets.
The target will be achieved by the 4th quarter.
",5,"7
",The target was exceeded to address the shortfall from the previous quarters.,None.,,15,15,,,,,,40
Human Settlements,Human Settlements,Gauteng,Programme 4: Housing Asset Management ,Sub-programme 4.2: Sale and transfer of Housing Properties,Quarterly,Number of housing ownership disputes resolved in respect of pre-1994 title deeds backlog,Non-Standardized,Not  Applicable,"Priority 5: Spatial Integration, Human Settlements and Local Government","Integrated Human Settlements, Basic Services and Land Release","The Economic Sectors, Employment and Infrastructure Development cluster",15,12,Postponements of adjudication cases due to various reasons e.g. case postponed allowing the Department and claimant to obtain the copy of the notice of motion from their attorneys.,"Put in place strict measures to adhere to set court dates. Only allow limited postponements (no more than two) for valid reasons.

The Department will make effort to fast track the implementation of the missed targets during the 2nd quarter.
",Target not achieved ,23,14,"The service provider contract 
was delayed due to the 
transition from the past 
administration to the 7th
administration and scheduled 
cases had to be postponed until finalization of re-appointments 
by the MEC and signing of new 
contracts.

**1 housing ownership dispute 
from the previous quarter was 
reported in the second quarter
and therefore not recorded.","Reappointment by MEC 
and signing of contracts 
have been finalized.
40 cases are ready for 
scheduling up to January 2025, 
judgements will be 
issued between the 
third and the fourth 
quarter.
Considering the number 
of cases available for 
scheduling, the annual 
target will be achieved 
in the fourth quarter.
",Target not achieved.,11,"15

",The target was exceeded to address the shortfall from the previous quarters.,"Considering the number of cases available for scheduling, the annual target will be achieved in the fourth quarter.",11,"17

",The target was exceeded to compensate for underperformance in previous quarters and to realign cumulative performance with annual targets.,None.,,60,17,,,,,,40
Human Settlements,Human Settlements,Gauteng,Programme 4: Housing Asset Management ,Sub-programme 4.2: Sale and transfer of Housing Properties,Quarterly,Number of New title deeds registered,Standardized,Not  Applicable,"Priority 5: Spatial Integration, Human Settlements and Local Government",-,"The Social Protection, Community and Human Development cluster",10,0,"The payment of title deeds for walk-up units requires the variation order to be approved as the subsidy quantum is not enough to cover the sectional title registration.
**514 title deed registrations from the previous FY were reported but were not recorded.","A follow up will be made on the approval of the variation order.
Once the variation is approved, the Developer will continue with registration of title deeds. The missed targets will be achieved during the 2nd quarter.",Target not achieved ,10,0,"None. 

The combined targets for the 
first two quarters were
achieved earlier than envisaged.
Therefore, the Department is 
on track with the 
implementation of targets for 
the indicator.
**A total of 1024 new title 
deeds registered in the first 
quarter were reported in the 
second quarter.
**573 from the previous 
financial year, reported in the 
second quarter.",None.,Target not achieved.,250,"5 

","The targets for the financial year were achieved earlier than envisaged.  The Department is on track with the implementation of targets for the indicator. 
**211 new title deeds registrations were achieved in the previous quarter and reported in the third quarter.
","Despite not having attained the third quarter target, a total of 1 240 new title deeds have been realized over the three quarters. The department is therefore on track in terms of realising the targets",577,"0

","The Quarter 4 target was not realised, as the annual target had already been achieved in the preceding quarters.
The Department addressed title deeds backlog, through approval of the sectionalisation rates, which had been outstanding.
**A total of 1 637 title deeds registered in previous quarters were not reported due to late submission by conveyancers.","The approval of the sectionalisation rates has unlocked the delays in the registration of title deeds, which would also positively impact future delivery.",Target not achieved.,847,5,,,,,,40
Human Settlements,Human Settlements,Gauteng,Programme 4: Housing Asset Management ,Sub-programme 4.2: Sale and transfer of Housing Properties,Quarterly,Number of Post- 2014 title deeds registered,Standardized,Not  Applicable,"Priority 5: Spatial Integration, Human Settlements and Local Government",-,"The Social Protection, Community and Human Development cluster",20,952,"The over delivery is due to completion of work started in 2023/24 FY earlier than envisaged at Affrivillage.
**Additionally, 2 title deed registrations from the previous FY were reported but were not recorded.
",None.,Target exceeded,1072,0," None.

The combined targets for the first two quarters were
achieved earlier than envisaged. 
A total of 1 101 post-2014 title 
deeds were realised.
Therefore, the Department is 
on track with the 
implementation of targets for 
the indicator.
**149 title deeds registrations 
achieved in the previous 
quarter, were not recorded.
These were received late from 
the conveyancer.

",None.,Target not achieved.,993,"0

",Dan Tloome: A dispute in the municipal water and electrical bill resulted in the delay in the finalization of the rates clearance certificate which is required before lodging of title deeds.,"The developer has submitted a letter to the municipality responding to the bill the municipality sent; however, the municipality has not responded to the developer. A follow up meeting was suggested between the developer and the municipality to resolve the issue. ",0,"0

","Dan Tloome: A dispute over the municipal water and electricity bill led to a delay in finalizing the rates clearance certificate, which is a prerequisite for lodging the title deeds.","The developer submitted correspondence to the municipality responding to the bill received from the municipality, however, the municipality did not respond to the developer. A follow-up meeting was suggested between the developer and the municipality to resolve the issue.",Target not achieved.,2085,952,,,,,,40
Human Settlements,Human Settlements,Gauteng,Programme 4: Housing Asset Management ,Sub-programme 4.2: Sale and transfer of Housing Properties,Quarterly,Number of Post-1994 title deeds registered,Standardized,Not  Applicable,"Priority 5: Spatial Integration, Human Settlements and Local Government",-,"The Social Protection, Community and Human Development cluster",500,173,"The CoE has imposed a caveat on pre - and post - 1994 transfers, which prevents transfers prior approval by the municipality and in turn delays the process of finalizing title deeds registrations.
Long turnaround time for issuance of Section 118 Certificate, especially at Emfuleni Local Municipality due to appointment of new management in the section.
CoJ matters rejected at lodgment phase due to misaligned details on the subdivisional diagram.
**Additionally, 2 title deed registrations from the previous FY were reported but were not recorded.","The Department has requested the CoE to issue upliftment letters permitting the Deeds office to go ahead with the transfers.
2563 powers of attorney have been sent to the municipalities (Emfuleni, CoE and CoT) for municipal approval. After which the Department will apply for rates clearance from the relevant municipalities and then lodge at the deeds office.
Engagement between GDHuS, COJ and Deeds / SG Offices.
The Department will fast- track the implementation of the missed targets during the 2nd quarter.",Target not achieved ,3138,807,"The COE imposed a caveat on 
pre- and post-1994 transfers, 
which prevented transfers prior 
to approval by the municipality 
and in turn delayed the process 
of finalizing title deeds 
registrations.
Furthermore, COE submitted to 
the Joburg Deeds Office a 
wrong sequence of names of 
one signatory, resulting in the 
rejection of the lodged draft 
deeds. 
Delays were experienced in the 
issuance of the POAs and the
issuance of Section 118 (rates 
clearance certificates) by some municipalities e.g. COJ, COE 
and Emfuleni.
Inadequate capacity to attend 
to submitted POAs and follow
up on the outstanding section 
118 certificates in the COE.
**Additionally, 231 first quarter
title deed registrations were 
received late from the 
conveyancer and were therefore
not recorded. 
**385 from the previous 
financial year, reported in the 
second quarter.","The Department has 
requested the COE to 
issue upliftment letters 
permitting the Deeds 
Office to go ahead with 
the transfers.
The sequence of names 
of the one signatory has 
now been ratified with 
the Deeds Registry.
POAs have been
submitted to 
municipalities (CoJ, CoE 
and Emfuleni) for 
signing of POAs.
A GDHS official has 
been seconded to COE to assist with submitted 
drafts where there is 
outstanding POAs and 
issuance of rates 
clearance certificates.
Taking into account the 
registrations in 
progress, the expected 
delivery for the third
quarter is 1862. This 
will partially cover the 
shortfall from the first 
two quarters. The 
remainder of the 
missed targets will be 
achieved by the fourth 
quarter.",Target not achieved.,1659,"1 022

","The COE imposed a caveat on pre- and post-1994 transfers, which prevented transfers prior to approval by the municipality and in turn delayed the process of finalizing title deeds registrations. 
Furthermore, COE submitted to the Joburg Deeds Office a wrong sequence of names of one signatory, resulting in the rejection of the lodged draft deeds.  
Delays were experienced in the issuance of the POAs and the issuance of Section 118 (rates clearance certificates)by some municipalities e.g.  COJ, COE and Emfuleni.
Inadequate capacity to attend to submitted POAs and follow up on the outstanding section 118 certificates in the COE.
A total of 315 title deeds were attained in the second quarter and only reported in the third quarter.
**A total of 387 title deeds from the previous financial year were reported in the previous quarters.
 ","The Department has requested the COE to issue upliftment letters permitting the Deeds Office to go ahead with the transfers. 

The sequence of names of the one signatory has now been ratified with the Deeds Registry.

POAs have been submitted to municipalities (CoJ, CoE and Emfuleni) for signing of POAs.

The missed target to be attained during the 4th quarter.The Department has requested the COE to issue upliftment letters permitting the Deeds Office to go ahead with the transfers. 

The sequence of names of the one signatory has now been ratified with the Deeds Registry.

POAs have been submitted to municipalities (CoJ, CoE and Emfuleni) for signing of POAs.

The missed target to be attained during the 4th quarter.
A GDHS official has been seconded to COE to assist with submitted drafts where there is outstanding POAs and issuance of rates clearance certificates.

Whilst the targeted number for the third quarter was 1862, this proved impossible as transfer documents submitted to the municipalities are mostly not signed simultaneously, thus creating unnecessary delays. This number was meant to partially cover the shortfall from the previous quarters. 

The remainder of the missed targets will be achieved by the fourth quarter. 

",1550,"313 

","The COE imposed a caveat on pre- and post-1994 transfers, requiring municipal approval before transfers could proceed, which resulted in delays in finalizing title deed registrations.
Delays were encountered in the issuance of Powers of Attorney (POAs) and Section 118 Certificates (rates clearance certificates) by several municipalities, including the City of Johannesburg (COJ), City of Ekurhuleni (COE), and Emfuleni.
The COE submitted an incorrect sequence of names for one signatory to the Joburg Deeds Office, which led to the rejection of the lodged draft deeds.

There was insufficient capacity within the COE to effectively manage the submitted POAs and follow up on the outstanding section 118 certificates in the COE","The Department requested that the COE issue upliftment letters to authorize the Deeds Office to proceed with the transfers. The status quo remains, the Department is continuously engaging the COE to matter.

The matter was escalated to the executive management
in the municipalities through IGR.

The issue of the sequence of names for the signatory in question was resolved, however, registrations can only be effected upon the upliftment of the caveat by COE.


A GDHS official was seconded to the COE to assist in processing submitted draft deeds, particularly those with outstanding POAs and pending rates clearance certificates.
",Target not achieved.,6847,2315,,,,,,40
Human Settlements,Human Settlements,Gauteng,Programme 4: Housing Asset Management ,Sub-programme 4.2: Sale and transfer of Housing Properties,Quarterly,Number of Pre-1994 title deeds registered,Standardized,Not  Applicable,"Priority 5: Spatial Integration, Human Settlements and Local Government",-,"The Social Protection, Community and Human Development cluster",100,12,"The CoT imposed a caveat on pre - and post - 1994 transfers, which prevents transfers prior approval by the municipality and in turn delays the process of finalizing title deeds registrations.
Delays in the signing of Section 118 (Rates clearance certificates) by some municipalities e.g. Mogale City.
**Additionally, 5 title deed registrations from the previous FY were reported but were not recorded.","The Department has requested the City of Tshwane (CoT) to issue upliftment letters permitting the Deeds office to go ahead with the transfers.
Part of the recovery includes 30 matters (City of Joburg (CoJ), (CoT) and Mogale City) that have been lodged and 262 powers of attorney that have been submitted to municipalities (CoT, CoJ,
CoE and Emfuleni) for signing.
The Department will fast- track the implementation of the missed targets during the 2nd quarter.",Target not achieved ,250,39,"
The City of Ekurhuleni (COE)
imposed a caveat on pre - and 
post-1994 transfers, which 
prevented transfers prior to 
approval by the municipality 
and in turn delayed the process 
of finalizing title deeds 
registrations.
Furthermore, COE submitted to 
the Joburg Deeds Office a 
wrong sequence of names of 
one signatory, resulting in the 
rejection of the lodged draft 
deeds. Delays were experienced in the 
issuance of the Powers of 
Attorney (POAs) and the
issuance of Section 118 (Rates 
clearance certificates) by some 
municipalities e.g. City of 
Johannesburg (COJ), COE and 
Emfuleni.
Inadequate capacity to attend 
to submitted POAs and follow
up on the outstanding section 
118 certificates in the COE.

**37 title deeds registrations for the first 
quarter, reported in the second quarter. 

**5 title deeds registrations 
from the PFY, received in the 
second quarter.
","The Department has 
requested the COE to 
issue upliftment letters 
permitting the Deeds 
Office to go ahead with 
the transfers.
The sequence of names 
of the one signatory has 
now been ratified with 
the Deeds Registry.
POAs have been
submitted to 
municipalities (CoJ, CoE 
and Emfuleni) for 
signing of the POAs. A GDHS official has 
been seconded to COE 
to assist with submitted 
drafts where there are
outstanding POAs and 
issuance of rates 
clearance certificates.
The expected delivery 
in the third quarter is 
208. The expected 
delivery will partially 
cover targets lost in the first two quarters. The remaining targets will be addressed in the fourth quarter.
 ",Target not achieved.,135,"38

","The City of Ekurhuleni (COE) imposed a caveat on pre - and post-1994 transfers, which prevented transfers before approval by the municipality and in turn delayed the process of finalizing title deeds registrations. 
Delays were experienced in the issuance of the Powers of Attorney (POAs) and the issuance of Section 118 (Rates clearance certificates) by some municipalities e.g.  City of ohannesburg (COJ), COE and Emfuleni.
Inadequate capacity to attend to submitted POAs and follow up on the outstanding section 118 certificates in the COE.
1 registration was attained during the second quarter and only reported in the third quarter.
**A total of 10 title deeds registrations from the PFY were received in the previous quarters.
","The Department has requested the COE to issue upliftment letters permitting the Deeds Office to go ahead with the transfers. 

POAs have been submitted to municipalities (CoJ, CoE and Emfuleni) for signing of the POAs.
A GDHS official has been seconded to COE to assist with submitted drafts where there are outstanding POAs and issuance of rates clearance certificates.

Although the expected delivery in the third quarter was 208 (which would) partially cover targets lost in the first two quarters, the outstanding transfer documents are mostly not signed simultaneously thus causing unnecessary delays). The remaining targets will be addressed in the fourth quarter.
",52,"38

","The COE imposed a caveat on pre- and post-1994 transfers, requiring municipal approval before transfers could proceed, which resulted in delays in finalizing title deed registrations.
Delays were encountered in the issuance of Powers of Attorney (POAs) and Section 118 Certificates (rates clearance certificates) by several municipalities, including the City of Johannesburg (COJ), City of Ekurhuleni (COE), Emfuleni and Lesedi.
The COE submitted an incorrect sequence of names for one signatory to the Joburg Deeds Office, which led to the rejection of the lodged draft deeds.
There was insufficient capacity within the COE to effectively manage the submitted POAs and issuance of section 118.
**A total of 39 registrations finalised in previous quarters were not reported due to late submission by the conveyancers.
**A total of 10 title deeds registrations from the previous financial year were not reported due to late submission by conveyancers.","

The Department requested that the COE issues upliftment letters to authorize the Deeds Office to proceed with the transfers. The status quo remains, the Department is continuously engaging the COE to matter.
The matter was escalated to the executive management in the municipalities through IGR.
The issue of the sequence of names for the signatory in question was resolved, however, registrations can only be effected upon the upliftment of the caveat by COE.
A GDHS official was seconded to the COE to assist in processing submitted draft deeds, particularly those with outstanding POAs and pending rates clearance certificates.
",Target not achieved.,537,127,,,,,,40
Human Settlements,Human Settlements,Gauteng,Programme 4: Housing Asset Management ,Sub-programme 4.2: Sale and transfer of Housing Properties,Quarterly,Percentage of residential rental housing disputes resolved by the Rental Housing Tribunal,Non-Standardized,Not  Applicable,"Priority 5: Spatial Integration, Human Settlements and Local Government","Integrated Human Settlements, Basic Services and Land Release","The Economic Sectors, Employment and Infrastructure Development cluster",70% of received cases,74.18,"The target is demand driven, more cases than anticipated were received. The department strives to address all the received cases within the shortest time possible to avoid backlog.",None.,Target exceeded,70% of received cases,"27,11%","Due to the high volume of cases 
received, the Department could 
not set down all of them for 
hearings within the reporting 
period.
**During the final validation 
and review of performance, the 
reported first quarter
performance was corrected, and 
this resulted in a reduction of 
performance for the previous
quarter.","In an endeavour to 
address the first 
quarter deficit, 188 
(23,23%) of the cases 
opened in the first 
quarter were closed 
during the period under 
review.
The cases that have not 
been concluded will be
finalized in the third 
quarter.
",Target not achieved.,50% ,"54.52 %

(Out of 2 377 cases opened, 1 296 cases were closed YTD).","The team working on rental housing dispute cases was regrouped to deal with the increased number of cases, thereby increasing efficiencies.",None,70% ,75.9%,The target was exceeded due to the Department having received higher-than-anticipated case volumes.,"The Department scheduled more cases in response to increased case volumes, resulting in enhanced operational efficiencies.",,70% ,-,,,,,,40
Human Settlements,Human Settlements,Gauteng,Programme 4: Housing Asset Management ,Sub-programme 4.3: Devolution of Housing Properties ,Quarterly,Default,Not Applicable,Not  Applicable,Not Applicable,-,Not Applicable,,,,,,,,,,,,,,,,,,,,,,,,,,,40
