Sector,Institution,Programme,SubProgramme,Location,Frequency,Indicator,Type,SubType,Outcome,Priority,Cluster,Target_Q1,ActualOutput_Q1,Target_Q2,ActualOutput_Q2,Target_Q3,ActualOutput_Q3,Target_Q4,ActualOutput_Q4,AnnualTarget_Summary2,Preliminary_Summary2,PrelimaryAudited_Summary2,ReasonforDeviation_Summary,CorrectiveAction_Summary,ValidatedAudited_Summary2,ReasonforDeviation_Q1,CorrectiveAction_Q1,ReasonforDeviation_Q2,CorrectiveAction_Q2,ReasonforDeviation_Q3,CorrectiveAction_Q3,ReasonforDeviation_Q4,CorrectiveAction_Q4,UID
,North West: Office of the Premier,North West,Programme 1: Administration,- Sub Programme 1.1: Premier Support,Annually,Default,Non-Standardized,Not  Applicable,"An efficient, effective and development-oriented public service",-,Governance and Administration cluster,,,,,,,,,,,,,,,,,,,,,,,73
,North West: Office of the Premier,North West,Programme 1: Administration,- Sub Programme 1.1: Premier Support,Annually,Number of performance agreements signed by Members of Executive Council,Non-Standardized,Not  Applicable,"Priority 1: A Capable, Ethical and Developmental State",Eradication of Corruption,"Governance, State Capacity and Institutional Development cluster",,,10,,,,,,10,,10,,,,,,,,,,,,73
,North West: Office of the Premier,North West,Programme 1: Administration,- Sub Programme 1.1: Premier Support,Annually,Number of Premier’s programmes coordinated ,Non-Standardized,Not  Applicable,"Priority 1: A Capable, Ethical and Developmental State",Job Creation,"Governance, State Capacity and Institutional Development cluster",,,,,,,2,,2,,2,,,,,,,,,,,,73
,North West: Office of the Premier,North West,Programme 1: Administration,- Sub Programme 1.1: Premier Support,Quarterly,Default,Non-Standardized,Not  Applicable,"An efficient, effective and development-oriented public service",-,Governance and Administration cluster,,,,,,,,,,,,,,,,,,,,,,,73
,North West: Office of the Premier,North West,Programme 1: Administration,Corporate Management,Annually,Percentage of woman in SMS posts appointed,Non-Standardized,Not  Applicable,"Priority 1: A Capable, Ethical and Developmental State",Job Creation,"Governance, State Capacity and Institutional Development cluster",,,,,,,40%,40%,40%,40%,40%,,,,,,,,,,,,73
,North West: Office of the Premier,North West,Programme 1: Administration,Sub Programme 1.2: Executive Council Support,Annually,Default,Non-Standardized,Not  Applicable,"Priority 1: A Capable, Ethical and Developmental State",-,"Governance, State Capacity and Institutional Development cluster",,,,,,,,,,,,,,,,,,,,,,,73
,North West: Office of the Premier,North West,Programme 1: Administration,Sub Programme 1.2: Executive Council Support,Quarterly,Default,Non-Standardized,Not  Applicable,"Priority 1: A Capable, Ethical and Developmental State",-,"Governance, State Capacity and Institutional Development cluster",0,0,0,,0,,0,,0,0,0,,,,,,,,,,,,73
,North West: Office of the Premier,North West,Programme 1: Administration,Sub Programme 1.2: Executive Council Support,Quarterly,Number of resolutions on governance structures monitored ,Non-Standardized,Not  Applicable,"Priority 1: A Capable, Ethical and Developmental State",Job Creation,"Governance, State Capacity and Institutional Development cluster",1,1,1,1,1,1,1,1,4,4,4,,,,,,,,,,,,73
,North West: Office of the Premier,North West,Programme 1: Administration,Sub Programme 1.2: Executive Council Support,Quarterly,Number of Stakeholder activities Coordinated,Non-Standardized,Not  Applicable,"Priority 1: A Capable, Ethical and Developmental State",Job Creation,"Governance, State Capacity and Institutional Development cluster",1,1,1,1,1,1,1,1,4,4,4,,,,,,,,,,,,73
,North West: Office of the Premier,North West,Programme 1: Administration,Sub Programme 1.3: Director-General Support,Annually,Default,Non-Standardized,Not  Applicable,"Priority 1: A Capable, Ethical and Developmental State",-,"Governance, State Capacity and Institutional Development cluster",,,,,,,,,,,,,,,,,,,,,,,73
,North West: Office of the Premier,North West,Programme 1: Administration,Sub Programme 1.3: Director-General Support,Quarterly,Default,Non-Standardized,Not  Applicable,"Priority 1: A Capable, Ethical and Developmental State",-,"Governance, State Capacity and Institutional Development cluster",,,,,,,,,,,,,,,,,,,,,,,73
,North West: Office of the Premier,North West,Programme 1: Administration,Sub Programme 1.4: Financial Management,Annually,Default,Non-Standardized,Not  Applicable,"Priority 1: A Capable, Ethical and Developmental State",-,"Governance, State Capacity and Institutional Development cluster",,,,,,,,,,,0,,,,,,,,,,,,73
,North West: Office of the Premier,North West,Programme 1: Administration,Sub Programme 1.4: Financial Management,Annually,Percentage implementation of audit action plan ,Non-Standardized,Not  Applicable,"Priority 1: A Capable, Ethical and Developmental State",Eradication of Corruption,"Governance, State Capacity and Institutional Development cluster",,,,,,,100%,100%,100%,100%,100%,,,,,,,,,,,,73
,North West: Office of the Premier,North West,Programme 1: Administration,Sub Programme 1.4: Financial Management,Annually,Percentage on preferential procurement spent on enterprises that are owned by persons with disabilities ,Non-Standardized,Not  Applicable,"Priority 1: A Capable, Ethical and Developmental State",Eradication of Corruption,"Governance, State Capacity and Institutional Development cluster",,,,,,,3%,3%,3%,3%,3%,,,,,,,,,,,,73
,North West: Office of the Premier,North West,Programme 1: Administration,Sub Programme 1.4: Financial Management,Annually,Percentage on preferential procurement spent on enterprises that are owned by women,Non-Standardized,Not  Applicable,"Priority 1: A Capable, Ethical and Developmental State",Eradication of Corruption,"Governance, State Capacity and Institutional Development cluster",,,,,,,40%,40%,40%,40%,40%,,,,,,,,,,,,73
,North West: Office of the Premier,North West,Programme 1: Administration,Sub Programme 1.4: Financial Management,Annually,Percentage on preferential procurement spent on enterprises that are owned by youth,Non-Standardized,Not  Applicable,"Priority 1: A Capable, Ethical and Developmental State",Eradication of Corruption,"Governance, State Capacity and Institutional Development cluster",,,,,,,30%,30%,30%,30%,30%,,,,,,,,,,,,73
,North West: Office of the Premier,North West,Programme 1: Administration,Sub Programme 1.4: Financial Management,Annually,Unqualified audit opinion obtained  ,Non-Standardized,Not  Applicable,"Priority 1: A Capable, Ethical and Developmental State",Eradication of Corruption,"Governance, State Capacity and Institutional Development cluster",,,,,1,1,,,1,1,1,,,,,,,,,,,,73
,North West: Office of the Premier,North West,Programme 1: Administration,Sub Programme 1.4: Financial Management,Quarterly,Default,Non-Standardized,Not  Applicable,"Priority 1: A Capable, Ethical and Developmental State",-,"Governance, State Capacity and Institutional Development cluster",,,,,,,,,,,,,,,,,,,,,,,73
,North West: Office of the Premier,North West,Programme 1: Administration,Sub Programme 1.5: Programme Support : Administration,Annually,Default,Non-Standardized,Not  Applicable,"Priority 1: A Capable, Ethical and Developmental State",-,"Governance, State Capacity and Institutional Development cluster",,,,,,,,,,,,,,,,,,,,,,,73
,North West: Office of the Premier,North West,Programme 1: Administration,Sub Programme 1.5: Programme Support : Administration,Quarterly,Default,Non-Standardized,Not  Applicable,"Priority 1: A Capable, Ethical and Developmental State",-,"Governance, State Capacity and Institutional Development cluster",,,,,,,,,,,,,,,,,,,,,,,73
,North West: Office of the Premier,North West,Programme 2: Institutional Development,Ikatisong School of Governance,Quarterly,Number of Provincial Skills Development Partnerships coordinated,Non-Standardized,Not  Applicable,"Priority 1: A Capable, Ethical and Developmental State",Job Creation,"Governance, State Capacity and Institutional Development cluster",1,1,1,1,1,1,1,1,4,4,4,,,,,,,,,,,,73
,North West: Office of the Premier,North West,Programme 2: Institutional Development,Integrity Management ,Annually,Assessed  conducted on compliance to financial disclosure ,Non-Standardized,Not  Applicable,"Priority 1: A Capable, Ethical and Developmental State",Eradication of Corruption,"Governance, State Capacity and Institutional Development cluster",,,,,1,,,,1,,1,,,,,,,,,,,,73
,North West: Office of the Premier,North West,Programme 2: Institutional Development,Integrity Management  ,Quarterly,Number of Provincial Departments investigations concluded.,Non-Standardized,Not  Applicable,"Priority 1: A Capable, Ethical and Developmental State",Eradication of Corruption,"Governance, State Capacity and Institutional Development cluster",1,12,1,1,1,1,1,1,4,15,4,,,,,,,,,,,,73
,North West: Office of the Premier,North West,Programme 2: Institutional Development,Integrity Management  ,Quarterly,Number of provincial departments monitored in compliance to minimum Information Security standards,Non-Standardized,Not  Applicable,"Priority 1: A Capable, Ethical and Developmental State",Eradication of Corruption,"Governance, State Capacity and Institutional Development cluster",12,12,12,12,12,12,12,12,12,12,12,,,,,,,,,,,,73
,North West: Office of the Premier,North West,Programme 2: Institutional Development,Integrity Management  ,Quarterly,Number of provincial departments monitored in compliance to minimum physical Security standards,Non-Standardized,Not  Applicable,"Priority 1: A Capable, Ethical and Developmental State",Eradication of Corruption,"Governance, State Capacity and Institutional Development cluster",12,12,12,12,12,12,12,12,12,12,12,,,,,,,,,,,,73
,North West: Office of the Premier,North West,Programme 2: Institutional Development,Sub Programme 2.1: Strategic Human Resources,Annually,Default,Non-Standardized,Not  Applicable,"Priority 1: A Capable, Ethical and Developmental State",-,"Governance, State Capacity and Institutional Development cluster",,,,,,,,,,,,,,,,,,,,,,,73
,North West: Office of the Premier,North West,Programme 2: Institutional Development,Sub Programme 2.1: Strategic Human Resources,Quarterly,Default,Non-Standardized,Not  Applicable,"Priority 1: A Capable, Ethical and Developmental State",-,"Governance, State Capacity and Institutional Development cluster",0,0,0,,0,,0,,0,0,0,,,,,,,,,,,,73
,North West: Office of the Premier,North West,Programme 2: Institutional Development,Sub Programme 2.1: Strategic Human Resources,Quarterly,Number of provincial departments monitored in compliance to applicable occupational health and safety standards,Non-Standardized,Not  Applicable,"Priority 1: A Capable, Ethical and Developmental State",Eradication of Corruption,"Governance, State Capacity and Institutional Development cluster",12,12,12,,12,12,12,12,12,12,12,,,,,,,,,,,,73
,North West: Office of the Premier,North West,Programme 2: Institutional Development,Sub Programme 2.1: Strategic Human Resources,Quarterly,Number of provincial departments monitored to comply with 60 days threshold in precautionary suspension cases,Non-Standardized,Not  Applicable,"Priority 1: A Capable, Ethical and Developmental State",Eradication of Corruption,"Governance, State Capacity and Institutional Development cluster",12,12,12,,12,12,12,12,12,12,12,,,,,,,,,,,,73
,North West: Office of the Premier,North West,Programme 2: Institutional Development,Sub Programme 2.1: Strategic Human Resources,Quarterly,Number of provincial departments monitored to maintain a 10% vacancy rate,Non-Standardized,Not  Applicable,"Priority 1: A Capable, Ethical and Developmental State",Eradication of Corruption,"Governance, State Capacity and Institutional Development cluster",12,12,12,,12,12,12,,12,0,12,,,,,,,,,,,,73
,North West: Office of the Premier,North West,Programme 2: Institutional Development,Sub Programme 2.2: Information Communication Technology,Annually,Corporate Governance of ICT Policy Framework (CGICTPF) implementation by the Provincial Departments assessed.,Non-Standardized,Not  Applicable,"Priority 1: A Capable, Ethical and Developmental State",Job Creation,"Governance, State Capacity and Institutional Development cluster",,,,,,,1,1,1,1,1,,,,,,,,,,,,73
,North West: Office of the Premier,North West,Programme 2: Institutional Development,Sub Programme 2.2: Information Communication Technology,Annually,Default,Non-Standardized,Not  Applicable,"Priority 1: A Capable, Ethical and Developmental State",-,"Governance, State Capacity and Institutional Development cluster",,,,,,,,,,,0,,,,,,,,,,,,73
,North West: Office of the Premier,North West,Programme 2: Institutional Development,Sub Programme 2.2: Information Communication Technology,Annually,ICT Disaster Recovery Strategy for the North West Provincial departments developed.,Non-Standardized,Not  Applicable,"Priority 1: A Capable, Ethical and Developmental State",Job Creation,"Governance, State Capacity and Institutional Development cluster",,,,,,,1,1,1,1,1,,,,,,,,,,,,73
,North West: Office of the Premier,North West,Programme 2: Institutional Development,Sub Programme 2.2: Information Communication Technology,Annually,Number of  business process automated.,Non-Standardized,Not  Applicable,"Priority 1: A Capable, Ethical and Developmental State",Job Creation,"Governance, State Capacity and Institutional Development cluster",,,,,,,1,1,1,1,1,,,,,,,,,,,,73
,North West: Office of the Premier,North West,Programme 2: Institutional Development,Sub Programme 2.2: Information Communication Technology,Quarterly,Default,Non-Standardized,Not  Applicable,"Priority 1: A Capable, Ethical and Developmental State",-,"Governance, State Capacity and Institutional Development cluster",,,,,,,,,,,,,,,,,,,,,,,73
,North West: Office of the Premier,North West,Programme 2: Institutional Development,Sub Programme 2.3: Legal Services,Annually,Default,Non-Standardized,Not  Applicable,"Priority 1: A Capable, Ethical and Developmental State",-,"Governance, State Capacity and Institutional Development cluster",,,,,,,,,,,,,,,,,,,,,,,73
,North West: Office of the Premier,North West,Programme 2: Institutional Development,Sub Programme 2.3: Legal Services,Quarterly,Default,Non-Standardized,Not  Applicable,"Priority 1: A Capable, Ethical and Developmental State",-,"Governance, State Capacity and Institutional Development cluster",0,,0,,0,,0,,0,0,0,,,,,,,,,,,,73
,North West: Office of the Premier,North West,Programme 2: Institutional Development,Sub Programme 2.3: Legal Services,Quarterly,Number of assessments performed to analyse provincial Litigation spending,Non-Standardized,Not  Applicable,"Priority 1: A Capable, Ethical and Developmental State",Eradication of Corruption,"Governance, State Capacity and Institutional Development cluster",12,12,12,12,12,12,12,12,12,12,12,,,,,,,,,,,,73
,North West: Office of the Premier,North West,Programme 2: Institutional Development,Sub Programme 2.3: Legal Services,Quarterly,Number of Bills certified,Non-Standardized,Not  Applicable,"Priority 1: A Capable, Ethical and Developmental State",Job Creation,"Governance, State Capacity and Institutional Development cluster",1,0,1,1,1,5,1,2,4,8,8,"1. North  West Consumer Affairs Bill,2024 .
2.Northwest Gambling & Betting Amendment Act,2024. 
3. North  West Human Settlement Development Corporation Bill,2024.
4. North  West Adjustment Appropriation Bill,2024
",,,The request for certification of the North West  Hunting Regulation Bill of 2024 was received on the 28 June 2024,The Bill  should be managed and certified in the second quarter,,,"Due to high demand from departments , the office certified five bills over the quarter against one targeted bill Namely:1. North West Consumer Affairs Bill,2024 .2.North West Gambling & Betting Amendment Act,2024. 3.North West  Gambling & Betting Taxes Bill,2024. 4. North West Human Settlement Development Corporation Bill,2024. 5. North West Adjustment Appropriation Bill,2024 
",,"The over achievement was due to the following bills being certified.1.  North West Second Adjustment Appropriation Bill,2024.2. North West Appropriation Bill 2025.",,73
,North West: Office of the Premier,North West,Programme 2: Institutional Development,Sub Programme 2.4: Communication Services,Annually,Default,Non-Standardized,Not  Applicable,"Priority 1: A Capable, Ethical and Developmental State",-,"Governance, State Capacity and Institutional Development cluster",,,,,,,,,,,,,,,,,,,,,,,73
,North West: Office of the Premier,North West,Programme 2: Institutional Development,Sub Programme 2.4: Communication Services,Quarterly,Default,Non-Standardized,Not  Applicable,"Priority 1: A Capable, Ethical and Developmental State",-,"Governance, State Capacity and Institutional Development cluster",0,,0,,0,,0,,0,0,0,,,,,,,,,,,,73
,North West: Office of the Premier,North West,Programme 2: Institutional Development,Sub Programme 2.4: Communication Services,Quarterly,Number of Provincial Departments implementing the Provincial communication strategic framework monitored,Non-Standardized,Not  Applicable,"Priority 1: A Capable, Ethical and Developmental State",Job Creation,"Governance, State Capacity and Institutional Development cluster",12,12,12,12,12,12,12,12,12,12,12,,,,,,,,,,,,73
,North West: Office of the Premier,North West,Programme 2: Institutional Development,Sub Programme 2.5: Programme Support: Institutional Development,Annually,Default,Non-Standardized,Not  Applicable,"Priority 1: A Capable, Ethical and Developmental State",-,"Governance, State Capacity and Institutional Development cluster",,,,,,,,,,,,,,,,,,,,,,,73
,North West: Office of the Premier,North West,Programme 2: Institutional Development,Sub Programme 2.5: Programme Support: Institutional Development,Quarterly,Default,Non-Standardized,Not  Applicable,"Priority 1: A Capable, Ethical and Developmental State",-,"Governance, State Capacity and Institutional Development cluster",,,,,,,,,,,,,,,,,,,,,,,73
,North West: Office of the Premier,North West,"Programme 3: Planning, Performance, Monitoring and Intervention","Performance, Monitoring and Evaluation",Quarterly,Number of assessment conducted on the implementation of the approved research agenda,Non-Standardized,Not  Applicable,"Priority 1: A Capable, Ethical and Developmental State",Eradication of Corruption,"Governance, State Capacity and Institutional Development cluster",0,,1,1,0,,1,1,2,2,2,,,,,,,,,,,,73
,North West: Office of the Premier,North West,"Programme 3: Planning, Performance, Monitoring and Intervention","Performance, Monitoring and Evaluation",Quarterly,Number of assessments of departmental performance in line with Programme of Action (POA) conducted.,Non-Standardized,Not  Applicable,"Priority 1: A Capable, Ethical and Developmental State",Eradication of Corruption,"Governance, State Capacity and Institutional Development cluster",1,1,1,1,1,1,1,1,4,4,4,,,,,,,,,,,,73
,North West: Office of the Premier,North West,"Programme 3: Planning, Performance, Monitoring and Intervention","Performance, Monitoring and Evaluation",Quarterly,Number of Assessments of Departmental Performance in line with their Annual Performance conducted,Non-Standardized,Not  Applicable,"Priority 1: A Capable, Ethical and Developmental State",Eradication of Corruption,"Governance, State Capacity and Institutional Development cluster",1,1,1,1,1,1,1,1,4,4,4,,,,,,,,,,,,73
,North West: Office of the Premier,North West,"Programme 3: Planning, Performance, Monitoring and Intervention",Provincial Planning and Support,Annually,Number of assessments of APPs for alignment to Exco Planning Makgotla and SOPA,Non-Standardized,Not  Applicable,"Priority 1: A Capable, Ethical and Developmental State",Job Creation,"Governance, State Capacity and Institutional Development cluster",1,,,,,,,,1,,1,,,,,,,,,,,,73
,North West: Office of the Premier,North West,"Programme 3: Planning, Performance, Monitoring and Intervention",Provincial Planning and Support,Annually,Number of draft annual performance plans assessed for alignment to the Revised Planning Framework for Strategic  Plans and Annual Performance Plans,Non-Standardized,Not  Applicable,"Priority 1: A Capable, Ethical and Developmental State",Job Creation,"Governance, State Capacity and Institutional Development cluster",,,,,12,12,,,12,12,12,,,,,,,,,,,,73
,North West: Office of the Premier,North West,"Programme 3: Planning, Performance, Monitoring and Intervention",Provincial Planning and Support,Annually,Number of Integrated Planning Framework Guide Developed ,Non-Standardized,Not  Applicable,"Priority 1: A Capable, Ethical and Developmental State",Job Creation,"Governance, State Capacity and Institutional Development cluster",1,1,,,,,,,1,1,1,,,,,,,,,,,,73
,North West: Office of the Premier,North West,"Programme 3: Planning, Performance, Monitoring and Intervention","Service Delivery, Monitoring and Intervention ",Quarterly, Number of Public Participation  Programmes implemented,Non-Standardized,Not  Applicable,"Priority 1: A Capable, Ethical and Developmental State",Job Creation,"Governance, State Capacity and Institutional Development cluster",1,1,1,1,1,1,1,1,4,4,4,,,,,,,,,,,,73
,North West: Office of the Premier,North West,"Programme 3: Planning, Performance, Monitoring and Intervention","Service Delivery, Monitoring and Intervention ",Quarterly,Number of  service delivery outreach programmes  implemented,Non-Standardized,Not  Applicable,"Priority 1: A Capable, Ethical and Developmental State",Job Creation,"Governance, State Capacity and Institutional Development cluster",4,4,4,4,4,4,4,4,16,16,16,,,,,,,,,,,,73
,North West: Office of the Premier,North West,"Programme 3: Planning, Performance, Monitoring and Intervention","Service Delivery, Monitoring and Intervention ",Quarterly,Number of AIDS Councils functionality assessments conducted ,Non-Standardized,Not  Applicable,"Priority 1: A Capable, Ethical and Developmental State",Job Creation,"Governance, State Capacity and Institutional Development cluster",1,1,1,1,1,1,1,1,4,4,4,,,,,,,,,,,,73
,North West: Office of the Premier,North West,"Programme 3: Planning, Performance, Monitoring and Intervention","Service Delivery, Monitoring and Intervention ",Quarterly,Number of moral regeneration programmes implemented ,Non-Standardized,Not  Applicable,"Priority 1: A Capable, Ethical and Developmental State",Job Creation,"Governance, State Capacity and Institutional Development cluster",1,1,1,1,1,1,1,1,4,4,4,,,,,,,,,,,,73
,North West: Office of the Premier,North West,"Programme 3: Planning, Performance, Monitoring and Intervention",Special Programmes,Quarterly,Number of assessments on the implementation of Provincial Women socio-economic empowerment Plan,Non-Standardized,Not  Applicable,"Priority 1: A Capable, Ethical and Developmental State",Job Creation,"Governance, State Capacity and Institutional Development cluster",1,1,1,1,1,1,1,1,4,4,4,,,,,,,,,,,,73
,North West: Office of the Premier,North West,"Programme 3: Planning, Performance, Monitoring and Intervention",Special Programmes,Quarterly,Number of assessments on the implementation of Provincial Youth Plan,Non-Standardized,Not  Applicable,"Priority 1: A Capable, Ethical and Developmental State",Job Creation,"Governance, State Capacity and Institutional Development cluster",1,1,1,1,1,1,1,1,4,4,4,,,,,,,,,,,,73
,North West: Office of the Premier,North West,"Programme 3: Planning, Performance, Monitoring and Intervention",Special Programmes,Quarterly,Number of assessments on the implementation of the Planned Military Veterans Services,Non-Standardized,Not  Applicable,"Priority 1: A Capable, Ethical and Developmental State",Job Creation,"Governance, State Capacity and Institutional Development cluster",1,1,1,1,1,1,1,1,4,4,4,,,,,,,,,,,,73
,North West: Office of the Premier,North West,"Programme 3: Planning, Performance, Monitoring and Intervention",Special Programmes,Quarterly,Number of assessments on the implementation of the Provincial Plan on Rights of Persons with Disabilities  ,Non-Standardized,Not  Applicable,"Priority 1: A Capable, Ethical and Developmental State",Job Creation,"Governance, State Capacity and Institutional Development cluster",1,1,1,1,1,1,1,1,4,4,4,,,,,,,,,,,,73
,North West: Office of the Premier,North West,"Programme 3: Planning, Performance, Monitoring and Intervention",Special Programmes,Quarterly,Number of assessments on the implementation of the Provincial Plan on the Rights of Older Persons  ,Non-Standardized,Not  Applicable,"Priority 1: A Capable, Ethical and Developmental State",Job Creation,"Governance, State Capacity and Institutional Development cluster",1,1,1,1,1,1,1,1,4,4,4,,,,,,,,,,,,73
,North West: Office of the Premier,North West,"Programme 3: Planning, Performance, Monitoring and Intervention",Special Programmes,Quarterly,Number of assessments on the implementation of the Provincial Plan on the Rights of the Child ,Non-Standardized,Not  Applicable,"Priority 1: A Capable, Ethical and Developmental State",Job Creation,"Governance, State Capacity and Institutional Development cluster",1,1,1,1,1,1,1,1,4,4,4,,,,,,,,,,,,73
,North West: Office of the Premier,North West,Programme 3: Policy and Governance ,Sub Programme 3.1: Special Programmes,Annually,Default,Non-Standardized,Not  Applicable,"Priority 1: A Capable, Ethical and Developmental State",-,"Governance, State Capacity and Institutional Development cluster",,,,,,,,,,,,,,,,,,,,,,,73
,North West: Office of the Premier,North West,Programme 3: Policy and Governance ,Sub Programme 3.1: Special Programmes,Quarterly,Default,Non-Standardized,Not  Applicable,"Priority 1: A Capable, Ethical and Developmental State",-,"Governance, State Capacity and Institutional Development cluster",,,,,,,,,,,,,,,,,,,,,,,73
,North West: Office of the Premier,North West,Programme 3: Policy and Governance ,Sub Programme 3.2: Intergovernmental Relations,Annually,Default,Non-Standardized,Not  Applicable,"Priority 1: A Capable, Ethical and Developmental State",-,"Governance, State Capacity and Institutional Development cluster",,,,,,,,,,,,,,,,,,,,,,,73
,North West: Office of the Premier,North West,Programme 3: Policy and Governance ,Sub Programme 3.2: Intergovernmental Relations,Quarterly,Default,Non-Standardized,Not  Applicable,"Priority 1: A Capable, Ethical and Developmental State",-,"Governance, State Capacity and Institutional Development cluster",,,,,,,,,,,,,,,,,,,,,,,73
,North West: Office of the Premier,North West,Programme 3: Policy and Governance ,Sub Programme 3.3: Provincial Policy Management ,Annually,Default,Non-Standardized,Not  Applicable,"Priority 1: A Capable, Ethical and Developmental State",-,"Governance, State Capacity and Institutional Development cluster",,,,,,,,,,,,,,,,,,,,,,,73
,North West: Office of the Premier,North West,Programme 3: Policy and Governance ,Sub Programme 3.3: Provincial Policy Management ,Quarterly,Default,Non-Standardized,Not  Applicable,"Priority 1: A Capable, Ethical and Developmental State",-,"Governance, State Capacity and Institutional Development cluster",,,,,,,,,,,,,,,,,,,,,,,73
,North West: Office of the Premier,North West,Programme 3: Policy and Governance ,Sub Programme 3.4: Traditional Affairs / House (as applicable),Annually,Default,Non-Standardized,Not  Applicable,"Priority 1: A Capable, Ethical and Developmental State",-,"Governance, State Capacity and Institutional Development cluster",,,,,,,,,,,,,,,,,,,,,,,73
,North West: Office of the Premier,North West,Programme 3: Policy and Governance ,Sub Programme 3.4: Traditional Affairs / House (as applicable),Quarterly,Default,Non-Standardized,Not  Applicable,"Priority 1: A Capable, Ethical and Developmental State",-,"Governance, State Capacity and Institutional Development cluster",,,,,,,,,,,,,,,,,,,,,,,73
,North West: Office of the Premier,North West,Programme 3: Policy and Governance ,Sub Programme 3.5: Premiers Priority Programmes (as applicable),Annually,Default,Non-Standardized,Not  Applicable,"Priority 1: A Capable, Ethical and Developmental State",-,"Governance, State Capacity and Institutional Development cluster",,,,,,,,,,,,,,,,,,,,,,,73
,North West: Office of the Premier,North West,Programme 3: Policy and Governance ,Sub Programme 3.5: Premiers Priority Programmes (as applicable),Quarterly,Default,Non-Standardized,Not  Applicable,"Priority 1: A Capable, Ethical and Developmental State",-,"Governance, State Capacity and Institutional Development cluster",,,,,,,,,,,,,,,,,,,,,,,73
,North West: Office of the Premier,North West,Programme 3: Policy and Governance ,Sub Programme 3.6: Programme Support: Policy and Governance,Annually,Default,Non-Standardized,Not  Applicable,"Priority 1: A Capable, Ethical and Developmental State",-,"Governance, State Capacity and Institutional Development cluster",,,,,,,,,,,,,,,,,,,,,,,73
,North West: Office of the Premier,North West,Programme 3: Policy and Governance ,Sub Programme 3.6: Programme Support: Policy and Governance,Quarterly,Default,Non-Standardized,Not  Applicable,"Priority 1: A Capable, Ethical and Developmental State",-,"Governance, State Capacity and Institutional Development cluster",,,,,,,,,,,,,,,,,,,,,,,73
