Sector,Institution,Programme,SubProgramme,Location,Frequency,Indicator,Type,SubType,Outcome,Priority,Cluster,Target_Q1,ActualOutput_Q1,Target_Q2,ActualOutput_Q2,Target_Q3,ActualOutput_Q3,Target_Q4,ActualOutput_Q4,AnnualTarget_Summary2,Preliminary_Summary2,PrelimaryAudited_Summary2,ReasonforDeviation_Summary,CorrectiveAction_Summary,ValidatedAudited_Summary2,ReasonforDeviation_Q1,CorrectiveAction_Q1,ReasonforDeviation_Q2,CorrectiveAction_Q2,OTP_Q2,ReasonforDeviation_Q3,CorrectiveAction_Q3,OTP_Q3,ReasonforDeviation_Q4,CorrectiveAction_Q4,OTP_Q1,OTP_Q4,UID
Police, Safety and Liaison,KwaZulu-Natal,Programme 1: Administration,Sub-Programme 1.3: Financial Management,Annually,% External Audit recommendations implemented within specified timeframe,Non-Standardized,Not  Applicable,Priority 6: Social Cohesion and Safer Communities,Build a caring and incorruptible government,"Justice, Crime Prevention and Security cluster",,,,,,,100 %,100 %,100 %,100 %,,100,,,,,,,,,,,,,,,59
Police, Safety and Liaison,KwaZulu-Natal,Programme 1: Administration,Sub-Programme 1.3: Financial Management,Annually,% Internal Audit recommendations implemented within specified timeframe,Non-Standardized,Not  Applicable,Priority 6: Social Cohesion and Safer Communities,Build a caring and incorruptible government,"Justice, Crime Prevention and Security cluster",,,,,,,100 %,100 %,100 %,100 %,,100,,,,,,,,,,,,,,,59
Police, Safety and Liaison,KwaZulu-Natal,Programme 1: Administration,Sub-Programme 1.3: Financial Management,Quarterly,% of invoice received paid within 30 days,Non-Standardized,Not  Applicable,Priority 6: Social Cohesion and Safer Communities,Build a Peaceful Province  ,"Justice, Crime Prevention and Security cluster",100 %,100 %,100 %,92 %,100 %,100 %,100 %,94 %,100 %,94 %,,,,,,,The lower percentage of invoices paid within 30 days were largely due to insufficient funds available during BAS release runs. These are dates when payments are released from the Department’s Bank account. The absence of funds can be ascribed to carry through costs from the previous financial year overcrowding the current years planned payments.,"The Department is hopeful that the rollover request that was submitted to Provincial Treasury will be approved and allocated during the Adjustment budget process.  
The non-receipt of the rollover would entail in-depth reprioritisation to ensure payments are made within 30 days.
",,,,,"The non-achievement of 100 percent is attributed to internal and external factors. These included CSD problems, especially in relation to Banking details differences on the BAS system. Internal factors included substantial technical problems with the BAS system in terms of optimal functioning to ensure payments are made within  30 days. The delay in receipt of Business Plan funding received during the Adjustment budget was also a huge factor in the substantial late payment made to the Department of Transport",Department to consult expert regarding controls to be put in place to get prior confirmation of the banking details registered on the BAS and CSD before department acknowledges the receipt of goods and services,,,59
Police, Safety and Liaison,KwaZulu-Natal,Programme 1: Administration,Sub-Programme 1.3: Financial Management,Quarterly,% Procurement spent on military veterans,Non-Standardized,Not  Applicable,Priority 6: Social Cohesion and Safer Communities,Job Creation,"Justice, Crime Prevention and Security cluster",2.5 %,0 %,2.5 %,0 %,2.5 %,0 %,2.5 %,0 %,10 %,0 %,,,,,All service providers are invited from CSD. Specific goal points are allocated to suppliers who are Military Veterans. ,Department to speed up the processes to identify or encourage military veterans to register with CSD.,All service providers are invited from CSD. Specific goal points are allocated to suppliers who are Military Veterans. Suppliers fail to provide proof and disclose they are Military Veteran status therefore making it difficult for the department to identify these suppliers. ,Department has required the intervention of Provincial & National Treasury to give a regulation/directive in law that allows departments to utilise supplier databases where people with disability have been identified. Currently departments can only utilise the Central Supplier Database which only selects suppliers per commodity & based on supplier addresses,"Kindly revise the corrective 
action statement as this indicator talks to military veterans not person with disability.",All service providers are invited from CSD. Specific goal points are allocated to suppliers who might have form of disability. Suppliers fail to provide proof of their disability therefore making it difficult to identify these suppliers.,"Department to speed up the processes to identify or encourage people living with disability to register with CSD. We will require the intervention of Provincial & National Treasury to give a regulation/directive in law that allows departments to utilise supplier databases where Military Veterans have been identified. Currently departments can only utilise the Central Supplier Database which only selects suppliers per commodity & based on supplier addresses Department allocates specific goal points to woman, youth, people with disability, and military veterans on their quotation documents.","Kindly revise the first 
sentence of the corrective action to talk to  military veterans.",All service providers are invited from CSD. Specific goal points are allocated to suppliers who are Military Veterans. Suppliers fail to provide proof of their Military Veteran status therefore making it difficult to identify these suppliers,The department suspended the indicator in 2025/26 plan for the National and Provincial Treasury to communicate a turnaround strategy on identification of military veterans during procurement process. ,,,59
Police, Safety and Liaison,KwaZulu-Natal,Programme 1: Administration,Sub-Programme 1.3: Financial Management,Quarterly,% Procurement spent on people with disabilities owned businesses,Non-Standardized,Not  Applicable,Priority 6: Social Cohesion and Safer Communities,Job Creation,"Justice, Crime Prevention and Security cluster",1.5 %,0 %,1.5 %,0 %,1 %,0 %,1 %,"3,24% %",5 %,1 %,,,,,All service providers are invited from CSD. Specific goal points are allocated to suppliers who might have form of disability. Suppliers fail to provide proof of their disability therefore making it difficult to identify these suppliers. The department will liaise with other departments to see how to invite suppliers to quote who have some form of disability.,Department to speed up the processes to identify or encourage people living with disability to register with CSD. ,All service providers are invited from CSD. Specific goal points are allocated to suppliers who might have form of disability. Suppliers fail to provide proof and disclose their status of disability therefore making it difficult for the department to identify these suppliers,Department has required the intervention of Provincial & National Treasury to give a regulation/directive in law that allows departments to utilise supplier databases where people with disability have been identified. Currently departments can only utilise the Central Supplier Database which only selects suppliers per commodity & based on supplier addresses.,,All service providers are invited from CSD. Specific goal points are allocated to suppliers who might have form of disability. Suppliers fail to provide proof of their disability therefore making it difficult to identify these suppliers.,Department to speed up the processes to identify or encourage people living with disability to register with CSD. We will require the intervention of Provincial & National Treasury to give a regulation/directive in law that allows departments to utilise supplier databases where people with disability have been identified. Currently departments can only utilise the Central Supplier Database which only selects suppliers per commodity & based on supplier addresses. The department attended a scm suppliers disability forum on 12 December 2024 where Provincial Treasury mentioned that they would provide department with a list of service providers database who are disable. We still await this database.,The reason for deviation and corrective action statement is noted. However the department should consider this in terms of planning in the next financial year.,Department planned to spend at least 5% on business owned by people with disability and has been achieving 0% for the past 3 quarters over-achievement covers the under achievement,Strategy to encourage and advise people living with disability to provide evidence supporting their disability assisted the department to easily identify and award portion of procurement to business owned by people living with disability.,,,59
Police, Safety and Liaison,KwaZulu-Natal,Programme 1: Administration,Sub-Programme 1.3: Financial Management,Quarterly,% Procurement spent on women owned businesses,Non-Standardized,Not  Applicable,Priority 6: Social Cohesion and Safer Communities,Job Creation,"Justice, Crime Prevention and Security cluster",10 %,40 %,10 %,71 %,10 %,13 %,10 %,"62,68% %",40 %,134 %,,,,,All service providers are invited from CSD. Specific  goal points are allocated to suppliers who are women owned businesses. CSD system generates suppliers for the official inviting quotations.,Actual achievement will be used as a baseline in 2025/26 plans,All service providers are invited from CSD. Specific goal points are allocated to suppliers who are women owned businesses. CSD system generates suppliers for the official inviting quotations,"The over-achievement is due to CSD selection.
Specific goals target points will be awarded be targeted group
",,All service providers are invited from CSD. Specific goal points are allocated to suppliers who are women owned businesses. CSD system generates suppliers for the official inviting quotations,"The over-achievement is due to CSD selection.
Specific goals target points will be awarded be targeted group.
",,All service providers are invited from CSD. Specific goal points are allocated to suppliers who are women owned businesses. More women owned business met the procurement requirement,More women owned business meet the CSD requirements. ,,,59
Police, Safety and Liaison,KwaZulu-Natal,Programme 1: Administration,Sub-Programme 1.3: Financial Management,Quarterly,% Procurement spent on youth owned businesses,Non-Standardized,Not  Applicable,Priority 6: Social Cohesion and Safer Communities,Job Creation,"Justice, Crime Prevention and Security cluster",7.5 %,26 %,7.5 %,66 %,7.5 %,8 %,7.5 %,"21,57% %",30 %,100 %,,,,,All service providers are invited from CSD. Specific goal points are allocated to suppliers who are youth owned enterprises. CSD system generates suppliers for the official inviting quotations.,Actual achievement will be used as a baseline in 2025/26 plans,All service providers are invited from CSD. Specific goal points are allocated to suppliers who are youth owned enterprises. CSD system generates suppliers for the official inviting quotations.,"The over-achievement is due to CSD selection.
Specific goals target points will be awarded be targeted group.
",,All service providers are invited from CSD. Specific goal points are allocated to suppliers who are youth owned enterprises. CSD system generates suppliers for the official inviting quotations.,"The over-achievement is due to CSD selection.
Specific goals target points will be awarded be targeted group.
",,All service providers are invited from CSD. Specific goal points are allocated to suppliers who are youth owned enterprises. Business owned by Youth qualified for the procurement criteria.,"The over-achievement is due to CSD, more youth owned business meet their requirements.",,,59
Police, Safety and Liaison,KwaZulu-Natal,Programme 1: Administration,Sub-Programme 1.4: Corporate Services,Annually,% of posts filled as per the approved structure,Non-Standardized,Not  Applicable,Priority 2: Economic Transformation And Job Creation,Job Creation,"Justice, Crime Prevention and Security cluster",,,,,,,90 %,90 %,90 %,90 %,,"87,17",Exits due to retirement occurred in quarter 4 resulted in the under-achievement of this target,,,,,,,,,,,,,,59
Police, Safety and Liaison,KwaZulu-Natal,Programme 1: Administration,Sub-Programme 1.4: Corporate Services,Annually,% posts filled by employees with disabilities ,Non-Standardized,Not  Applicable,Priority 2: Economic Transformation And Job Creation,Job Creation,"Justice, Crime Prevention and Security cluster",,,,,,,5 %,5 %,5 %,5 %,,"1,76",Limited application received from disabled applicant who meets the entry requirements of advertised post,,,,,,,,,,,,,,59
Police, Safety and Liaison,KwaZulu-Natal,Programme 1: Administration,Sub-Programme 1.4: Corporate Services,Annually,% representation of youth on staff establishment,Non-Standardized,Not  Applicable,Priority 2: Economic Transformation And Job Creation,Job Creation,"Justice, Crime Prevention and Security cluster",,,,,,,30 %,30 %,30 %,30 %,,10,Majority of existing employees in the department were appointed as youth and remain beyond the youth age,,,,,,,,,,,,,,59
Police, Safety and Liaison,KwaZulu-Natal,Programme 2: Provincial Secretariat for Police Service,Safety Promotion and Community Police Relations,Annually,Number of work opportunities created through departmental projects,Non-Standardized,Not  Applicable,Priority 2: Economic Transformation And Job Creation,Job Creation,"Justice, Crime Prevention and Security cluster",,,518,,,,,,518,,,,,,,,,,,,,,,,,,59
Police, Safety and Liaison,KwaZulu-Natal,Programme 2: Provincial Secretariat for Police Service,Safety Promotion and Community Police Relations,Quarterly,Number of Community Police Forums (CPFs) assessed on functionality per year ,Standardized,Not  Applicable,Priority 6: Social Cohesion and Safer Communities,Build a Peaceful Province  ,"Justice, Crime Prevention and Security cluster",40,40,41,46,45,50,38,38,164,174,,,,,,,"Due to cost cutting majors, the District had used group approach when visiting police station to conduct assessment, over-achievement in station evaluation resulted in the over-achievement of CPF target",National office to communicate activities early to avoid deviation on plans ,,"For economic, efficiently and effective assessment of the police station, the department embarked on the process of combining appointment to conduct station evaluation, DVA Audit and CPF assessment hence the indicator was over-achieved as a result of the increased in station  evaluated for custody management.",Changes in planned target will be communicated immediately to eliminates the deviation on planned performance,,Under-achievement covers the over-achievement in quarter 2,No corrective measure Annual target has been achieved,,,59
Police, Safety and Liaison,KwaZulu-Natal,Programme 2: Provincial Secretariat for Police Service,Safety Promotion and Community Police Relations,Quarterly,Number of Community Safety Forums assessed on functionality ,Standardized,Not  Applicable,Priority 6: Social Cohesion and Safer Communities,Build a Peaceful Province  ,"Justice, Crime Prevention and Security cluster",3,2,6,7,14,10,20,23,43,42,,,,,"Municipal officials not available due to National elections, after elections municipality re-launched its structures, target will be achieved in quarter 2municipality resulted in the under achievement t of this indicator",Engagement with CoGTA and SALGA to facilitate MoU that will compel all Municipality to have functional CSF,Over-achievement was due to 1 CSF that was under-achieved in quarter 1,The district should stick to their plan (AOP) and communicate the appointment date early to avoid deviations on plan ,, The CSF had newly appointed members required a training; hence the department had opted to provide training/capacitation prior assessment functionality of those structures.,Target for 2025/26 will be based on the actual achievement of safety structures trained/capacitated,The reason for deviation and corrective action statement is noted.,Over-achievement covers the under-achievement in quarter 2,No corrective measure Annual target has been achieved,,,59
Police, Safety and Liaison,KwaZulu-Natal,Programme 2: Provincial Secretariat for Police Service,Safety Promotion and Community Police Relations,Quarterly,Number of initiatives to support district community safety structures,Non-Standardized,Not  Applicable,Priority 6: Social Cohesion and Safer Communities,Build a Peaceful Province  ,"Justice, Crime Prevention and Security cluster",17,19,27,30,15,32,10,18,69,99,,,,,More initiatives are required toThe initiative was planned in the last financial year due to budget constrains could not performed hence the performance was performed in the first quarter of the current financial year train and capacitate structures to be functional,The District will ensure plans are in line with budget to eliminate over-achievement,The district had to embark on workshop/capacitation of structure to ensure structures are effective before assessment is conducted on CSF,The district will use actual achievement as a baseline in 2025/26 plan,,"Over-achievement is due to the demand arise in response to safety structure that were newly elected, hence the Department had ",Actual achievement will be used as a baseline in 2025/26 planning,The reason for deviation and corrective action statement is noted. ,The district embarks on the plan to capacitate newly elected structured,Actual achievement will be used as a baseline in 2025/26 financial year,,,59
Police, Safety and Liaison,KwaZulu-Natal,Programme 2: Provincial Secretariat for Police Service,Safety Promotion and Community Police Relations,Quarterly,Number of reports on safety structures supported,Non-Standardized,Not  Applicable,Priority 6: Social Cohesion and Safer Communities,Build a Peaceful Province  ,"Justice, Crime Prevention and Security cluster",1,1,1,1,1,1,1,1,4,4,,,,,,,,,,,,,,,Please provide reason for deviation from set target.,,59
Police, Safety and Liaison,KwaZulu-Natal,Programme 2: Provincial Secretariat for Police Service,Safety Promotion and Community Police Relations,Quarterly,Number of social crime prevention programmes implemented,Standardized,Not  Applicable,Priority 6: Social Cohesion and Safer Communities,Build a Peaceful Province  ,"Justice, Crime Prevention and Security cluster",1,1,1,1,1,1,1,1,4,4,,,,,,,,,,,,,,,,,59
Police, Safety and Liaison,KwaZulu-Natal,Programme 2: Provincial Secretariat for Police Service,Safety Research and Information Management,Annually,Analysis conducted to inform Departmental interventions,Non-Standardized,Not  Applicable,Priority 6: Social Cohesion and Safer Communities,Build a Peaceful Province  ,"Justice, Crime Prevention and Security cluster",,,,,,,1,1,1,1,,,,,,,,,,,,,,,,,59
Police, Safety and Liaison,KwaZulu-Natal,Programme 2: Provincial Secretariat for Police Service,Safety Research and Information Management,Annually,Number of research reports on policing per year,Standardized,Not  Applicable,Priority 6: Social Cohesion and Safer Communities,Build a Peaceful Province  ,"Justice, Crime Prevention and Security cluster",,,,,,,1,1,1,1,,,,,,,,,,,,,,,,,59
Police, Safety and Liaison,KwaZulu-Natal,Programme 2: Provincial Secretariat for Police Service,Safety Research and Information Management,Annually,Report on safety and crime trend analysis in the Province,Non-Standardized,Not  Applicable,Priority 6: Social Cohesion and Safer Communities,Build a Peaceful Province  ,"Justice, Crime Prevention and Security cluster",,,,,1,,,,1,,,,,,,,,,,,,,,,,,59
Police, Safety and Liaison,KwaZulu-Natal,Programme 2: Provincial Secretariat for Police Service,Sub-Programme 2.3: Monitoring and Evaluation,Annually,Number of feedback sessions to SAPS management on oversight assessment conducted,Non-Standardized,Not  Applicable,Priority 6: Social Cohesion and Safer Communities,Build a Peaceful Province  ,"Justice, Crime Prevention and Security cluster",,,,,13,,,,13,,,,,,,,,,,,,,,,,,59
Police, Safety and Liaison,KwaZulu-Natal,Programme 2: Provincial Secretariat for Police Service,Sub-Programme 2.3: Monitoring and Evaluation,Annually,Number of M&E special projects implemented,Standardized,Not  Applicable,Priority 6: Social Cohesion and Safer Communities,Build a Peaceful Province  ,"Justice, Crime Prevention and Security cluster",,,,,1,,,,1,,,,,,,,,,,,,,,,,,59
Police, Safety and Liaison,KwaZulu-Natal,Programme 2: Provincial Secretariat for Police Service,Sub-Programme 2.3: Monitoring and Evaluation,Annually,Number of reports on metro region police monitored,Non-Standardized,Not  Applicable,Priority 6: Social Cohesion and Safer Communities,Build a Peaceful Province  ,"Justice, Crime Prevention and Security cluster",,,,,,,1,1,1,1,,,,,,,,,,,,,,,,,59
Police, Safety and Liaison,KwaZulu-Natal,Programme 2: Provincial Secretariat for Police Service,Sub-Programme 2.3: Monitoring and Evaluation,Quarterly,% of Dockets Audited,Non-Standardized,Not  Applicable,Priority 6: Social Cohesion and Safer Communities,Build a Peaceful Province  ,"Justice, Crime Prevention and Security cluster",20 %,20 %,20 %,50 %,20 %,52 %,20 %,45 %,20 %,45 %,,,,,,,Increased in serious cases withdrawn due to police inefficiency resulted in an increase number of docket to be inspected hence the indicator is over-achieved,Actual achievement will be used as a baseline in 2025/26 plans,,Increase serious cases withdrawn due to police inefficiency resulted in the over-achievement of this indicator,Actual achievement will be used to plan target for the next financial year,,Target over-achieved due to Increase serious cases withdrawn as a result of police inefficiency,"Target mechanism was reviewed in 2025/26 financial year, actual achievement was used as a baseline ",,,59
Police, Safety and Liaison,KwaZulu-Natal,Programme 2: Provincial Secretariat for Police Service,Sub-Programme 2.3: Monitoring and Evaluation,Quarterly,Number of management reports compiled on service delivery complaints against SAPS,Standardized,Not  Applicable,Priority 6: Social Cohesion and Safer Communities,Build a Peaceful Province  ,"Justice, Crime Prevention and Security cluster",1,1,1,1,1,1,1,1,4,4,,,,,,,,,,,,,,,,,59
Police, Safety and Liaison,KwaZulu-Natal,Programme 2: Provincial Secretariat for Police Service,Sub-Programme 2.3: Monitoring and Evaluation,Quarterly,Number of monitoring reports on compliance and implementation of Domestic Violence Act (DVA) compiled per year,Standardized,Not  Applicable,Priority 6: Social Cohesion and Safer Communities,Build a Peaceful Province  ,"Justice, Crime Prevention and Security cluster",0,0,1,1,1,1,1,1,3,3,,,,,,,,,,,,,,,,,59
Police, Safety and Liaison,KwaZulu-Natal,Programme 2: Provincial Secretariat for Police Service,Sub-Programme 2.3: Monitoring and Evaluation,Quarterly,Number of reports compiled on implementation of IPID recommendations by SAPS,Standardized,Not  Applicable,Priority 6: Social Cohesion and Safer Communities,Build a Peaceful Province  ,"Justice, Crime Prevention and Security cluster",1,1,1,1,1,1,1,1,4,4,,,,,,,,,,,,,,,,,59
Police, Safety and Liaison,KwaZulu-Natal,Programme 2: Provincial Secretariat for Police Service,Sub-Programme 2.3: Monitoring and Evaluation,Quarterly,Number of reports compiled on police stations monitored based on the NMT per year,Standardized,Not  Applicable,Priority 6: Social Cohesion and Safer Communities,Build a Peaceful Province  ,"Justice, Crime Prevention and Security cluster",0,5,70,76,67,63,47,39,184,183,,,,,National Office requested these police station to be part of the pilot project while there were not in the department plans for quarter 1 resulted in the over-achievement ,National office to improve communication with Province to ensure department plans are in line with instructions ,"Nation Civilian secretariat instructed the Department to prioritise Police station with custody section during quarter 2, hence the indicator was over-achievement",Early Communcation of Directive from National office to avoid deviation on planned target,,Target was overachieved in quarter 2 due to National instruction required the province to monitor 87 police stations with custody for the period July to October 2024,National Civilian Secretariat was advised by the Department to communicate their requirements early in order to allow the  Province to incorporate plans accordingly.,The reason for deviation and corrective action statement is noted.,"Majority of Police station were monitored in quarter 2 due to that National Civilian Secretariat for Police Services instruction required that the province monitor 87 Police station with Custody for the period of July to October 2024, hence under achievement covers the over-achievement in quarter 2",National Civilian Secretariat for Police Services communicated their plans early with the provinces to ensure plans are incorporated accordingly.,,,59
Police, Safety and Liaison,KwaZulu-Natal,Programme 2: Provincial Secretariat for Police Service,Sub-Programme 2.3: Monitoring and Evaluation,Quarterly,Number of reports on police visibility during events ,Non-Standardized,Not  Applicable,Priority 6: Social Cohesion and Safer Communities,Build a Peaceful Province  ,"Justice, Crime Prevention and Security cluster",13,13,13,13,13,13,13,13,52,52,,,,,,,,,,,,,,,,,59
Police, Safety and Liaison,KwaZulu-Natal,Programme 2: Provincial Secretariat for Police Service,Sub-Programme 2.3: Monitoring and Evaluation,Quarterly,Number of specialised units monitored ,Non-Standardized,Not  Applicable,Priority 6: Social Cohesion and Safer Communities,Build a Peaceful Province  ,"Justice, Crime Prevention and Security cluster",4,4,4,4,4,3,4,5,16,16,,,,,,,,,,Appointment secured by the Department had to be schedule to date falls in quarter 4 SAPS committed with festive season activities. ,"
Date of station visit to take place in month 1 or 2 of the quarter, to avoid re-schedule date to fall in the next quarter",,Over-achievements is due to under-achieved target in quarter 3,"Target mechanism was reviewed in 2025/26 financial year, appointment secured early to secure availability of SAPS stakeholders.",,,59
Public Works,Public Works,KwaZulu-Natal,Programme 1: Administration,1.1  Financial Management Services,Quarterly,1.2  Percentage of budget variation,Not Applicable,Not  Applicable,"Priority 1: A Capable, Ethical and Developmental State",Job Creation,"The Economic Sectors, Employment and Infrastructure Development cluster",2,1.01,2,(24.02),2,-11.45,2,0,2,0,0,,,,Spending within 2% variance,,"The variance is mainly attributed to the payment of the 2023/24 annual wage agreement increase, as well as the appointment of EPWP beneficiaries. Further contributing to the over expenditure was the of payment of accruals and payables across all economic categories resulting for the previous year’s commitments, as well as the higher than anticipated costs in respect of audit costs, cell-phone costs, legal fees, fleet services as well as property payments, amongst others further contributed to the over expenditure. The high expenditure within Transfers and subsidies relates to the payment of annual property rates.",Expenditure to be monitored on a regular basis to ensure that that the Department remains within the allocated baseline budget. The implementation of stringent cost cutting measures will further assist the department to reduce the spending on non-service delivery items.,"Target not achieved, reason for deviation and corrective action have been noted. ","The variance is mainly attributed to accruals and
 payables across all economic categories resulting for the previous year’s commitments, 
Further to this the higher than anticipated costs in respect of audit costs, cell-phone costs, legal fees, fleet services, property payments as well as Machinery and equipment in respect of computer equipment all contributed to the over expenditure.
 The higher than anticipated expenditure under Transfers and subsidies relates to the payment of annual property rates.
",Expenditure to be monitored on a regular basis to ensure that that the Department remains within the allocated baseline budget. The implementation of stringent cost cutting measures will further assist the department to reduce the spending on non-service delivery items.,"Kindly review the reason for deviation and corrective action statement against the actual output (-11,45) achieved. The actual output is not in line with the reason for deviation and corrective action provided ",,,,please capture the reason for deviation.,59
Public Works,Public Works,KwaZulu-Natal,Programme 1: Administration,1.1  Financial Management Services,Quarterly,"1.5  Percentage budget spent on designated groups owned enterprises through 30% on procurement of goods, services, and Departmental infrastructure projects  Women: 40%  Youth: 50%  Persons with disabilities: 5% Military Veterans: 5%",Not Applicable,Not  Applicable,Priority 2: Economic Transformation And Job Creation,Job Creation,"The Economic Sectors, Employment and Infrastructure Development cluster",20 %,42 %,20 %,65.27 %,30 %,37 %,30 %,63 %,100 %,0 %,207,"Due to the increased number of Women and Youth-owned companies who have participated and benefited from Supply Chain Management processes.
The under-achievement on Persons with disabilities and military Veterans is due to the limited number of entities from these designated groups to participate in procurement processes being implemented by the department.
","The department will continue to create programmes that will assist companies owned by People living with disabilities, and Military Veterans to increase their participation in procurement processes.",,Due to the increased number of woman and youth owned companies who have participated and benefited from Supply Chain Management processes.,"The department continues to create awareness of the departments processes to companies owned by other groups such as people living with disabilities, etc. to increase their participation.

",Over -achieved: Due to the increased number of women and youth-owned companies who have participated and benefited from Supply Chain Management processes.,"Department over over-achieved due to the increase in women and youth own companies awarded. The department continues to create awareness of the department’s processes to companies owned by other groups such people living with disabilities, etc. to increase their participation",Overachievement is noted.,"Due to the increased number of Women, Youth-owned and Military Veterans companies who have participated and benefited from Supply Chain Management processes.
The under achievement on persons with disabilities is due to decreased number of participations from people with disabilities on the procurement processes.
",The department will continue to create programmes that will assist companies owned by Persons with disabilities and Military Veterans to increase their participation in procurement processes.,Reason for deviation and corrective action have been noted.,"Due to the increased number of Women and Youth-owned companies who have participated and benefited from Supply Chain Management processes.

The under-achievement on Persons with disabilities and military Veterans is due to the limited number of entities from these designated groups to participate in procurement processes being implemented by the department.
","The department will continue to create programmes that will assist companies owned by People living with disabilities, and Military Veterans to increase their participation in procurement processes.",,,59
Public Works,Public Works,KwaZulu-Natal,Programme 1: Administration,1.1 Financial Management Services,Annually,1.3  Percentage reduction of irregular expenditure,Not Applicable,Not  Applicable,"Priority 1: A Capable, Ethical and Developmental State",Job Creation,"The Economic Sectors, Employment and Infrastructure Development cluster",,,,,,,20 %,55 %,20 %,55 %,55,"77 instances  have been submitted to Condonation Committee in 2024 in the amount of R183 627 922,19. All cases were condoned. This is attributed to the Consultant that was dedicated to finalising all cases of IE.",For the new Financial Year 2025/2026 investigations are ongoing and action plans implemented to reduce IE,,,,,,,,,,,,,,59
Public Works,Public Works,KwaZulu-Natal,Programme 1: Administration,1.1 Financial Management Services,Annually,1.4  Approved procurement plan submitted to Provincial Treasury by 31 March 2025,Not Applicable,Not  Applicable,"Priority 1: A Capable, Ethical and Developmental State",Job Creation,"The Economic Sectors, Employment and Infrastructure Development cluster",,,,,,,1,1,1,1,1,,,,,,,,,,,,,,,,59
Public Works,Public Works,KwaZulu-Natal,Programme 1: Administration,1.3  Corporate Services,Annually,1.10  Percentage of Women at SMS level,Not Applicable,Not  Applicable,"Priority 1: A Capable, Ethical and Developmental State",Job Creation,"The Economic Sectors, Employment and Infrastructure Development cluster",,,,,,,50 %,50 %,50 %,50 %,50,,,,,,,,,,,,,,,,59
Public Works,Public Works,KwaZulu-Natal,Programme 1: Administration,1.3  Corporate Services,Annually,1.11  Number of ICT projects completed,Not Applicable,Not  Applicable,"Priority 1: A Capable, Ethical and Developmental State",Job Creation,"The Economic Sectors, Employment and Infrastructure Development cluster",,,,,,,1,1,1,1,1,,,,,,,,,,,,,,,,59
Public Works,Public Works,KwaZulu-Natal,Programme 1: Administration,1.3  Corporate Services,Annually,1.7  Percentage representation of Youth in the staff compliment,Not Applicable,Not  Applicable,"Priority 1: A Capable, Ethical and Developmental State",Job Creation,"The Economic Sectors, Employment and Infrastructure Development cluster",,,,,,,30 %,11.8 %,30 %,11.8 %,11.8,No progress made on this target due to posts not being filled.,Awaiting an improvement in the financial position to activate the filling of posts.,,,,,,,,,,,,,,59
Public Works,Public Works,KwaZulu-Natal,Programme 1: Administration,1.3  Corporate Services,Annually,1.8  Number of external Students awarded bursaries for built environment studies,Not Applicable,Not  Applicable,"Priority 1: A Capable, Ethical and Developmental State",Job Creation,"The Economic Sectors, Employment and Infrastructure Development cluster",,,,,,,10,10,10,10,10,,,,,,,,,,,,,,,,59
Public Works,Public Works,KwaZulu-Natal,Programme 1: Administration,1.3  Corporate Services,Annually,1.9  Percentage representation of Staff with disabilities,Not Applicable,Not  Applicable,"Priority 1: A Capable, Ethical and Developmental State",Job Creation,"The Economic Sectors, Employment and Infrastructure Development cluster",,,,,,,2 %,2 %,2 %,2 %,2,,,,,,,,,,,,,,,,59
Public Works,Public Works,KwaZulu-Natal,Programme 1: Administration,1.3  Corporate Services,Quarterly,1.6  Percentage of posts filled in the Human Resource Provisioning Plan (HRPP),Not Applicable,Not  Applicable,"Priority 1: A Capable, Ethical and Developmental State",Job Creation,"The Economic Sectors, Employment and Infrastructure Development cluster",0 %,,30 %,42 %,50 %,44 %,75 %,41.5 %,75 %,44 %,41.5,"Target not achieved
Due to suspension on the filling of posts still in place due to financial constraints.
",Posts will be reviewed for filling in 2025/26 subject to funds been available.,,,,Posts were carried over from the previous financial year which led to the item being over achieved,The remedial plan is to fill posts in accordance with Compensation of Employees (COE) budget as approved by the CFO,,Filling of posts was put on hold due to financial constraints.  The decision to place posts on hold was a managerial decision and a timeframe has not been provided as to when the financial position will improve to fill posts.,To await improvement in financial resources to enable posts to be filled.,,Due to suspension on the filling of posts still in place due to financial constraints.,Posts will be reviewed for filling in 2025/26 subject to funds been available.,,,59
Public Works,Public Works,KwaZulu-Natal,Programme 1: Administration,Sub-Programme 1.2: Management of the Department,Annually,1.1  Strategic risk register approved by 30 June 2024 ,Not Applicable,Not  Applicable,"Priority 1: A Capable, Ethical and Developmental State",Job Creation,"The Economic Sectors, Employment and Infrastructure Development cluster",1,1,,,,,,,1,1,1,,,,,,,,,,,,,,,,59
Public Works,Public Works,KwaZulu-Natal,Programme 2: Public Works Infrastructure,2.1  Infrastructure Maintenance and Technical Support,Annually,2.9  Number of new construction projects completed,Not Applicable,Not  Applicable,"Priority 3: Education, Skills And Health",Job Creation,"The Economic Sectors, Employment and Infrastructure Development cluster",,,,,,,2,0,2,0,1,"1.	Enyokeni Cultural Precinct was not achieved due to delays in settling contractor invoices, which affected progress on site.

2.	Woodlands PS targeted in Q4 was replaced by Department of Transport Regional offices and Motor licensing Bureau (8 Hysloop road) achieved in Q2.



",To resolve Inter-Departmental Account matters with Client Departments to ensure timeous payment of contractor invoices and achievement of set APP targets.,,,,,,,,,,,,,,59
Public Works,Public Works,KwaZulu-Natal,Programme 2: Public Works Infrastructure,2.1  Infrastructure Maintenance and Technical Support,Quarterly,2.10  Number of planned maintenance projects (Refubished/Renovated) completed,Not Applicable,Not  Applicable,"Priority 3: Education, Skills And Health",Job Creation,"The Economic Sectors, Employment and Infrastructure Development cluster",1,5,7,6,2,0,3,0,13,11,13,"1.	Cedara College was targeted in Q4, replaced by Qiniselani MaNyuswa TAC achieved in Q1.

2.	Prince Mshiyeni targeted in Q3 was replaced by King Dinizulu achieved in Q4.
","The Department to improve infrastructure planning and financial projections, aligned to the Inter- Departmental Accounts, ensuring sufficient budget is available to execute projects in a financial year.",,"Targeted and achieved – 1
1.Vuma Development Centre: 
Achieved
Targeted for Q4 and Achieved in Q1-02
1. KwaMakhutha Clinic
2. Osizweni Clinic
The projects were targeted for Q4 
however practical completion realised in 
Q1. 
Progress became slow, contractor 
experienced challenges in buying material
due to cashflow challenges as a result of 
non-payments. Project completion 
threatened therefore targeted for Q4 to 
allow for completion contract. However,
upon contractor receiving payments, 
performance drastically improved to 
ensure project completion and avoid 
termination.
Targeted for Q2 and Achieved in Q1-02
1. KwaMgabo P 
2. Mboko SP
The projects were targeted for Q2
however achieved in Q1.
Due to cash-flow challenges as a result of 
non-payments progress was slow however 
contractor remained committed and did 
not abandon site. Following payments 
made in the beginning of the quarter, 
contractor fast-tracked progress and 
completed ahead of the targeted quarter.
","Improve financial 
planning between 
Departments and 
ensure sufficient 
budget is available for 
the implementation of 
projects.
Payment of contractors 
within stipulated time to 
avoid delays to project.
Improve financial 
planning between 
Departments and 
ensure that the 
sufficient budget is 
available for the 
implementation of 
projects.
.","Targeted and achieved – (5)

1.	Buhlebentuthuko Primary
2.	Ongane School
3.	Kwamshaya Primary School
4.	Wadley House
5.	Ngcolosi TAC


Q3 Target achieved in Q2 – (1)

1.	Hlophe TAC

Project was handed over on 16-04-2024 with 6 months duration, it was due to be completed on 16 October 2024 (Q3). However, Contractor fast tracked the project and completed ahead of time.

The following 2 Projects were targeted in Q2 and were early achieved in Q1 (2)

1.	Kwamgabo P S
2.	Mboko S P",The Department to improve infrastructure planning .,"Target not achieved, reason for deviation and corrective action have been noted.","1.Hlophe TAC
Was due in Q3 but achieved in Q2.
  
2.Prince Mshiyeni Hospital 
Was due in Q3 but not achieved, due to additional work requested by the Client.
","Prince Mshiyeni Hospital Project will be achieved in Q4, current progress is at 87% complete vs 103% time lapsed. Additional work are currently in progress and EOT will be submitted on 19th December 2024 to BEC for approval. Furthermore, the project is tracked on weekly basis by the project leader.",Please review the corrective action statement. ,"Projects targeted in Q4, early achieved and reported in Q1;
1.	Osizweni (Umlazi Q)
2.	KwaMakhutha Clinic

3.	Cedara College was targeted and not achieved due to late payments which affected progress on site, the client issued additional instruction which had to be factored on the project scope. The project will be completed within 2025/2026 financial year.

","The Department to improve infrastructure planning and financial projections, aligned to the Inter- Departmental Accounts, ensuring sufficient budget is available to execute projects in a financial year.",,,59
Public Works,Public Works,KwaZulu-Natal,Programme 2: Public Works Infrastructure,2.1  Infrastructure Maintenance and Technical Support,Quarterly,2.11  Number of upgrades and addition projects completed,Not Applicable,Not  Applicable,"Priority 3: Education, Skills And Health",Job Creation,"The Economic Sectors, Employment and Infrastructure Development cluster",0,5,8,8,13,5,6,6,27,24,27,"1.	Msenteli PS targeted in Q4 was replaced by Mgabhanyongo PS which was achieved in Q3.

2.	Ndwedwe CHC targeted in Q2 was replaced by Mphumulo Hospital which was achieved in Q3.

3.	Sokhela Clinic targeted in Q3 was replaced by Ngudwini Clinic which was achieved in Q3.
","The Department to improve infrastructure planning and financial projections, aligned to the Inter- Departmental Accounts, ensuring sufficient budget is available to execute projects in a financial year.",,"
 Targeted for Q3 a
nd Achieved in Q1-1
1.Isambulo PS
The project was targeted for Q3 however 
achieved in Q1.
Due to cash-flow challenges as a result of 
non-payments progress was slow however 
contractor remained committed and did 
not abandon work. Following payments 
made in the beginning of the quarter, 
Contractor drastically improved progress
and completed ahead of the targeted 
quarter.
Targeted for Q2 and Achieved in Q1-3
1. Ekwakheni JPS
2. Mbodla PS
3. Hlomendlini TAC
The project was targeted for Q2 however 
achieved in Q1.
Due to cash-flow challenges as a result of 
non-payments progress was slow however 
contractor remained committed and did 
not abandon work. Following payments 
made in the beginning of the quarter, 
Contractor fast-tracked progress and 
completed ahead of the targeted quarter.

The following project was targeted for Q4 and achieved in Q1
1. Ngongoma PS","Improve financial 
planning 
between 
Departments and 
ensure that the 
sufficient budget is 
available for the 
implementation of 
projects.
Improve financial 
planning between 
Departments and 
ensure that the 
sufficient budget is 
available for the 
implementation of 
projects.","Targeted and achieved (2)

1.	Enhlanganisweni Primary School
2.	Benedictine Hospital

The following projects were targeted in Q3 and early achieved in Q2 (3)

1.	Nkabane Primary School
2.	Manhlenga Secondary School
3.	Maphambili Primary School
Targeting of these projects was concluded during the time when Contractors had slow progress on site, delays mainly contributed by non-payment of invoices. 
Post initial payments in the 1st quarter, progress improved as contractors could procure more material to conclude projects.



The following projects were targeted in Q4 and early achieved in Q2 (3)

1.	Elangeni Secondary School
2.	Emadulwini Primary School
3.	Lubhoko Secondary School

Targeting of these projects was concluded during the time when Contractors had slow progress on site, delays mainly contributed by non-payment of invoices. 
Post initial payments in the 1st quarter, progress improved as contractors could procure more material to conclude projects.

Targeted and not Achieved (3).

1.	Faith Mlaba Primary School

Progress is 97% against 119% revised time lapse. Delays are due to outstanding Municipality Electrical connection attributed to unavailability of Prepaid Meters. 

2.	Ndwedwe CHC: New Wash bays (073616)

The contract incurred delays as there were payment enquires that needed to be resolved, thus affected the cashflow of the contractor and subsequently production.

3.	DLTC Rossburgh: Temporary
Park-home Facility

PC was not achieved due to design change by client (DOT) 
Progress is 75% against 101% time lapsed.
","The Department to improve infrastructure planning and financial projections, aligned to the IDA, ensuring sufficient budget is available to execute projects in a financial year. 











The Department to improve infrastructure planning and financial projections, aligned to the IDA, ensuring sufficient budget is available to execute projects in a financial year. 






DPWI will extend lead term for submitting application for Electrical connection.


A meeting was scheduled by Head Office to address all payment enquiries and compensation events, the contractor’s payment has been approved and will be processed in the month of October, the project will be completed a month after the date of payment receipt.


Extension of time was granted and revised completion date 19 October 2024.
",,"Target not achieved                                                                                        Targeted and achieved as planned                                                                        1. Mziki Primary School                                                                                           2. Makhambane Primary School                                                                              3. Emfihlweni Primary School                                                                                                                                                                                                                                                                                                                                                                                                                                                                                                                                                                                                                                                                                                                                                                                                                    
4. Masibonisane Secondary School was targeted in Q4 and early achieved in Q3 because targeting was condluded when contractor has slow progress due to delays mainly contributed by non payment of invoices. Progress improved later in the year when payments were honoured, and the Contractor could procure more material  and concluded the project earlier.                                                 
5. Faith Mlaba Primary School was  targeted in Q2 and achieved in Q3 due to shortage of electricity prepaid meters at the municipality.
The following projects were targeted in Q3 but early achieved and reported in Q2:                                                                                                                           1. Manhlenga Primary School                                                                   2.Nkabane Primary School                                                                                     3. Maphambili Primary School                                                                               4. Isambulo Primary School was early achieved in Q1.
""The following projects were targeted and not achieved due to slow progress on site, delays mainly contributed by non-payment of invoices:                                                                                                                                                                                               1.Ithembani Primary School
2.Kwampunzi Combined School
3.Emasakeni Primary School
4.Bethangwe Primary School
5.Sokhela Clinic is at 80% vs 122% time lapsed
6.Murchison hospital is at 99% vs 100% time lapsed, pumps were found to be faulty.""

","The Department to improve infrastructure planning and financial projections, aligned to the Inter Departmental Accounts ensuring sufficient budget is available to execute projects in a financial year.",Reason for deviation and corrective action have been noted,"Projects targeted in Q3, achieved, and reported in Q4;
1.	eMasakeni PS
2.	KwaMpunzi CS
3.	Bethangwe PS
4.	Murchison hospital
5.	Ithembani PS
6.	Rossburgh Parkhomes was targeted in Q2.

Due to delays in payments of contractor invoices, which affected progress on site resulting to the late completion. 

The following projects were targeted in Q4 but were early achieved and reported in Q2;

1.	Elangeni SS
2.	eMadulwini PS
3.	Lubhoko Comp SS
4.	Masibonisane SSS was reported in Q3
5.	Ngongoma PS was reported in Q1.

6.	Msenteni PS was targeted and not achieved due to non-payment of contractor which impacted on the progress on site. When invoices were settled, the contractor had not recovered on his cash flow and could not continue with the progress on site to achieve the set target. The project will be terminated based on the contractor failing to continue with the works.



































",,,,59
Public Works,Public Works,KwaZulu-Natal,Programme 2: Public Works Infrastructure,Programme 2: Public Works Infrastructure,Quarterly,Number of Facilities provided,Standardized,Max,Priority 2: Economic Transformation And Job Creation,-,"The Economic Sectors, Employment and Infrastructure Development cluster",1,,7,,2,,3,,13,0,,,,,,,,,Please capture the actual output,,,Please capture the actual output,,,Please capture actual output.,Please capture the actual output,59
Public Works,Public Works,KwaZulu-Natal,Programme 2: Public Works Infrastructure,Sub Programme 2.6: Immovable Asset Management,Annually,2.2 Percentage of total budget spent on approved property rates invoices from Municipalities,Standardized,Not  Applicable,"Priority 1: A Capable, Ethical and Developmental State",Job Creation,"The Economic Sectors, Employment and Infrastructure Development cluster",,,,,,,100 %,100 %,100 %,100 %,100,,,,,,,,,,,,,,,,59
Public Works,Public Works,KwaZulu-Natal,Programme 2: Public Works Infrastructure,Sub Programme 2.6: Immovable Asset Management,Annually,2.3 Number of properties registered into the name of the KZN Provincial Government,Standardized,Not  Applicable,"Priority 5: Spatial Integration, Human Settlements and Local Government",Human Settlement and sustainable livelihood  ,"The Economic Sectors, Employment and Infrastructure Development cluster",,,,,,,80,82,80,82,82,"
Target over-achieved because some properties are sharing one title deeds.

(Refer to attached annexure for sharing properties) Annexure A
",The title deeds for 2025/26 will be closely monitored to ensure compliance with the planned targets.,,,,,,,,,,,,,,59
Public Works,Public Works,KwaZulu-Natal,Programme 2: Public Works Infrastructure,Sub Programme 2.6: Immovable Asset Management,Annually,2.5 Approved Custodian Asset Management Plan (C-AMP) submitted to Relevant Authority by 31 December 2024,Standardized,Not  Applicable,Priority 2: Economic Transformation And Job Creation,Job Creation,"The Economic Sectors, Employment and Infrastructure Development cluster",,,,,1,,,,1,,1,,,,,,,,,,,,,,,,59
Public Works,Public Works,KwaZulu-Natal,Programme 2: Public Works Infrastructure,Sub Programme 2.6: Immovable Asset Management,Annually,2.7 Percentage of leases concluded with black Landlords,Standardized,Not  Applicable,Priority 2: Economic Transformation And Job Creation,Job Creation,"The Economic Sectors, Employment and Infrastructure Development cluster",,,,,,,5 %,5 %,5 %,5 %,5,,,,,,,,,,,,,,,,59
Public Works,Public Works,KwaZulu-Natal,Programme 2: Public Works Infrastructure,Sub Programme 2.6: Immovable Asset Management,Annually,2.8 Hectares of land released for socio- economic purposes,Standardized,Not  Applicable,"Priority 5: Spatial Integration, Human Settlements and Local Government",Human Settlement and sustainable livelihood  ,"The Economic Sectors, Employment and Infrastructure Development cluster",,,,,,,10,4.2892,10,4.2892,4.2892,"Due to the required Deeds office processes not being met by the conveyancer appointed by the Donee for donation of property to the Department of Higher Education namely Portion 12 of Erf 363 Pietermaritzburg in extent of 6,5853ha for this one site that would have made up the 10 hectares target. ",The planned target for 25-26 FY will be monitored in terms of ensuring all conveyancing processes are closely monitored.  ,,,,,,,,,,,,,,59
Public Works,Public Works,KwaZulu-Natal,Programme 2: Public Works Infrastructure,Sub Programme 2.6: Immovable Asset Management,Quarterly,2.1 Number of utilization inspections conducted for office accommodation (Hired),Standardized,Not  Applicable,Priority 2: Economic Transformation And Job Creation,Job Creation,"The Economic Sectors, Employment and Infrastructure Development cluster",45,37,45,53,45,45,45,45,180,180,180,,,,The under achievement was due to regional under-targeting.    ,This has been addressed with Regions and Quarter 2 will address the shortfall,Target has been overachieved due to the 8 (underachieved) from Quarter 1 that was achieved during Quarter 2.  ,Targets will be closely monitored and compliance  with the plan,,,,,,,,,59
Public Works,Public Works,KwaZulu-Natal,Programme 2: Public Works Infrastructure,Sub Programme 2.6: Immovable Asset Management,Quarterly,2.1 Number of utilization inspections conducted for office accommodation (State-owned),Standardized,Not  Applicable,Priority 2: Economic Transformation And Job Creation,Job Creation,"The Economic Sectors, Employment and Infrastructure Development cluster",20,20,32,32,32,32,16,16,100,100,100,,,,,,,,,,,,,,,,59
Public Works,Public Works,KwaZulu-Natal,Programme 2: Public Works Infrastructure,Sub Programme 2.6: Immovable Asset Management,Quarterly,2.4 Number of condition assessments finalized on state owned buildings,Not Applicable,Not  Applicable,Priority 2: Economic Transformation And Job Creation,Job Creation,"The Economic Sectors, Employment and Infrastructure Development cluster",0,,0,,100,76,50,85,150,161,161,The contract for previous financial year’s consultant appointment and deliverables (76) overlapped into 2024/25 financial year consultant appointment and deliverables (85) resulting in overachievement.,New contracts (appointments) will be adjusted to align with the projected target for contracts that overlap into the following financial year.,,,,,,Please capture output even if the target is zero,Project being put on-hold due to procurement challenges.,The matter is currently being handled by Legal and Provincial Treasury.,,The contract for previous financial year’s consultant appointment and deliverables (76) overlapped into 2024/25 financial year consultant appointment and deliverables (85) resulting in overachievement.,"For contract that overlap into the following financial year, new contracts (appointments) will be adjusted to align with the projected target",please capture output even if the target is zero .,,59
Public Works,Public Works,KwaZulu-Natal,Programme 2: Public Works Infrastructure,Sub Programme 2.6: Immovable Asset Management,Quarterly,2.6 Number of facilities provided,Not Applicable,Not  Applicable,Priority 2: Economic Transformation And Job Creation,Job Creation,"The Economic Sectors, Employment and Infrastructure Development cluster",21,26,11,11,6,19,18,3,56,3,59,The over achievement is due to the backlog of leases being signed and extensions/deviations,The planned targets for 25-26 FY will be closely monitored,,Target was overachieved due to backlog leases being signed and extension/deviations. ,The special project for finalisation of outstanding leases has contributed to the over achievement for this quarter. ,,,,Due to short term leases being finalized whilst alternate processes are underway. ,"Targets for 24/25 will be overachieved.  However, planning for 25/26 has commenced to allow for compliance thereto.  ",Please expand on the reason for deviation and review corrective action statement.,The indicator has accumulatively achieved 59 surpassing 3 against an Annual Target of 56.,The planned targets for 25-26 FY will be closely monitored,,,59
Public Works,Public Works,KwaZulu-Natal,Programme 3: Expanded Public Works Programme,Programme 3: Expanded Public Works Programme,Quarterly,3.1 Number of work opportunities created by Provincial Public Works and Infrastructure,Standardized,Not  Applicable,Priority 2: Economic Transformation And Job Creation,Job Creation,"The Economic Sectors, Employment and Infrastructure Development cluster",400,832,600,2158,1000,27,1000,18,3000,3035,3035,"The overachievement is attributed to cleaners that are now reported by all regions, previously, only the North Coast Region reported on cleaners employed under EPWP.",Department EPWP will  implement a balanced quarterly allocation and monitoring system to evenly distribute work opportunities throughout the year. Regular reviews and adjustments will ensure targets are met consistently across all quarters.,,The Department received an additional funding earlier in May 2024 to create more work opportunities.,"The Department is to ensure that funding is allocated is used to create work opportunities as planned and as per business plan prepared, to ensure that quarterly targets are met accordingly.",The Department received an addidtional funding earlier in May 2024 to create more work opportunities.,"The Department is to ensure the funding allocated is used to create work opportunities as planned and as per business plan prepared, to ensure that quarterly targets are met accordingly.",,"This indicator accumulatively has achieved 3017 surpassing the Annual Target by 17.
The department was allocated an additional R19 million in May 2024 to create more work opportunities. As a result, most of these work opportunities were generated in Q1 and Q2.
",The department will implement a balanced quarterly allocation and monitoring system to evenly distribute work opportunities throughout the year. Regular reviews and adjustments will ensure targets are met consistently across all quarters.,The corrective action has been noted,"This indicator accumulatively has achieved 3035 surpassing the Annual Target by 35.


","Department EPWP has achieved the Departmental target of 3 000 WO, despite falling short of the Q4 target. However, Department EPWP will also implement a balanced quarterly allocation and monitoring system to evenly distribute work opportunities throughout the year. Regular reviews and adjustments will ensure targets are met consistently across all quarters.",,,59
Public Works,Public Works,KwaZulu-Natal,Programme 3: Expanded Public Works Programme,Programme 3: Expanded Public Works Programme,Quarterly,3.2 Number of Beneficiary empowerment interventions,Not Applicable,Not  Applicable,Priority 2: Economic Transformation And Job Creation,Job Creation,"The Economic Sectors, Employment and Infrastructure Development cluster",1,1,1,1,1,1,1,1,4,4,4,,,,,,,,,,,,,,,,59
Public Works,Public Works,KwaZulu-Natal,Programme 3: Expanded Public Works Programme,Programme 3: Expanded Public Works Programme,Quarterly,3.3 Number of trainings provided to emerging Contractors,Not Applicable,Not  Applicable,Priority 2: Economic Transformation And Job Creation,Job Creation,"The Economic Sectors, Employment and Infrastructure Development cluster",1,1,2,2,1,1,2,2,6,6,6,,,,,,,,,,,,,,,,59
Public Works,Public Works,KwaZulu-Natal,Programme 3: Expanded Public Works Programme,Programme 3: Expanded Public Works Programme,Quarterly,3.4 Number of Public Bodies reporting on EPWP targets in the province,Standardized,Min,Priority 2: Economic Transformation And Job Creation,Job Creation,"The Economic Sectors, Employment and Infrastructure Development cluster",65,65,65,65,65,65,65,65,65,65,65,,,,,"




DSAC report will be processed when participants are payed and uploaded by the 15th July 2024.


The Department held a meeting with ILM on the 20th of June 2024 to address the appointment of EPWP personnel and renewal of required credentials. 


Umdoni had a working session on the 4th of July to assist them in reporting their newly implemented projects. These projects are to appear on the system by the 15th of July, when the EPWP reporting system closes.

The Public Body will start reporting in Q2. Recruitment of new participants has been finalised

The department is to conduct a working session with this Public Body as scheduled for the 10th of July 2024. 

",,,,,,,,,,,59
Public Works,Public Works,KwaZulu-Natal,Programme 3: Expanded Public Works Programme,Programme 3: Expanded Public Works Programme,Quarterly,3.5 Number of interventions implemented to support Public Bodies participating in the EPWP,Standardized,Not  Applicable,Priority 2: Economic Transformation And Job Creation,Job Creation,"The Economic Sectors, Employment and Infrastructure Development cluster",3,3,4,5,3,3,4,4,14,15,15,The overachievement is due to resuscitation of the EPWPs coordinators forum as one of the platforms that assist in monitoring the performance of all EPWP sectors.,"
The EPWP will review and adjust the number of planned interventions for the upcoming financial year, taking into account the availability of budget. To optimise resources and reduce the number of meetings, the Directorate will consolidate meetings with similar objectives and overlapping stakeholders into a single engagement.
",,,,The over-achievement is due to the resuscitation of the EPWP coordinators forum as one of the platforms that assist in monitoring the perfomance of the EPWP Sectors,The interventions is to be included in the next Financial Year's Annual Operational Plan and APP,,,,,,,,,59
