Sector,Institution,Programme,SubProgramme,Location,Frequency,Indicator,Type,SubType,Outcome,Priority,Cluster,Target_Q1,ActualOutput_Q1,Target_Q2,ActualOutput_Q2,Target_Q3,ActualOutput_Q3,Target_Q4,ActualOutput_Q4,AnnualTarget_Summary2,Preliminary_Summary2,PrelimaryAudited_Summary2,ReasonforDeviation_Summary,CorrectiveAction_Summary,ValidatedAudited_Summary2,ReasonforDeviation_Q1,CorrectiveAction_Q1,ReasonforDeviation_Q2,CorrectiveAction_Q2,OTP_Q2,ReasonforDeviation_Q3,CorrectiveAction_Q3,ReasonforDeviation_Q4,CorrectiveAction_Q4,UID
,North West: Provincial Treasury,North West,Programme 1: Administration,Sub - Programme 1.1: Office of the MEC,Annually,Number of Annual Reports submitted to the North West Provincial Legislature for tabling,Non-Standardized,Not  Applicable,"Priority 1: A Capable, Ethical and Developmental State",Eradication of Corruption,"Governance, State Capacity and Institutional Development cluster",,,1,1,,,,,1,1,1,N/A,N/A,,,,,,,,,,,29
,North West: Provincial Treasury,North West,Programme 1: Administration,Sub - Programme 1.3: Corporate Services,Quarterly,Number of officials trained in line with Work Skills Plan ,Non-Standardized,Not  Applicable,"Priority 1: A Capable, Ethical and Developmental State",Job Creation,"Governance, State Capacity and Institutional Development cluster",20,60,60,184,50,67,20,54,150,365,365,Increased Demand for training by officials in line with the Work Skills Plan.,N/A,,This variance was as a result of additional trainings which had to be undertaken.,N/A,"Over achievement was as a result of:

1.Three mandatory trainings for interns :

1.1.(New TVET Interns) Personal Mastery training =19 officials  
1.2.(Graduate Interns) Personal Mastery=67 officials
1.3.BB2E training=18 officials.

2.Advanced Management Development Programme (AMDP):

The training could not take place last financial year because a group needed to be formed, confirmation for training was only received in Q2 2024/25 FY. Block 1-2 =20 Officials
",N/A,,Overachievement was as a result of increased Demand for training by officials in line with the Work Skills Plan ,N/A,"The overachievement was as a result of increased Demand for training by officials in line with the Work Skills Plan.
",N/A,29
,North West: Provincial Treasury,North West,Programme 1: Administration,Sub - Programme 1.4: Financial Management (CFO),Quarterly,% of valid invoices paid within 30 days,Non-Standardized,Not  Applicable,"Priority 1: A Capable, Ethical and Developmental State",Eradication of Corruption,"Governance, State Capacity and Institutional Development cluster",100 %,100 %,100 %,100 %,100 %,100 %,100 %,100 %,100 %,100 %,100,N/A,N/A,,N/A,N/A ,N/A,N/A,,N/A,N/A,N/A,N/A,29
,North West: Provincial Treasury,North West,Programme 1: Administration,Sub - Programme 1.4: Financial Management (CFO),Quarterly,Number of reports on procurement spend to  Women-owned businesses produced,Non-Standardized,Not  Applicable,"Priority 1: A Capable, Ethical and Developmental State",Eradication of Corruption,"Governance, State Capacity and Institutional Development cluster",1,1,1,1,1,1,1,1,4,4,4,N/A,N/A,,N/A,N/A,N/A,N/A,,N/A,N/A,N/A,N/A,29
,North West: Provincial Treasury,North West,Programme 1: Administration,Sub - Programme 1.4: Financial Management (CFO),Quarterly,Number of reports on procurement spend to  youth owned businesses produced,Non-Standardized,Not  Applicable,"Priority 1: A Capable, Ethical and Developmental State",Eradication of Corruption,"Governance, State Capacity and Institutional Development cluster",1,1,1,1,1,1,1,1,4,4,4,N/A,N/A,,N/A,N/A,N/A,N/A,,N/A,N/A,N/A,N/A,29
,North West: Provincial Treasury,North West,Programme 1: Administration,Sub - Programme 1.4: Financial Management (CFO),Quarterly,Number of reports on procurement spend to persons with disabilities  owned businesses produced,Non-Standardized,Not  Applicable,"Priority 1: A Capable, Ethical and Developmental State",Eradication of Corruption,"Governance, State Capacity and Institutional Development cluster",1,1,1,1,1,1,1,1,4,4,4,N/A,N/A,,N/A,N/A,N/A,N/A,,N/A,N/A,N/A,N/A,29
,North West: Provincial Treasury,North West,Programme 1: Administration,Sub-Programme 1.2: Risk Management,Annually,% of compliance to Financial Disclosure on designated groups,Non-Standardized,Not  Applicable,"Priority 1: A Capable, Ethical and Developmental State",Eradication of Corruption,"Governance, State Capacity and Institutional Development cluster",,,100 %,100 %,,,,,100 %,100 %,100,N/A,N/A,,,,,,,,,,,29
,North West: Provincial Treasury,North West,Programme 1: Administration,Sub-Programme 1.2: Risk Management,Annually,% submission of disclosures of financial interest for SMS,Non-Standardized,Not  Applicable,"Priority 1: A Capable, Ethical and Developmental State",Eradication of Corruption,"Governance, State Capacity and Institutional Development cluster",100 %,100 %,,,,,,,100 %,100 %,100,N/A,N/A,,,,,,,,,,,29
,North West: Provincial Treasury,North West,Programme 1: Administration,Sub-Programme 1.2: Risk Management,Annually,Number of Strategic Risk Assessment Performed,Non-Standardized,Not  Applicable,"Priority 1: A Capable, Ethical and Developmental State",Eradication of Corruption,"Governance, State Capacity and Institutional Development cluster",,,,,,,1,1,1,1,1,N/A,N/A,,,,,,,,,,,29
,North West: Provincial Treasury,North West,Programme 1: Administration,Sub-Programme 1.4: Financial Management (CFO),Annually,Number of Annual financial statements without material misstatements,Non-Standardized,Not  Applicable,"Priority 1: A Capable, Ethical and Developmental State",Eradication of Corruption,"Governance, State Capacity and Institutional Development cluster",,,1,1,,,,,1,1,1,N/A,N/A,,,,,,,,,,,29
,North West: Provincial Treasury,North West,Programme 2: Sustainable Resource Management,"Sub-Programme 2.1: Budget Management, Public Finance Management and Infrastructure Coordination",Annually,Estimates of Provincial Revenue and Expenditure (EPRE),Non-Standardized,Not  Applicable,"Priority 1: A Capable, Ethical and Developmental State",Eradication of Corruption,"Governance, State Capacity and Institutional Development cluster",,,,,,,1,1,1,1,1,N/A,N/A,,,,,,,,,,,29
,North West: Provincial Treasury,North West,Programme 2: Sustainable Resource Management,"Sub-Programme 2.1: Budget Management, Public Finance Management and Infrastructure Coordination",Quarterly,Number of quarterly financial assessment performed on provincial spending  ,Non-Standardized,Not  Applicable,"Priority 1: A Capable, Ethical and Developmental State",Eradication of Corruption,"Governance, State Capacity and Institutional Development cluster",1,1,1,1,1,1,1,1,4,4,4,N/A,N/A,,N/A,N/A,N/A,N/A,,N/A,N/A,N/A,N/A,29
,North West: Provincial Treasury,North West,Programme 2: Sustainable Resource Management,Sub-Programme 2.2: Economic Analysis and Fiscal Policy,Annually,Amount of Provincial own revenue collected ,Non-Standardized,Not  Applicable,"Priority 1: A Capable, Ethical and Developmental State",Eradication of Corruption,"Governance, State Capacity and Institutional Development cluster",,,,,,,"R 1.3 billion
",Preliminary revenue collection amounts to R1.209 billion,"R 1.3 billion
",Preliminary revenue collection amounts to R1.209 billion,R1.209 billion,"The main drivers of under collection are: 

COSATMA due to the late implementation of MVL tariffs and the decentralization of the white fleet, and the management of log sheets 

DEDECT is attributed to underperforming Casino Taxes after the ConCourt judgement, which deemed the revised tariffs to be unlawful. The entity had to revert to the old tariffs

DPWR disposal of non-strategic properties

","Implementing the revenue recovery plans and enhancement strategies, 

Encourage departments to plan auctioning of yellow and white fleet including redundant and obsolete assets during the 2nd and 3rd quarter of the financial year.
",,,,,,,,,,,29
,North West: Provincial Treasury,North West,Programme 2: Sustainable Resource Management,Sub-Programme 2.3: Municipal Financial Management,Annually,Number of  budget assessments conducted on adopted municipal budgets,Non-Standardized,Not  Applicable,"Priority 1: A Capable, Ethical and Developmental State",Eradication of Corruption,"Governance, State Capacity and Institutional Development cluster",,,20,20,,,,,20,20,20,N/A,N/A,,,,,,,,,,,29
,North West: Provincial Treasury,North West,Programme 2: Sustainable Resource Management,Sub-Programme 2.3: Municipal Financial Management,Quarterly,Number of municipal capacity building interventions  conducted ,Non-Standardized,Not  Applicable,"Priority 1: A Capable, Ethical and Developmental State",Job Creation,"Governance, State Capacity and Institutional Development cluster",1,1,1,1,1,1,1,1,4,4,4,N/A,N/A,,N/A,N/A,N/A,N/A,,N/A,N/A,N/A,N/A,29
,North West: Provincial Treasury,North West,Programme 2: Sustainable Resource Management,Sub-Programme 2.3: Municipal Financial Management,Quarterly,Number of reports on technical support provided to municipalities in-line with Section 154 of the Constitution,Non-Standardized,Not  Applicable,"Priority 1: A Capable, Ethical and Developmental State",Eradication of Corruption,"Governance, State Capacity and Institutional Development cluster",1,1,1,1,1,1,1,1,4,4,4,N/A,N/A,,N/A,N/A,N/A,N/A,,N/A,N/A,N/A,N/A,29
,North West: Provincial Treasury,North West,Programme 2: Sustainable Resource Management,Sub-Programme 2.3: Municipal Financial Management,Quarterly,Number of Reports on the implementation of the Financial Recovery Plan,Non-Standardized,Not  Applicable,"Priority 1: A Capable, Ethical and Developmental State",Eradication of Corruption,"Governance, State Capacity and Institutional Development cluster",1,1,1,1,1,1,1,1,4,4,4,N/A,N/A,,N/A,N/A,N/A,N/A,,N/A,N/A,N/A,N/A,29
,North West: Provincial Treasury,North West,Programme 3: Asset and Liabilities Management,Sub-Programme 3.1: Asset Management and Provincial Supply Chain Management  ,Quarterly,Number of assessments done on non-compliance by Departments and Public Entities on SCM regulations,Non-Standardized,Not  Applicable,"Priority 1: A Capable, Ethical and Developmental State",Eradication of Corruption,"Governance, State Capacity and Institutional Development cluster",1,1,1,1,1,1,1,1,4,4,4,N/A,N/A,,N/A,N/A,N/A,N/A,,N/A,N/A,N/A,N/A,29
,North West: Provincial Treasury,North West,Programme 3: Asset and Liabilities Management,Sub-Programme 3.1: Asset Management and Provincial Supply Chain Management  ,Quarterly,Number of asset management capacity building interventions provided to departments and Public Entities ,Non-Standardized,Not  Applicable,"Priority 1: A Capable, Ethical and Developmental State",Eradication of Corruption,"Governance, State Capacity and Institutional Development cluster",0,0,0,0,2,3,2,1,4,4,4,N/A,N/A,,N/A,N/A,N/A,N/A,,"One of the capacity building interventions earmarked for 4th Quarter was moved to third Quarter as the unit wanted Departments to report properly on changes to the Modified Cash Standard in their 3rd Quarter IFS, to enable Treasury to spend the 4th Quarter closing the gaps that will be identified during the review of 3rd Quarter IFS notes.",N/A,The capacity building intervention which was scheduled for the fourth quarter was conducted in the third quarter,N/A,29
,North West: Provincial Treasury,North West,Programme 3: Asset and Liabilities Management,Sub-Programme 3.1: Asset Management and Provincial Supply Chain Management  ,Quarterly,Number of Departments and Public Entities supported to improve audit outcomes on SCM  ,Non-Standardized,Not  Applicable,"Priority 1: A Capable, Ethical and Developmental State",Eradication of Corruption,"Governance, State Capacity and Institutional Development cluster",0,0,0,0,3,3,4,4,7,7,7,N/A,N/A,,N/A,N/A,N/A,N/A,,N/A,N/A,N/A,N/A,29
,North West: Provincial Treasury,North West,Programme 3: Asset and Liabilities Management,Sub-Programme 3.1: Asset Management and Provincial Supply Chain Management  ,Quarterly,Number of supply chain management (SCM) capacity building interventions provided to Departments and Public Entities,Non-Standardized,Not  Applicable,"Priority 1: A Capable, Ethical and Developmental State",Job Creation,"Governance, State Capacity and Institutional Development cluster",1,1,1,1,1,1,1,1,4,4,4,N/A,N/A,,N/A,N/A,N/A,N/A,,N/A,N/A,N/A,N/A,29
,North West: Provincial Treasury,North West,Programme 4: Financial Governance,"Sub-Programme 4.1: Programme Support – Accountant General, Provincial Accounting Services, Financial Systems and Provincial Risk Management",Annually,Number of  departments and public entities achieving improved risk management maturity level,Non-Standardized,Not  Applicable,"Priority 1: A Capable, Ethical and Developmental State",Eradication of Corruption,"Governance, State Capacity and Institutional Development cluster",,,,,,,"9 (6D; 3PE)
",15 (11D; 4PE) ,"9 (6D; 3PE)
",15 (11D; 4PE) ,15 (11D; 4PE) ,"Overachievement was as a result of 
policy development and implementation of risk management by additional five Departments and one Public Entity
",N/A,,,,,,,,,,,29
,North West: Provincial Treasury,North West,Programme 4: Financial Governance,"Sub-Programme 4.1: Programme Support – Accountant General, Provincial Accounting Services, Financial Systems and Provincial Risk Management",Annually,Number of key control assessments performed on departments and public entities,Non-Standardized,Not  Applicable,"Priority 1: A Capable, Ethical and Developmental State",Eradication of Corruption,"Governance, State Capacity and Institutional Development cluster",,,,,"7 (6 D; 1 PE)
",7 (6 D; 1 PE) ,,,"7 (6 D; 1 PE)
",7 (6 D; 1 PE) ,7 (6 D; 1 PE) ,N/A,N/A,,,,,,,,,,,29
,North West: Provincial Treasury,North West,Programme 4: Financial Governance,"Sub-Programme 4.1: Programme Support – Accountant General, Provincial Accounting Services, Financial Systems and Provincial Risk Management",Quarterly,Number of capacity Building Interventions for Departments and Public Entities ,Non-Standardized,Not  Applicable,"Priority 1: A Capable, Ethical and Developmental State",Job Creation,"Governance, State Capacity and Institutional Development cluster",2,2,3,3,2,2,2,2,9,9,9,N/A,N/A,,N/A,N/A,N/A,N/A,,N/A,N/A,N/A,N/A,29
,North West: Provincial Treasury,North West,Programme 4: Financial Governance,"Sub-Programme 4.1: Programme Support – Accountant General, Provincial Accounting Services, Financial Systems and Provincial Risk Management",Quarterly,Number of monitoring reports on implementation of AGSA findings on the preceding financial year on departments and public entities,Non-Standardized,Not  Applicable,"Priority 1: A Capable, Ethical and Developmental State",Eradication of Corruption,"Governance, State Capacity and Institutional Development cluster",0,0,0,0,1,1,2,2,3,3,3,N/A,N/A,,N/A,N/A,N/A,N/A,,N/A,N/A,N/A,N/A,29
,North West: Provincial Treasury,North West,Programme 4: Financial Governance,"Sub-Programme 4.1: Programme Support – Accountant General, Provincial Accounting Services, Financial Systems and Provincial Risk Management",Quarterly,Number of Payment Files interfaced between the core Financial Systems ,Non-Standardized,Not  Applicable,"Priority 1: A Capable, Ethical and Developmental State",Eradication of Corruption,"Governance, State Capacity and Institutional Development cluster",55,60,55,60,55,54,55,55,220,229,229,N/A,N/A,,There was no load-shedding experienced in the quarter and the system (mainframe) has been operating efficiently.,N/A,Load Shedding and downtime of the Mainframe has reduced and made it possible for almost all interfaces to be a success.,N/A,," 	
The reasons for under-achievement are as follow:

1) The mainframe was down on the 3rd and 4th of December, therefore the team could not process any payment interface files
2) December is a very short month as the last interface date is the 17 of December 2024",The mainframe has been restored and updates performed to ensure that interruptions to the system are averted.,N/A,N/A,29
,North West: Provincial Treasury,North West,Programme 4: Financial Governance,Sub-Programme 4.2: Provincial Internal Audit,Annually,Number of departmental post audit action plans implementation assessed  ,Non-Standardized,Not  Applicable,"Priority 1: A Capable, Ethical and Developmental State",Eradication of Corruption,"Governance, State Capacity and Institutional Development cluster",,,,,,,11,11,11,11,11,N/A,N/A,,,,,,,,,,,29
,North West: Provincial Treasury,North West,Programme 4: Financial Governance,Sub-Programme 4.2: Provincial Internal Audit,Annually,Number of departmental risk management systems assessed,Non-Standardized,Not  Applicable,"Priority 1: A Capable, Ethical and Developmental State",Eradication of Corruption,"Governance, State Capacity and Institutional Development cluster",,,,,11,11,,,11,11,11,N/A,N/A,,,,,,,,,,,29
