Sector,Institution,Programme,SubProgramme,Location,Frequency,Indicator,Type,SubType,Outcome,Priority,Cluster,Target_Q1,ActualOutput_Q1,Target_Q2,ActualOutput_Q2,Target_Q3,ActualOutput_Q3,Target_Q4,ActualOutput_Q4,AnnualTarget_Summary2,Preliminary_Summary2,PrelimaryAudited_Summary2,ReasonforDeviation_Summary,CorrectiveAction_Summary,ValidatedAudited_Summary2,OTP_Q1,ReasonforDeviation_Q2,CorrectiveAction_Q2,OTP_Q2,ReasonforDeviation_Q3,CorrectiveAction_Q3,OTP_Q3,ReasonforDeviation_Q4,CorrectiveAction_Q4,OTP_Q4,ReasonforDeviation_Q1,CorrectiveAction_Q1,National_Q1,National_Q2,National_Q3,National_Q4,UID
Environmental Affairs,Environmental Affairs,North West,Programme 1:  Administration ,Programme 1:  Administration ,Annually,default,Not Applicable,Not  Applicable,Not Applicable,-,Not Applicable,,,,,,,,,,,0,,,,,,,,,,,,,,,,,,,,98
Environmental Affairs,Environmental Affairs,North West,Programme 1:  Administration ,Programme 1:  Administration ,Annually,Percentage of Budget spent on enterprise owned by women,Non-Standardized,Not  Applicable,Priority 2: Economic Transformation And Job Creation,Job Creation,"The Economic Sectors, Employment and Infrastructure Development cluster",,,,,,,40 %,,40 %,,45,More commodities were procured  from women owned enterprises,None,,,,,,,,,,,,,,,,,,98
Environmental Affairs,Environmental Affairs,North West,Programme 1:  Administration ,Programme 1:  Administration ,Annually,Percentage of prior year audit findings resolved,Non-Standardized,Not  Applicable,Priority 2: Economic Transformation And Job Creation,Job Creation,"The Economic Sectors, Employment and Infrastructure Development cluster",,,,,,,100 %,89 %,100 %,89 %,89,Some POEs were not provided to support implemention of  action plan in order to clear the finding,None,,,,,,,,,,,,,,,,,,98
Environmental Affairs,Environmental Affairs,North West,Programme 1:  Administration ,Programme 1:  Administration ,Quarterly,default,Not Applicable,Not  Applicable,Not Applicable,-,Not Applicable,,,,,,,,,,0,0,,,,,,,,,,,,,,,,,,,,98
Environmental Affairs,Environmental Affairs,North West,Programme 1:  Administration ,Programme 1:  Administration ,Quarterly,Number of oversight on the performance of Entities,Non-Standardized,Not  Applicable,Priority 2: Economic Transformation And Job Creation,Job Creation,"The Economic Sectors, Employment and Infrastructure Development cluster",1,1,1,0,1,1,1,1,4,1,3,tbp,,,Output not reported on ,,,Output not updated,None,None,Output not reported instead reason for deviation reported as output,None,None,Output not reported and reason for deviation not stated,None,None,,,,,98
Environmental Affairs,Environmental Affairs,North West,Programme 1:  Administration ,Programme 1:  Administration ,Quarterly,Number of reports on the implementation of disaster management plan,Non-Standardized,Not  Applicable,Priority 2: Economic Transformation And Job Creation,Job Creation,"The Economic Sectors, Employment and Infrastructure Development cluster",1,1,1,1,1,1,1,1,4,4,4,None,None,,Output not reported on ,None,None,Output not updated,None,None,Output not reported and reason for deviation not stated,None,None,Output not reported and reason for deviation not stated,None,None,,,,,98
Environmental Affairs,Environmental Affairs,North West,Programme 1:  Administration ,Programme 1:  Administration ,Quarterly,Percentage of invoices paid within 30 days after receipts of invoices,Non-Standardized,Not  Applicable,Priority 2: Economic Transformation And Job Creation,Job Creation,"The Economic Sectors, Employment and Infrastructure Development cluster",100 %,88 %,100 %,91.4% %,100 %,100% %,100 %,95% %,100 %,88 %,94,Unavailability of the system due maintance of the mainframe,None,,Output not reported on ,"1.Non Adherence to turn around time                                             2. Payment rejection to invalid SARS reference number.

",Intensify follow-ups to ensure that turnaround time is complied with.  ,,None,None,,1. Human error - incorrect date of invoice captured  2. Unavailability of the system due maintance of the mainframe,None,,Some invoices were accruals and others were payables due to closure of the system,Encourage suppliers to submit invoices immediately after the opening of the new financial year,,,,,98
Environmental Affairs,Environmental Affairs,North West,Programme 1:  Administration ,Sub-Programme 1.1: Office of the MEC,Annually,default,Not Applicable,Not  Applicable,Not Applicable,-,Not Applicable,,,,,,,,,,,,,,,,,,,,,,,,,,,,,,,98
Environmental Affairs,Environmental Affairs,North West,Programme 1:  Administration ,Sub-Programme 1.1: Office of the MEC,Quarterly,default,Not Applicable,Not  Applicable,Not Applicable,-,Not Applicable,,,,,,,,,,0,,,,,,,,Remove,,,,,,,,,,,,,98
Environmental Affairs,Environmental Affairs,North West,Programme 1:  Administration ,Sub-Programme 1.2: Senior Management (HOD),Annually,default,Not Applicable,Not  Applicable,Not Applicable,-,Not Applicable,,,,,,,,,,,,,,,,,,,,,,,,,,,,,,,98
Environmental Affairs,Environmental Affairs,North West,Programme 1:  Administration ,Sub-Programme 1.2: Senior Management (HOD),Quarterly,default,Not Applicable,Not  Applicable,Not Applicable,-,Not Applicable,,,,,,,,,,0,,,,,,,,Remove,,,,,,,,,,,,,98
Environmental Affairs,Environmental Affairs,North West,Programme 1:  Administration ,Sub-Programme 1.3: Corporate Services,Annually,default,Not Applicable,Not  Applicable,Not Applicable,-,Not Applicable,,,,,,,,,,,,,,,,,,,,,,,,,,,,,,,98
Environmental Affairs,Environmental Affairs,North West,Programme 1:  Administration ,Sub-Programme 1.3: Corporate Services,Quarterly,default,Not Applicable,Not  Applicable,Not Applicable,-,Not Applicable,,,,,,,,,,0,,,,,,,,Remove,,,,,,,,,,,,,98
Environmental Affairs,Environmental Affairs,North West,Programme 1:  Administration ,Sub-Programme 1.4: Financial Management,Annually,default,Not Applicable,Not  Applicable,Not Applicable,-,Not Applicable,,,,,,,,,,,,,,,,,,,,,,,,,,,,,,,98
Environmental Affairs,Environmental Affairs,North West,Programme 1:  Administration ,Sub-Programme 1.4: Financial Management,Quarterly,default,Not Applicable,Not  Applicable,Not Applicable,-,Not Applicable,,,,,,,,,,0,,,,,,,,Remove,,,,,,,,,,,,,98
Environmental Affairs,Environmental Affairs,North West,Programme 1:  Administration ,Sub-Programme 1.5: Sector Skills Development and Training,Annually,default,Not Applicable,Not  Applicable,Not Applicable,-,Not Applicable,,,,,,,,,,,,,,,,,,,,,,,,,,,,,,,98
Environmental Affairs,Environmental Affairs,North West,Programme 1:  Administration ,Sub-Programme 1.5: Sector Skills Development and Training,Quarterly,default,Not Applicable,Not  Applicable,Not Applicable,-,Not Applicable,,,,,,,,,,0,,,,,,,,Remove,,,,,,,,,,,,,98
Environmental Affairs,Environmental Affairs,North West,Programme 2 Intergrated Economic Development Services,Intergrated Economic Developemnt Services,Annually,Number of small businesses incubated successfully,Non-Standardized,Not  Applicable,Priority 2: Economic Transformation And Job Creation,Job Creation,"The Economic Sectors, Employment and Infrastructure Development cluster",,,,,,,30,30,30,30,30,None,None,,,,,,,,,,,,,,,,,,98
Environmental Affairs,Environmental Affairs,North West,Programme 2 Intergrated Economic Development Services,Intergrated Economic Developemnt Services,Annually,Number of work opportunities created through Integrated Economic Development Services public employment programmes,Non-Standardized,Not  Applicable,Priority 2: Economic Transformation And Job Creation,Job Creation,"The Economic Sectors, Employment and Infrastructure Development cluster",,,120,0,,,,,120,0,120,None,None,,,,,,,,,,,,,,,,,,98
Environmental Affairs,Environmental Affairs,North West,Programme 2 Intergrated Economic Development Services,Intergrated Economic Developemnt Services,Annually,Number of youth trained as business advisors,Non-Standardized,Not  Applicable,Priority 2: Economic Transformation And Job Creation,Job Creation,"The Economic Sectors, Employment and Infrastructure Development cluster",,,100,0,,,,,100,0,0,There was a delay in finalising the programme by Services SITA,The department is in the process of appointing a service provider to implement the programm,,,,,,,,,,,,,,,,,,98
Environmental Affairs,Environmental Affairs,North West,Programme 2 Intergrated Economic Development Services,Intergrated Economic Development Services,Quarterly,Number of business enterprises  supported through business  turnaround solutions ,Non-Standardized,Not  Applicable,Priority 2: Economic Transformation And Job Creation,Job Creation,"The Economic Sectors, Employment and Infrastructure Development cluster",0,1,0,0,5,0,5,1,10,2,2,Delay in procurement,,,,None,None,,None,None,,Delay in procurement,None,Output not reported and reason for deviation not stated,None,None,,,,,98
Environmental Affairs,Environmental Affairs,North West,Programme 2 Intergrated Economic Development Services,Intergrated Economic Development Services,Quarterly,Number of existing business supported,Non-Standardized,Not  Applicable,Priority 2: Economic Transformation And Job Creation,Job Creation,"The Economic Sectors, Employment and Infrastructure Development cluster",0,131,200,200,200,204,200,245,600,245,800,The overachievement was attributed to the Provincial Thuntsa Lerole and outreach conducted by the Chief Directorate,,,Kindly state the reason for over achievement,None,None,,Increase in filling of returns prompted by CIPC notice 60 to avert increase penalities and deregisration due to non-compliance.,None,,The overachievement was attributed to the Provincial Thuntsa Lerole and outreach conducted by the Chief Directorate,None,Output not reported and reason for deviation not stated,None,None,,,,,98
Environmental Affairs,Environmental Affairs,North West,Programme 2 Intergrated Economic Development Services,Intergrated Economic Development Services,Quarterly,Number of municipalities supported through capacity building intervention,Non-Standardized,Not  Applicable,Priority 2: Economic Transformation And Job Creation,Job Creation,"The Economic Sectors, Employment and Infrastructure Development cluster",4,4,5,5,5,5,4,6,18,6,20,The overachievement was attributed to the Provincial Thuntsa Lerole and outreach conducted by the Chief Directorate,None,,,None,None,,None,None,,The overachievement was attributed to the Provincial Thuntsa Lerole and outreach conducted by the Chief Directorate,None,Output not reported and reason for deviation not stated,None,None,,,,,98
Environmental Affairs,Environmental Affairs,North West,Programme 2 Intergrated Economic Development Services,Intergrated Economic Development Services,Quarterly,Number of organized business supported,Non-Standardized,Not  Applicable,Priority 2: Economic Transformation And Job Creation,Job Creation,"The Economic Sectors, Employment and Infrastructure Development cluster",1,1,1,1,1,0,1,2,4,2,4,,,,,None,None,,"The Directorate had plans to train an organised business but an alternative date was requested which is January 2025, the letter was received late in the month of December 2024. ","The Directorate had plans to train an organised business but an alternative date was requested which is January 2025, the letter was received late in the month of December 2024. ",,The directorate was catching up on Quarter 3's training and could not be implemented,None,Output not reported and reason for deviation not stated,None,None,,,,,98
Environmental Affairs,Environmental Affairs,North West,Programme 2 Intergrated Economic Development Services,Intergrated Economic Development Services,Quarterly,Number of small businesses provided with machinery and equipment,Non-Standardized,Not  Applicable,Priority 2: Economic Transformation And Job Creation,Job Creation,"The Economic Sectors, Employment and Infrastructure Development cluster",0,0,0,0,25,0,25,45,50,45,45,,,,,None,None,,"The Directorate had plans to deal with the backlog in the third quarter but due to price increases and inflation, beneficiaries could not be assisted. A request for approval is crafted to assist beneficiaries in the fourth quarter","Issuing an advertisement in January for new applications to ensure procurement aligns with updated prices.
",,The overachievement was attributed to the Provincial Thuntsa Lerole Programme  and NWDCs assistance with procurement processes,None,Output not reported and reason for deviation not stated,None,None,,,,,98
Environmental Affairs,Environmental Affairs,North West,Programme 2 Intergrated Economic Development Services,Intergrated Economic Development Services,Quarterly,Number of start-up businesses supported,Non-Standardized,Not  Applicable,Priority 2: Economic Transformation And Job Creation,Job Creation,"The Economic Sectors, Employment and Infrastructure Development cluster",0,52,200,218,200,200,200,228,600,228,719,The overachievement was attributed to the Provincial Thuntsa Lerole and outreach conducted by the Chief Directorate,None,,Kindly state the reason for over achievement,The target was exceeded as a result of a request from Department of Rural Development to assis with company registration.,None,,None,None,,The overachievement was attributed to the Provincial Thuntsa Lerole and outreach conducted by the Chief Directorate,None,Output not reported and reason for deviation not stated,More requests were received from other partners/ external stakeholders for information sessions on business registrations which led to the demand from clients to be assisted with registering their new businesses.,None,,,,,98
Environmental Affairs,Environmental Affairs,North West,"Programme 2: Environmental Policy,  Planning and Coordination  ","Programme 2: Environmental Policy,  Planning and Coordination  ",Annually,Number of climate change response interventions implemented,Standardized,Not  Applicable,"Priority 1: A Capable, Ethical and Developmental State",-,"The Economic Sectors, Employment and Infrastructure Development cluster",,,,,,,1,1,1,1,,None,None,,,,,,,,,,,,,,,,,,98
Environmental Affairs,Environmental Affairs,North West,"Programme 2: Environmental Policy,  Planning and Coordination  ","Programme 2: Environmental Policy,  Planning and Coordination  ",Annually,Number of environmental research projects completed,Standardized,Not  Applicable,"Priority 1: A Capable, Ethical and Developmental State",-,"The Economic Sectors, Employment and Infrastructure Development cluster",,,,,,,4,3,4,3,,Only 3 were submitted instead of 4 due to the passing of Mr Buijs in 2024.,None,,,,,,,,,,,,,,,,,,98
Environmental Affairs,Environmental Affairs,North West,"Programme 2: Environmental Policy,  Planning and Coordination  ","Programme 2: Environmental Policy,  Planning and Coordination  ",Annually,Number of functional environmental information management systems maintained,Standardized,Not  Applicable,"Priority 1: A Capable, Ethical and Developmental State",-,"The Economic Sectors, Employment and Infrastructure Development cluster",,,,,,,3,3,3,3,,None,None,,,,,,,,,,,,,,,,,,98
Environmental Affairs,Environmental Affairs,North West,"Programme 2: Environmental Policy,  Planning and Coordination  ","Programme 2: Environmental Policy,  Planning and Coordination  ",Annually,Number of inter-governmental sector programmes implemented,Standardized,Not  Applicable,"Priority 1: A Capable, Ethical and Developmental State",-,"The Economic Sectors, Employment and Infrastructure Development cluster",,,,,,,4,4,4,4,,None,None,,,,,,,,,,,,,,,,,,98
Environmental Affairs,Environmental Affairs,North West,"Programme 2: Environmental Policy,  Planning and Coordination  ","Programme 2: Environmental Policy,  Planning and Coordination  ",Annually,Number of legislated tools developed,Standardized,Not  Applicable,"Priority 1: A Capable, Ethical and Developmental State",-,"The Economic Sectors, Employment and Infrastructure Development cluster",,,,,,,5,0,5,0,,"The NW IWMP was submitted for approval on 7 March 2025.  Amendments were requested by MEC, which are still being attended to.",Corrections are being attended to and will be re-submitted for approval.,,,,,,,,,,,,,,,,,,98
Environmental Affairs,Environmental Affairs,North West,"Programme 2: Environmental Policy,  Planning and Coordination  ","Programme 2: Environmental Policy,  Planning and Coordination  ",Quarterly,Default,Not Applicable,Not  Applicable,Not Applicable,-,Not Applicable,,,,,,,,,,,,,,,,,,,,,,,,,,,,,,,98
Environmental Affairs,Environmental Affairs,North West,"Programme 2: Environmental Policy,  Planning and Coordination  ","Sub-Programme 2.1: Intergovernmental Coordination, Spatial and Development Planning",Annually,default,Not Applicable,Not  Applicable,Not Applicable,-,Not Applicable,,,,,,,,,,,,,,,,,,,,,,,,,,,,,,,98
Environmental Affairs,Environmental Affairs,North West,"Programme 2: Environmental Policy,  Planning and Coordination  ","Sub-Programme 2.1: Intergovernmental Coordination, Spatial and Development Planning",Quarterly,default,Not Applicable,Not  Applicable,Not Applicable,-,Not Applicable,,,,,,,,,,,,,,,,,,,,,,,,,,,,,,,98
Environmental Affairs,Environmental Affairs,North West,"Programme 2: Environmental Policy,  Planning and Coordination  ",Sub-Programme 2.2: Legislative Development,Annually,Default ,Not Applicable,Not  Applicable,Not Applicable,-,Not Applicable,,,,,,,,,,,,,,,,,,,,,,,,,,,,,,,98
Environmental Affairs,Environmental Affairs,North West,"Programme 2: Environmental Policy,  Planning and Coordination  ",Sub-Programme 2.2: Legislative Development,Quarterly,Default ,Not Applicable,Not  Applicable,Not Applicable,-,Not Applicable,,,,,,,,,,,,,,,,,,,,,,,,,,,,,,,98
Environmental Affairs,Environmental Affairs,North West,"Programme 2: Environmental Policy,  Planning and Coordination  ",Sub-Programme 2.3: Research and Development Support,Annually,Default ,Not Applicable,Not  Applicable,Not Applicable,-,Not Applicable,,,,,,,,,,,,,,,,,,,,,,,,,,,,,,,98
Environmental Affairs,Environmental Affairs,North West,"Programme 2: Environmental Policy,  Planning and Coordination  ",Sub-Programme 2.3: Research and Development Support,Quarterly,Default ,Not Applicable,Not  Applicable,Not Applicable,-,Not Applicable,,,,,,,,,,,,,,,,,,,,,,,,,,,,,,,98
Environmental Affairs,Environmental Affairs,North West,"Programme 2: Environmental Policy,  Planning and Coordination  ",Sub-Programme 2.4: Environmental Information Management,Annually,Default ,Not Applicable,Not  Applicable,Not Applicable,-,Not Applicable,,,,,,,,,,,,,,,,,,,,,,,,,,,,,,,98
Environmental Affairs,Environmental Affairs,North West,"Programme 2: Environmental Policy,  Planning and Coordination  ",Sub-Programme 2.4: Environmental Information Management,Quarterly,Default ,Not Applicable,Not  Applicable,Not Applicable,-,Not Applicable,,,,,,,,,,,,,,,,,,,,,,,,,,,,,,,98
Environmental Affairs,Environmental Affairs,North West,"Programme 2: Environmental Policy,  Planning and Coordination  ",Sub-Programme 2.5: Climate Change Management,Annually,Default ,Not Applicable,Not  Applicable,Not Applicable,-,Not Applicable,,,,,,,,,,,,,,,,,,,,,,,,,,,,,,,98
Environmental Affairs,Environmental Affairs,North West,"Programme 2: Environmental Policy,  Planning and Coordination  ",Sub-Programme 2.5: Climate Change Management,Quarterly,Default ,Not Applicable,Not  Applicable,Not Applicable,-,Not Applicable,,,,,,,,,,,,,,,,,,,,,,,,,,,,,,,98
Environmental Affairs,Environmental Affairs,North West,Programme 3 Trade and Sector Development,Trade and Sector Development,Annually,Number of sector studies commissioned and completed,Non-Standardized,Not  Applicable,Priority 2: Economic Transformation And Job Creation,Job Creation,"The Economic Sectors, Employment and Infrastructure Development cluster",,,,,1,0,,,1,0,0,The Service Provider was appointed in October 2024. Further delays were caused by disputes that were raised in the SLA.,"The Green Hydrogen Energy Study will therefore only commence in the 4th quarter and implementation will roll over into the financial year 2025-2026. 
",,,,,,,,,,,,,,,,,,98
Environmental Affairs,Environmental Affairs,North West,Programme 3 Trade and Sector Development,Trade and Sector Development,Quarterly,Number of Export Market Intelligence report,Non-Standardized,Not  Applicable,Priority 2: Economic Transformation And Job Creation,Job Creation,"The Economic Sectors, Employment and Infrastructure Development cluster",0,0,1,1,0,0,1,1,2,2,2,None,None,,,None,None,,None,None,,None,None,,"None
",None,,,,,98
Environmental Affairs,Environmental Affairs,North West,Programme 3 Trade and Sector Development,Trade and Sector Development,Quarterly,Number of Strategic Sector Projects supported,Non-Standardized,Not  Applicable,Priority 2: Economic Transformation And Job Creation,Job Creation,"The Economic Sectors, Employment and Infrastructure Development cluster",0,0,1,1,0,0,1,1,2,2,2,None,None,,,None,None,,None,None,,None,None,,None,None,,,,,98
Environmental Affairs,Environmental Affairs,North West,Programme 3: Compliance and Enforcement,Programme 3: Compliance and Enforcement,Annually,Default,Not Applicable,Not  Applicable,Not Applicable,-,Not Applicable,,,,,,,,,,,,,,,,,,,,,,,,,,,,,,,98
Environmental Affairs,Environmental Affairs,North West,Programme 3: Compliance and Enforcement,Programme 3: Compliance and Enforcement,Quarterly,Number of administrative enforcement notices issued for non-compliance with environmental management legislation,Standardized,Not  Applicable,"Priority 5: Spatial Integration, Human Settlements and Local Government",-,"The Economic Sectors, Employment and Infrastructure Development cluster",14,18,14,"


          19",11,22,11,12,50,71,,,,,,"Re-active, dependant on non-compliances encountered during inspections.
","     


None",,"Re-active, dependant on non compliances encountered during inspections.
",None,,"Re-active, dependant on non-compliances encountered during inspections.",None,,"Re-active, dependant on non-compliances encountered during inspections.
",None,"The province is above Q1 target and has achieved by exceeding the target for the quarter 
","The province is above Q2 target and has achieved by exceeding the target for the quarter 
","The province is above Q3 target and has achieved by exceeding the target for the quarter 
","The province is above Q4 target and has achieved the annual target  
",98
Environmental Affairs,Environmental Affairs,North West,Programme 3: Compliance and Enforcement,Programme 3: Compliance and Enforcement,Quarterly,Number of completed criminal investigations handed to the NPA for prosecution,Standardized,Not  Applicable,"Priority 5: Spatial Integration, Human Settlements and Local Government",-,"The Economic Sectors, Employment and Infrastructure Development cluster",20,21,20,"

          26
",10,10,10,25,60,82,,,,,,"Number of cases investigated depends on number of identified and reported illegal activities or non-compliances to environmental legislation
","
None",,None,None,,Number of cases investigated depends on number of identified and reported illegal activities or non-compliances to environmental legislation,None,,Number of cases investigated depends on number of identified and reported illegal activities or non-compliances to environmental legislation,None,"The province is above Q1 target and has achieved by exceeding the target for the quarter 
","The province is above Q2 target and has achieved by exceeding the target for the quarter 
","The province is on target for Q3 and has achieved the target for the quarter 
","The province is above Q4 target and has achieved the annual target  
",98
Environmental Affairs,Environmental Affairs,North West,Programme 3: Compliance and Enforcement,Programme 3: Compliance and Enforcement,Quarterly,Number of compliance inspections conducted,Standardized,Not  Applicable,"Priority 5: Spatial Integration, Human Settlements and Local Government",-,"The Economic Sectors, Employment and Infrastructure Development cluster",326,335,329,"          
          342

",268,277,277,291,1200,1245,,,,,,"More inspections had to be conducted due to complaints received in addition to planned inspections.
","
None",,"More inspections had to be conducted due to complaints received in addition to planned inspections.
",None,,"EQM - More complaints were received during this month, which is beyond our control.",None,,"EQM - More inspections had to be conducted due to complaints received leading to re-active inspections being conducted in addition to planned inspections.
",None,"The province is above Q1 target and has achieved by exceeding the target for the quarter 
","The province is above Q2 target and has achieved by exceeding the target for the quarter 
","The province is above Q3 target and has achieved by exceeding the target for the quarter 
","The province is above Q4 target and has achieved the annual target  
",98
Environmental Affairs,Environmental Affairs,North West,Programme 3: Compliance and Enforcement,Sub-Programme 3.1: Environmental quality management compliance and enforcement,Annually,default,Not Applicable,Not  Applicable,Not Applicable,-,Not Applicable,,,,,,,,,,,,,,,,,,,,,,,,,,,,,,,98
Environmental Affairs,Environmental Affairs,North West,Programme 3: Compliance and Enforcement,Sub-Programme 3.1: Environmental quality management compliance and enforcement,Quarterly,default,Not Applicable,Not  Applicable,Not Applicable,-,Not Applicable,,,,,,,,,,,,,,,,,,,,,,,,,,,,,,,98
Environmental Affairs,Environmental Affairs,North West,Programme 4 Business Regulations anad Governance,Business Regulations and Governance,Quarterly,Number of  awareness programmes on business licensing regulatory prescripts ,Non-Standardized,Not  Applicable,Priority 2: Economic Transformation And Job Creation,Job Creation,"The Economic Sectors, Employment and Infrastructure Development cluster",30,30,30,30,40,40,40,40,140,40,140,None,None,,,None,None,,None,None,,None,None,Output not reported and reason for deviation not stated,None,None,,,,,98
Environmental Affairs,Environmental Affairs,North West,Programme 4 Business Regulations anad Governance,Business Regulations and Governance,Quarterly,Number of consumer awareness programme on regulatory prescripts conducted,Non-Standardized,Not  Applicable,Priority 2: Economic Transformation And Job Creation,Job Creation,"The Economic Sectors, Employment and Infrastructure Development cluster",120 %,170 %,120 %,132 %,130 %,114 %,130 %,85 %,500 %,85 %,501,,None,,,More request due to Thuntsa Lerole programme and invitations from other stakeholders.,None,Reason for deviation not inidcated,"Unavailability of beneficiaries on the arranged date

","Outstanding Awareness programmes will be covered in the 4th quarter.
",,Staff shortage is the main cause for under performance.,None,,More invitations received from various Stakeholders and Thuntsha Lerole ,None,,,,,98
Environmental Affairs,Environmental Affairs,North West,Programme 4 Business Regulations anad Governance,Business Regulations and Governance,Quarterly,Number of liquor awareness programme on regulatory prescripts,Non-Standardized,Not  Applicable,Priority 2: Economic Transformation And Job Creation,Job Creation,"The Economic Sectors, Employment and Infrastructure Development cluster",100,162,125,108,125,144,100,"
57",450,57,471,,None,,,"The education officer was on sick leave for (3) three weeks, injury on duty.",The deficit will be covered for the next quarter.,,"Exceeded to make up for underperformance of previous quarter
",None,,Shortage of pool vehicle contributed to the undeperfomance as there are only two officials in the unit,None,Output not reported and reason for deviation not stated,More invitations received from various Stakeholders and Thuntsha Lerole ,None,,,,,98
Environmental Affairs,Environmental Affairs,North West,Programme 4 Business Regulations anad Governance,Business Regulations and Governance,Quarterly,Number of Social Responsibility Programmes conducted,Non-Standardized,Not  Applicable,Priority 2: Economic Transformation And Job Creation,Job Creation,"The Economic Sectors, Employment and Infrastructure Development cluster",1,1,2,2,2,2,1,1,6,1,6,None,None,,,None,None,,None,None,,None,None,Output not reported and reason for deviation not stated,None,None,,,,,98
Environmental Affairs,Environmental Affairs,North West,Programme 4 Business Regulations anad Governance,Business Regulations and Governance,Quarterly,Percentage of   liquor licence applications finalised,Non-Standardized,Not  Applicable,Priority 2: Economic Transformation And Job Creation,Job Creation,"The Economic Sectors, Employment and Infrastructure Development cluster",80 %,59 %,80 %,99% %,80 %,94 %,80 %,93 %,80 %,0 %,93,The unit overachievement was due to finalisation of applications to make way for the new provincial act.,None,,,Overachievement is to address the shortfall in the 1st quarter,Overachievement is to address the shortfall in the 1st quarter,,Overachievement is to address the shortfall in the 1st quarter,None,,The unit overachievement was due to finalisation of applications to make way for the new provincial act.,None,Output not reported and reason for deviation not stated,The board only set one month in quarter 1 due to unavailability of board members,The board will achieve the target and shortfall in the second quarter,,,,,98
Environmental Affairs,Environmental Affairs,North West,Programme 4 Business Regulations anad Governance,Business Regulations and Governance,Quarterly,Percentage of businesses compliant with consumer legislation ,Non-Standardized,Not  Applicable,Priority 2: Economic Transformation And Job Creation,Job Creation,"The Economic Sectors, Employment and Infrastructure Development cluster",70 %,71 %,70 %,61% %,70 %,70% %,70 %,70% %,70 %,71 %,70,None,None,,,Inspections were conducted at rural areas which is predominantly operated by foreign nationals and are not complying with the legislative prescripts.,Intensify campaign for compliance.,,Businesses are now complying with regulatory prescripts.,Not Applicable,,None,None,,Additional request from the Premier's Office due to Thuntsa Lerole programme.,None,,,,,98
Environmental Affairs,Environmental Affairs,North West,Programme 4 Business Regulations anad Governance,Business Regulations and Governance,Quarterly,Percentage of cases adjudicated by the Consumer  Court,Non-Standardized,Not  Applicable,Priority 2: Economic Transformation And Job Creation,Job Creation,"The Economic Sectors, Employment and Infrastructure Development cluster",60 %,33 %,60 %,100% %,60 %,40% %,60 %,46% %,60 %,33 %,55,"When summons are served, businesses contact their legal representatives late which lead to postponement.",None,,The department to develop an improvement plan with clear deadlines and attached ,Only one case  was received during the 2nd quater and settlement agreements were reached on  pending cases,None,,"Special Plea applications and request for postponement by attorneys representing businesses
","To enage attorneys for possible out of court settlement.
",,"When summons are served, businesses contact their legal representatives late which lead to postponement. ",None,,Request for postponement by Attorneys representing suppliers ,Pursue out of Court settlement ,,,,,98
Environmental Affairs,Environmental Affairs,North West,Programme 4 Business Regulations anad Governance,Business Regulations and Governance,Quarterly,Percentage of consumer  complaints resolved,Non-Standardized,Not  Applicable,Priority 2: Economic Transformation And Job Creation,Job Creation,"The Economic Sectors, Employment and Infrastructure Development cluster",70 %,66 %,70 %,68% %,70 %,62% %,70 %,90% %,70 %,66 %,72,,None,,The department to develop an improvement plan with clear deadlines and attached responsibility,"8 Cases were received towards the end of the quarter and are still under investigation

",Cases will be finalized during the next quarter,,"13 New cases were received towards the end of the third quarter and are under investigtion in terms of the Standard Operationg Procedure Manual.
","Investigation of theses cases will be finalized in the last quarter.
",,The Unit under performed by 8% on previous quarter and had to catch up on underperformance and performed target for the 4th Quater.,None,,Due to Non cooperation of suppliers ,Further engagement with suppliers will be pursued ,,,,,98
Environmental Affairs,Environmental Affairs,North West,Programme 4 Business Regulations anad Governance,Business Regulations and Governance,Quarterly,Percentage of liquor outlets compliant to legislative prescripts,Non-Standardized,Not  Applicable,Priority 2: Economic Transformation And Job Creation,Job Creation,"The Economic Sectors, Employment and Infrastructure Development cluster",80 %,83 %,80 %,82% %,80 %,82% %,80 %,82 %,80 %,83 %,82,Exceeded due to intensified inspections in view of the new provincial act.,None,,,More requests due to Thuntsa Lerole Programme and invitations from other stakeholders. ,None,,"Exceeded due to Thuntsa Lerole and invites by National Dtic and Dept's of labour
",None,,Exceeded due to intensified inspections in view of the new provincial act. ,None,Output not reported and reason for deviation not stated,"More request due to Thuntsa Lerole Programme, Operational latela molao and invitations from other stakeholders",None,,,,,98
Environmental Affairs,Environmental Affairs,North West,Programme 4 Business Regulations and Governance,Business Regulations and Governance,Annually,Number of work opportunities created through Business Regulations sector public employment programmes,Non-Standardized,Not  Applicable,Priority 2: Economic Transformation And Job Creation,Job Creation,"The Economic Sectors, Employment and Infrastructure Development cluster",,,,,200,200,,,200,200,200,None,None,,,,,,,,,,,,,,,,,,98
Environmental Affairs,Environmental Affairs,North West,Programme 4: Environmental Quality Management,Programme 4: Environmental Quality Management,Annually,Default,Not Applicable,Not  Applicable,Not Applicable,-,Not Applicable,,,,,,,,,,,,,,,,,,,,,,,,,,,,,,,98
Environmental Affairs,Environmental Affairs,North West,Programme 4: Environmental Quality Management,Programme 4: Environmental Quality Management,Quarterly,Percentage of complete Atmospheric Emission Licenses (AELs) issued within legislated timeframes,Standardized,Not  Applicable,"Priority 1: A Capable, Ethical and Developmental State",-,"The Economic Sectors, Employment and Infrastructure Development cluster",100%,100%,100%,100%	,100%,	100%,100%,0%,100%,-,,,,,,None,None,,None,None,,4 AELs have been submitted to AHoD for approval. Awaiting sign off,Follow up will be made,,None,None,"The province is on target for Q1 and has achieved the target for the quarter 
","The province is on target for Q2 and has achieved the target for the quarter 
","The province is on target for Q3 and has achieved the target for the quarter 
",The province is below Q4 target ,98
Environmental Affairs,Environmental Affairs,North West,Programme 4: Environmental Quality Management,Programme 4: Environmental Quality Management,Quarterly,Percentage of complete Environmental Impact Assessment (EIA) applications finalized within legislated timeframes,Standardized,Not  Applicable,"Priority 1: A Capable, Ethical and Developmental State",-,"The Economic Sectors, Employment and Infrastructure Development cluster",100%,100%,100%,100%	,100%,	100%,100%,100%,100%,-,,,,,,None,None,,None,None,,None,None,,None,None,"The province is on target for Q1 and has achieved the target for the quarter 
","The province is on target for Q2 and has achieved the target for the quarter 

","The province is on target for Q3 and has achieved the target for the quarter 
","The province is on target for Q4 and has achieved the annual target  
",98
Environmental Affairs,Environmental Affairs,North West,Programme 4: Environmental Quality Management,Programme 4: Environmental Quality Management,Quarterly,Percentage of complete Waste License applications finalised within legislated time-frames,Standardized,Not  Applicable,"Priority 1: A Capable, Ethical and Developmental State",-,"The Economic Sectors, Employment and Infrastructure Development cluster",100%,100%,100%,100%	,100%,	100%,100%,NAR,100%,-,,,,,,None,None,,None,None,,None,None,,None,None,"The province is on target for Q1 and has achieved the target for the quarter 
","The province is on target for Q2 and has achieved the target for the quarter 
","The province is on target for Q3 and has achieved the target for the quarter 
","The province did not receive applications for the quarter under review. 

",98
Environmental Affairs,Environmental Affairs,North West,Programme 4: Environmental Quality Management,Sub-Programme 4.1: Impact Management,Annually,default,Not Applicable,Not  Applicable,Not Applicable,-,Not Applicable,,,,,,,,,,,,,,,,,,,,,,,,,,,,,,,98
Environmental Affairs,Environmental Affairs,North West,Programme 4: Environmental Quality Management,Sub-Programme 4.1: Impact Management,Quarterly,default,Not Applicable,Not  Applicable,Not Applicable,-,Not Applicable,,,,,,,,,,,,,,,,,,,,,,,,,,,,,,,98
Environmental Affairs,Environmental Affairs,North West,Programme 5:  Biodiversity Management,Programme 5:  Biodiversity Management,Annually,Number of Biodiversity Economy initiatives implemented,Standardized,Not  Applicable,"Priority 5: Spatial Integration, Human Settlements and Local Government",-,"The Economic Sectors, Employment and Infrastructure Development cluster",,,,,,,2,0,2,0,,The targeted projects for Nietverdient and Tshwaane CPA could not be supported due to the approved grant from DALRRD not being allocated.,None,,,,,,,,,,,,,,,,,,98
Environmental Affairs,Environmental Affairs,North West,Programme 5:  Biodiversity Management,Programme 5:  Biodiversity Management,Annually,Number of conservation programmes implemented by NWPTB,Non-Standardized,Not  Applicable,"Priority 1: A Capable, Ethical and Developmental State",Job Creation,"The Economic Sectors, Employment and Infrastructure Development cluster",,,,,,,2,2,2,2,,None,None,,,,,,,,,,,,,,,,,,98
Environmental Affairs,Environmental Affairs,North West,Programme 5:  Biodiversity Management,Programme 5:  Biodiversity Management,Annually,Number of hectares under the conservation estate,Standardized,Not  Applicable,"Priority 5: Spatial Integration, Human Settlements and Local Government",-,"The Economic Sectors, Employment and Infrastructure Development cluster",,,,,,,102654,0,102654,0,,The submission for publication approval was submitted on 19 February 2025 and is still awaiting approval.,Follow ups will be made with MEC's office,,,,,,,,,,,,,,,,,,98
Environmental Affairs,Environmental Affairs,North West,Programme 5:  Biodiversity Management,Programme 5:  Biodiversity Management,Annually,Percentage of area of state managed protected areas assessed with a METT score above 67%,Standardized,Not  Applicable,"Priority 5: Spatial Integration, Human Settlements and Local Government",-,"The Economic Sectors, Employment and Infrastructure Development cluster",,,,,,,60 %,,60 %,,,,,,,,,,,,,,,,,,,,,,98
Environmental Affairs,Environmental Affairs,North West,Programme 5:  Biodiversity Management,Programme 5:  Biodiversity Management,Quarterly,Percentage of complete biodiversity management permits issued within legislated timeframes,Standardized,Not  Applicable,"Priority 5: Spatial Integration, Human Settlements and Local Government",-,"The Economic Sectors, Employment and Infrastructure Development cluster",80 %,90 %,80 %,87% %,80 %,84% %,80 %,84% %,80 %,90 %,,,,,,"Permits were issued within legislated time frame above target due the fact that additional permitting functions were shared amongst other officials to perform the permit function.
",None,,"Permits were issued within legislated time frame above target due the fact that additional permitting functions were shared amongst other officials to perform the permit function.
",None,,"Reinstatement of Interns in all Biodiversity Permitting vacant positions: Bojanala Intern contract extended, Proffessional Hunting and CITES Intern contract extended, Ngaka Modiri Molema ipermit office substituted by Intern.",None,,Permits were issued within legislated time frame above target due the fact that additional permitting functions were shared amongst other officials to perform the permit function.,None,"The province is above Q1 target and has achieved by exceeding the target for the quarter 
","The province is above Q2 target and has achieved by exceeding the target for the quarter 
",,"The province is on target for Q4 and has achieved the annual target  
",98
Environmental Affairs,Environmental Affairs,North West,Programme 5:  Biodiversity Management,Sub-Programme 5.1: Biodiversity and Protected Area Planning and Management,Annually,default,Not Applicable,Not  Applicable,Not Applicable,-,Not Applicable,,,,,,,,,,,,,,,,,,,,,,,,,,,,,,,98
Environmental Affairs,Environmental Affairs,North West,Programme 5:  Biodiversity Management,Sub-Programme 5.1: Biodiversity and Protected Area Planning and Management,Quarterly,default,Not Applicable,Not  Applicable,Not Applicable,-,Not Applicable,,,,,,,,,,,,,,,,,,,,,,,,,,,,,,,98
Environmental Affairs,Environmental Affairs,North West,Programme 5: Economic Planning,Economic Planning,Annually,Number of Economic Development strategies developed/ reviewed,Non-Standardized,Not  Applicable,Priority 2: Economic Transformation And Job Creation,Job Creation,"The Economic Sectors, Employment and Infrastructure Development cluster",,,,,1,0,,,1,0,0,"Awaiting the finalization of the PGDSAwaiting the finalization of the PGDS
","To continue with the development of a strategy for possible inclusion in the PGDS

",,,,,,,,,,,,,,,,,,98
Environmental Affairs,Environmental Affairs,North West,Programme 5: Economic Planning,Economic Planning,Annually,Number of work opportunities created through Economic Planning sector public employment programmes,Non-Standardized,Not  Applicable,Priority 2: Economic Transformation And Job Creation,Job Creation,"The Economic Sectors, Employment and Infrastructure Development cluster",,,,,40,0,,,40,0,0,"The work opportunities to be created is dependant on research studies to be undertaken
","Expedite the approval process  of the research proposal
",,,,,,,,,,,,,,,,,,98
Environmental Affairs,Environmental Affairs,North West,Programme 5: Economic Planning,Economic Planning,Quarterly,Number of Economic Intelligence publications disseminated,Non-Standardized,Not  Applicable,Priority 2: Economic Transformation And Job Creation,Job Creation,"The Economic Sectors, Employment and Infrastructure Development cluster",1,1,1,1,1,1,1,1,4,1,4,None,None,,,None,None,,None,None,,None,None,,None,None,,,,,98
Environmental Affairs,Environmental Affairs,North West,Programme 5: Economic Planning,Economic Planning,Quarterly,Number of partnerships established,Non-Standardized,Not  Applicable,Priority 2: Economic Transformation And Job Creation,Job Creation,"The Economic Sectors, Employment and Infrastructure Development cluster",1,0,1,1,1,1,1,0,4,2,4,,,,The department to develop and improvement plan with clear deadlines and responsibilities,None,None,,"None
","None
",,Unabled to conclude partnership agreement due to operational and national compliance issuesthat emerged during engagement with SANEDI,None,,The consultation still ongoing with the strategic key Partner.,Expedite consultation to conclude partnership,,,,,98
Environmental Affairs,Environmental Affairs,North West,Programme 5: Economic Planning,Economic Planning,Quarterly,Number of research studies conducted with academic institutions,Non-Standardized,Not  Applicable,Priority 2: Economic Transformation And Job Creation,Job Creation,"The Economic Sectors, Employment and Infrastructure Development cluster",1,1,1,0,1,0,1,1,4,2,2,None,None,,,Unavailability key market intelligence report,Revise research framework,,The study has not been finilized due unavailable of primary participants,Review the sample of participants for finalization,,None,None,,None,None,,,,,98
Environmental Affairs,Environmental Affairs,North West,Programme 6:	Environmental Empowerment Services  ,Programme 6:	Environmental Empowerment Services  ,Annually,Number of work opportunities created through environment sector public employment programmes,Standardized,Not  Applicable,"Priority 1: A Capable, Ethical and Developmental State",-,"The Economic Sectors, Employment and Infrastructure Development cluster",,,,,,,500,363,500,363,,Additional resources were allocated through the Taung Skull World Heritage Site programme,None,,,,,,,,,,,,,,,,,,98
Environmental Affairs,Environmental Affairs,North West,Programme 6:	Environmental Empowerment Services  ,Programme 6:	Environmental Empowerment Services  ,Quarterly,Number of environmental awareness activities conducted,Standardized,Not  Applicable,"Priority 3: Education, Skills And Health",-,"The Economic Sectors, Employment and Infrastructure Development cluster",2,2,2,"             
             2",2,2,2,2,8,8,,,,,,"          
           None","
           None",,None,None,,None,None,,None,None,"The province is on target for Q1 and has achieved the target for the quarter 
","The province is on target for Q2 and has achieved the target for the quarter 
","The province is on target for Q3 and has achieved the target for the quarter 
","The province is on target for Q4 and has achieved the annual target  
",98
Environmental Affairs,Environmental Affairs,North West,Programme 6:	Environmental Empowerment Services  ,Programme 6:	Environmental Empowerment Services  ,Quarterly,Number of environmental capacity building activities conducted,Standardized,Not  Applicable,"Priority 3: Education, Skills And Health",-,"The Economic Sectors, Employment and Infrastructure Development cluster",2,2,2,"             
             2",2,2,2,2,8,8,,,,,,"
           None","
          None",,None,None,,None,None,,None,None,"The province is on target for Q1 and has achieved the target for the quarter 
","The province is on target for Q2 and has achieved the target for the quarter 
","The province is on target for Q3 and has achieved the target for the quarter 
","The province is on target for Q4 and has achieved the annual target  
",98
Environmental Affairs,Environmental Affairs,North West,Programme 6:	Environmental Empowerment Services  ,Sub-Programme 6.1: Environmental Capacity Development and Support,Annually,default,Not Applicable,Not  Applicable,Not Applicable,-,Not Applicable,,,,,,,,,,,,,,,,,,,,,,,,,,,,,,,98
Environmental Affairs,Environmental Affairs,North West,Programme 6:	Environmental Empowerment Services  ,Sub-Programme 6.1: Environmental Capacity Development and Support,Quarterly,default,Not Applicable,Not  Applicable,Not Applicable,-,Not Applicable,,,,,,,,,,,,,,,,,,,,,,,,,,,,,,,98
Environmental Affairs,Environmental Affairs,North West,Programme 7: Tourism,Tourism,Annually,Number of Tourism Policies developed,Non-Standardized,Not  Applicable,Priority 2: Economic Transformation And Job Creation,Job Creation,"The Economic Sectors, Employment and Infrastructure Development cluster",,,,,1,1,,,1,1,0,The process of approval is undergoing the internal approval process,"Resubmit SOP for approval
",,,,,,,,,,,,,,,,,,98
Environmental Affairs,Environmental Affairs,North West,Programme 7: Tourism,Tourism,Annually,Number of work opportunities created through Tourism sector public employment programmes,Non-Standardized,Not  Applicable,Priority 2: Economic Transformation And Job Creation,Job Creation,"The Economic Sectors, Employment and Infrastructure Development cluster",,,,,100,100,,,100,100,100,"None
",None,,,,,,,,,,,,,,,,,,98
Environmental Affairs,Environmental Affairs,North West,Programme 7: Tourism,Tourism,Quarterly,Number of  Tour Operators Skilled ,Non-Standardized,Not  Applicable,Priority 2: Economic Transformation And Job Creation,Job Creation,"The Economic Sectors, Employment and Infrastructure Development cluster",0,0,15,17,15,16,0,0,30,33,33,None,None,,,Extra tour operators attended the training ,None,,1 more person attended due to demand,None,,None,None,,None,None,,,,,98
Environmental Affairs,Environmental Affairs,North West,Programme 7: Tourism,Tourism,Quarterly,Number of Compliance tourist guiding inspections conducted,Non-Standardized,Not  Applicable,Priority 2: Economic Transformation And Job Creation,Job Creation,"The Economic Sectors, Employment and Infrastructure Development cluster",1,1,1,1,1,1,1,1,4,4,4,None,None,,,None,None,,None,None,,None,None,,None,None,,,,,98
Environmental Affairs,Environmental Affairs,North West,Programme 7: Tourism,Tourism,Quarterly,Number of Infrastructure development reports produced ,Non-Standardized,Not  Applicable,Priority 2: Economic Transformation And Job Creation,Job Creation,"The Economic Sectors, Employment and Infrastructure Development cluster",1,1,1,1,1,1,1,1,4,4,4,None,None,,,None,None,,None,None,,None,None,,None,None,,,,,98
Environmental Affairs,Environmental Affairs,North West,Programme 7: Tourism,Tourism,Quarterly,Number of monitoring tourism sector performance report and its impact across the Province ,Non-Standardized,Not  Applicable,Priority 2: Economic Transformation And Job Creation,Job Creation,"The Economic Sectors, Employment and Infrastructure Development cluster",0,0,1,1,0,0,1,1,2,2,2,None,None,,,None,None,,To be achieved in the 4th quarter,None,,None,None,,None,None,,,,,98
Environmental Affairs,Environmental Affairs,North West,Programme 7: Tourism,Tourism,Quarterly,Number of people in tourism industry trained on customer care ,Non-Standardized,Not  Applicable,Priority 2: Economic Transformation And Job Creation,Job Creation,"The Economic Sectors, Employment and Infrastructure Development cluster",0,0,25,30,25,30,0,0,50,60,60,None,None,,,5 people who had not confirmed their availability attended ,None,,"More extra 5 people attended 
",None,,None,None,,None,None,,,,,98
Environmental Affairs,Environmental Affairs,North West,Programme 7: Tourism,Tourism,Quarterly,Number of programmes implemented to support Women-Owned Tourism Products  ,Non-Standardized,Not  Applicable,Priority 2: Economic Transformation And Job Creation,Job Creation,"The Economic Sectors, Employment and Infrastructure Development cluster",1,1,1,1,1,1,1,1,4,4,4,None,None,,,None,None,,None,None,,None,None,,None,None,,,,,98
Environmental Affairs,Environmental Affairs,North West,Programme 7: Tourism,Tourism,Quarterly,Number of programmes undertaken to support Social Tourism ,Non-Standardized,Not  Applicable,Priority 2: Economic Transformation And Job Creation,Job Creation,"The Economic Sectors, Employment and Infrastructure Development cluster",1,0,1,2,1,0,1,2,4,4,3,,None,,,the extra is to close off the quarter 1 which was not achieved,,,"Unavailability of students 
","To be achieved on the 4th quarter
",,1 extra achievement was because we could not perform in the 3rd quarter,None,,Due to exams learners could not be released,Rescheduled for 2nd quarter,,,,,98
Environmental Affairs,Environmental Affairs,North West,Programme 7: Tourism,Tourism,Quarterly,Number of programmes undertaken to support Tourism Products.  ,Non-Standardized,Not  Applicable,Priority 2: Economic Transformation And Job Creation,Job Creation,"The Economic Sectors, Employment and Infrastructure Development cluster",1,1,1,1,1,2,1,0,4,4,4,None,None,,,None,None,,"The Directorate collaborated with J B Marks Local Municipality to co deliver a capacity building programme for tourism products
",None,,None ,None,,None,None,,,,,98
Environmental Affairs,Environmental Affairs,North West,Programme 7: Tourism,Tourism,Quarterly,Number of tourism establishments supported for grading   ,Non-Standardized,Not  Applicable,Priority 2: Economic Transformation And Job Creation,Job Creation,"The Economic Sectors, Employment and Infrastructure Development cluster",0,0,20,23,30,16,30,58,80,97,97,None,None,,,3 extra establishments met the grading criteria,None,Output not reported,"Payment was delayed due to budget adjustment in Dedect
","Outstanding 14 establishments will be graded in the 4th quarter
",,Extra graded Establishments to account for under performance in Q3 ,None,,None,None,,,,,98
Environmental Affairs,Environmental Affairs,North West,Programme 7: Tourism,Tourism,Quarterly,Number of tourism stakeholder engagements facilitated ,Non-Standardized,Not  Applicable,Priority 2: Economic Transformation And Job Creation,Job Creation,"The Economic Sectors, Employment and Infrastructure Development cluster",0,0,1,1,0,0,1,1,2,2,2,None,None,,,None,None,,None,None,,None,None,,None,None,,,,,98
Environmental Affairs,Environmental Affairs,North West,Programme 7: Tourism,Tourism,Quarterly,Tourism Research studies conducted to support growth in North West tourism industry ,Non-Standardized,Not  Applicable,Priority 2: Economic Transformation And Job Creation,Job Creation,"The Economic Sectors, Employment and Infrastructure Development cluster",0,0,0,0,1,1,1,1,2,2,2,None,None,,,Not planned for the 2nd quarter,None,,None,None,Output not reported and reason for deviation not stated,None,None,,None,None,,,,,98
