Sector,Institution,Programme,SubProgramme,Location,Frequency,Indicator,Type,SubType,Outcome,Priority,Cluster,Target_Q1,ActualOutput_Q1,Target_Q2,ActualOutput_Q2,Target_Q3,ActualOutput_Q3,Target_Q4,ActualOutput_Q4,AnnualTarget_Summary2,Preliminary_Summary2,PrelimaryAudited_Summary2,ReasonforDeviation_Summary,CorrectiveAction_Summary,ValidatedAudited_Summary2,DesiredPerformance,ReasonforDeviation_Q1,CorrectiveAction_Q1,ReasonforDeviation_Q2,CorrectiveAction_Q2,OTP_Q2,ReasonforDeviation_Q3,CorrectiveAction_Q3,OTP_Q3,ReasonforDeviation_Q4,CorrectiveAction_Q4,OTP_Q1,OTP_Q4,UID
Public Works,Public Works,North West,Programme 1: Administration,Sub-Programme 1.1 FINANCIAL MANAGEMENT,Annually,Percentage of audit findings addressed,Non-Standardized,Not  Applicable,"Priority 1: A Capable, Ethical and Developmental State",Job Creation,"The Economic Sectors, Employment and Infrastructure Development cluster",,,100%,"0
",,,,,100%,"0
",1,,,,,,,,,,,,,,,,,59
Public Works,Public Works,North West,Programme 1: Administration,Sub-Programme 1.2 SUPPLY CHAIN MANAGEMENT,Annually,"Percentage of public procurement from  women, youth and persons with disabilities",Non-Standardized,Not  Applicable,"Priority 1: A Capable, Ethical and Developmental State",Job Creation,"The Economic Sectors, Employment and Infrastructure Development cluster",,,,,,,,,"Women - 20%   Youth - 15%  Persons with Disabilities (PWD) - 5%
",0,,,,,,,,,,,,,,,,,,59
Public Works,Public Works,North West,Programme 1: Administration,Sub-Programme 1.2 SUPPLY CHAIN MANAGEMENT,Annually,"Percentage of public procurement from women, youth, persons with disabilities and military veterans ",Non-Standardized,Not  Applicable,Priority 2: Economic Transformation And Job Creation,Economic Growth and Job Creation,"The Economic Sectors, Employment and Infrastructure Development cluster",,,,,,,"Women - 20%
Youth - 15%
Persons with disabilities - 5%
Military veterans – 1%",,"Women - 20%
Youth - 15%
Persons with disabilities - 5%
Military veterans – 1%",,"Women - 32.1%, 
Youth - 50.1%, 
PWD - 0% 
 Military Veterans -  0%
",,,,The higher the percentage indicates positive performance.,,,,,,,,,,,,,59
Public Works,Public Works,North West,Programme 1: Administration,Sub-Programme 1.3 SPECIAL PROGRAMME,Quarterly," Number of mainstreaming programmes targeting women, youth, persons with disabilities, children, elderly persons, social cohesion and moral regeneration",Non-Standardized,Min,Priority 6: Social Cohesion and Safer Communities,Economic Growth and Job Creation,"The Economic Sectors, Employment and Infrastructure Development cluster",11,,11,11,11,11,11,11,44,0,44,,,,The Higher the number indicates positive performance,,,None,None,Consider revising the indicator it has too many variables,N/A,N/A,,Target achieved.,N/A.,,,59
Public Works,Public Works,North West,Programme 1: Administration,Sub-Programme 1.3 SPECIAL PROGRAMME,Quarterly,"Number of mainstreaming programmes targeting women, youth and persons with disabilities",Non-Standardized,Not  Applicable,"Priority 1: A Capable, Ethical and Developmental State",Job Creation,"The Economic Sectors, Employment and Infrastructure Development cluster",11,11,11,,11,,11,,44,-,,,,,,none,none,,,Output not reported on,,,Output not reported and reason for deviation not stated,,,,,59
Public Works,Public Works,North West,Programme 2: Public Works Infrastructure,2.1 SUB-PROGRAMME: CONSTRUCTION,Quarterly, Number of new  construction projects completed -  Client Depts,Non-Standardized,Not  Applicable,Priority 2: Economic Transformation And Job Creation,Job Creation,"The Economic Sectors, Employment and Infrastructure Development cluster",5,1,4,,0,,2,"0
",11,1,6,,,,,"One (1) project was completed, i.e.:

1.	Construction of the Bahurutshe Ba Ga Shuping Traditional Offices

The reasons for deviation in respect of the remaining four (4) projects are as follows:

1.	Construction of Tigane Secondary School Phase 2: cash flow challenges.

2.	Construction of Dinokana Community Library: Poor contractor performance & contractor is experiencing cash flow constraints and thus cannot purchase materials required.


3.	Construction of Tlokwe Secondary School: disruptions by local SMMEs due to outstanding payments and the contractor is experiencing cash flow challenges.

4.	Construction of Monnamere Primary School: project was delayed due to late payments by the Client Department.
","1.	Contractor to submit an application for approval of Extension of Time.

2.	The contractor was placed on penalties and was advised to enter into a Deed of Cession with a reputable supplier of the materials required.

3.	The Development Bank of Southern Africa (DBSA) has paid the cessionary in order for outstanding payments to SMMEs to be settled.

4.	Contractor to submit an application for approval of Extension of Time.
",,,Report not updated and reason for variation not stated,,,,"Target not achieved.

Projects not completed:

1.	Construction of Monchusi Secondary School = delays due to poor contractor performance.
2.	Construction of a modular library at Moshana Village, Ramotshere Moiloa = project was terminated due to poor contractor performance.

","The contractor has been put on terms and penalties have been applied.

Awaiting directive and budget confirmation from the Client Department.

",The department  to develop a recovery improvement plan with clear responsibilities and target dates,The department to consider the baseline challenges when planning for the next financial year targets,59
Public Works,Public Works,North West,Programme 2: Public Works Infrastructure,2.1 SUB-PROGRAMME: CONSTRUCTION,Quarterly,Number of new construction projects completed -  DPW&R,Non-Standardized,Not  Applicable,Priority 2: Economic Transformation And Job Creation,Job Creation,"The Economic Sectors, Employment and Infrastructure Development cluster",7,2,3,"3 

The projects completed are as follows:
* Construction of perimeter wall at the mini-Garona offices, Phase 1
* Paving and plumbing at Bontle Court flats, Mahikeng
* Construction of an ablution block at DPW&R stores, Bojanala District offices",3,"3
",6,"1
",19,2,12,,,,,"Two (2) projects were 
completed, i.e.:

1.	Construction of a perimeter wall at the DPW&R mechanical workshop, Ganyesa
2.	Construction of perimeter wall at the DPW&R sub-district office, Mogwase (Phase 1)


The reasons for deviation in respect of the remaining five (5) projects are as follows:

1.	DPWR 26/18 Supply, delivery and Installation of a transformer and generators at the Garona office building – commissioning was postponed pending servicing / maintenance of the sixteen existing substation transformers.

2.	Major renovations and upgrades at Potchefstroom Agricultural College Cluster B: contractor is experiencing cash flow constraints due to delayed payments.

3.	Installation of a steel water tank at DPW&R sub-district offices at Brits: labour disputes and late payment by the Department due to budgetary challenges.


4.	Construction of a perimeter wall (Phase 2) at DPW&R road camp, Christiana – awaiting budget confirmation.

5.	Supply, delivery and installation of an elevated steel water tank at DPWR sub-district office, Ditsobotla – poor contractor performance.
","1.	Procurement of a service provider for servicing of the substations is underway.
2.	Outstanding invoices are being processed.
3.	The local councillor was requested to intervene with regard to the local labour disruptions.  The Department is also addressing matters related to late payment. 


4.	The Table B5 will be revised.


5.	Contractor was engaged and the project has been completed since and will be reported in Quarter 2.

",Target achieved,N/A,Report not updated and reason for variation not stated ,"The target was not achieved as the following planned project was not completed:

1.	PWR 111/22 Supply, delivery and installation of a steel water tank at DPW&R sub-district offices, Lehurutshe – challenges include poor contractor performance, delay in receiving the laboratory results and late payments.

2.	A project targeted for Quarter 4 was achieved in Quarter 3, namely the construction of a perimeter wall at the Geo-sciences building in Mahikeng.

","Work will be completed in Quarter 4.
",,"Target not achieved.

Project completed: Construction of a perimeter wall at the DPWR sub-district office in Mogwase Phase 2.

Project completed earlier and reported in the prior quarter: Construction of a perimeter wall at the Geo sciences building, Mafikeng

Projects not completed:

1.	Supply, delivery and installation of guard houses at eleven MEC houses = delayed due to change of scope and design.
2.	Construction of seven new houses for parliamentarians at Ga-Lowe = the positioning of the underground 11kVa electrical cable, as determined during foundation excavations, necessitated the re-design in relation to the location of the houses.
3.	Construction of ablution facilities and a guard  house at the DPWR sub-district office in Brits = cash flow challenges  experienced by  DPWR due to the cash flow management directives implemented by Provincial Treasury & budget reprioritization.
4.	Construction of a perimeter wall at the DPWR District Office in Rustenburg Phase 2 = cash flow challenges  experienced by  DPWR due to the cash flow management directives implemented by Provincial Treasury & budget reprioritization.

","The projects have been rolled over to the 2025/26 financial year.
",The department  to develop a recovery improvement plan with clear responsibilities and target dates,The department to consider the baseline challenges when planning for the next financial year targets,59
Public Works,Public Works,North West,Programme 2: Public Works Infrastructure,2.1 SUB-PROGRAMME: CONSTRUCTION,Quarterly,Number of new construction projects completed - Client Depts,Non-Standardized,Not  Applicable,Priority 2: Economic Transformation And Job Creation,Economic Growth and Job Creation,"The Economic Sectors, Employment and Infrastructure Development cluster",5,,2,"1

The following project was completed:

1. Construction of Tlakgameng Primary School",2,"3
",2,,11,0,6,,,,The Higher the number indicates positive performance.,,,"Target not achieved.

The following project was completed due to  poor contractor performance:

 * Upgrades and additions to Mamodibo High School: ",Weekly oversight meetings have been instituted to track the performance of the contractor.,Report not updated and reason for variation not stated,"The following projects were completed:

1.	Construction of a modular library at Madibe Makgabana village, Mahikeng.

2.	Construction of the Wolmaransstad Community Library.

3.	Upgrades and additions to Mamodibo High School (planned for completion in Quarter 2).

","N/A
",,,,,Output not reported and reason for variation not stated,59
Public Works,Public Works,North West,Programme 2: Public Works Infrastructure,Programme 2: Public Works Infrastructure,Annually,deafult,Standardized,Not  Applicable,Not Applicable,-,Not Applicable,,,,,,,,,,,,,,,,,,,,,,,,,,,,59
Public Works,Public Works,North West,Programme 2: Public Works Infrastructure,Programme 2: Public Works Infrastructure,Quarterly,Number of Facilities provided,Standardized,Max,Priority 2: Economic Transformation And Job Creation,-,"The Economic Sectors, Employment and Infrastructure Development cluster",,,,,,,,,,0,,,,,,,,,,,,,,,,Indicator to be removed from the system,Remove ,59
Public Works,Public Works,North West,Programme 2: Public Works Infrastructure,Programme 2: Public Works Infrastructure,Quarterly,Number of utilisation inspections conducted for office accommodation,Standardized,Max,Priority 2: Economic Transformation And Job Creation,-,"The Economic Sectors, Employment and Infrastructure Development cluster",,,,,,,,,,0,,,,,,,,,,,,,,,,indicator to be removed from the system,Remove,59
Public Works,Public Works,North West,Programme 2: Public Works Infrastructure,Sub Programme 2.5: Maintenance,Annually,Number of planned maintenance projects completed - Client Depts,Non-Standardized,Not  Applicable,"Priority 3: Education, Skills And Health",Building Roads (Specifically Rural roads),"The Economic Sectors, Employment and Infrastructure Development cluster",21,8,,,,,,,21,8,16,,,,,,,,,,,,,,,,,59
Public Works,Public Works,North West,Programme 2: Public Works Infrastructure,Sub Programme 2.5: Maintenance,Quarterly,Number of planned maintenance projects completed - DPW&R,Non-Standardized,Not  Applicable,"Priority 3: Education, Skills And Health",Building Roads (Specifically Rural roads),"The Economic Sectors, Employment and Infrastructure Development cluster",4,2,9,,4,,3,,20,2,7,,,,,"Two (2) projects were completed, i.e.:

1.	Maintenance of roof at DPW&R sub district office, Taung
2.	Maintenance of training workshop at DPW&R offices at 20 Malt  street, Vryburg

The reasons for deviation in respect of the remaining two (2) projects are as follows:

1.	Minor repairs and renovations of Swartruggens Service Point: poor contractor performance.

2.	Maintenance at Kameeldoring DPW&R road depot: late payment of contractor resulted in contractor leaving site.
","1.	Contractor was advised to apply for Extension of Time.

2.	Outstanding payment was made to contractor.
",,,Report not updated and reason for variation not stated,,,Output not reported and reason for deviation not stated,,,,,59
Public Works,Public Works,North West,Programme 2: Public Works Infrastructure,Sub Programme 2.5: Maintenance,Quarterly,Number of planned maintenance projects completed - DPW&R,Non-Standardized,Not  Applicable,Priority 2: Economic Transformation And Job Creation,Economic Growth and Job Creation,"The Economic Sectors, Employment and Infrastructure Development cluster",4,,2,"2

The following project was completed:

* Maintenance and repairs to roof at DPWR offices at 131 Kruis street,

",1,1,4,1,11,0,7,,,,The higher the number indicates good performance,,,"Target not achieved.

The following project was not completed due to budgetary challenges:

* Maintenance of the Mini-Garona offices, Phase 2",Funds will be secured through the Adjustment budget.,Report not updated and reason for variation not stated,"Target achieved.

The following project was completed:

1.	Repairs and renovations at the Matooster service point.
",N/A,,"Target not achieved.

Project completed:

1.	Roof repairs at the DPWR sub-district office, Wolmaransstad

Projects not completed:

1.	Maintenance of Taung Offices phase 2 = budgetary challenges.
2.	Maintenance at DPWR offices, 12 Rivier Street in Potchefstroom = cash flow challenges.
3.	Maintenance and repairs of the DPWR furniture warehouse, NMM District = budgetary challenges.

",The projects were rolled over to the 2025/26 financial year.,,The department to consider the baseline challenges when planning for the next financial year targets,59
Public Works,Public Works,North West,Programme 2: Public Works Infrastructure,Sub Programme 2.6: Immovable Asset Management,Annually,Number of facilities provided ,Non-Standardized,Not  Applicable,"Priority 3: Education, Skills And Health",Building Roads (Specifically Rural roads),"The Economic Sectors, Employment and Infrastructure Development cluster",,,,,,,225,225,225,225,225,,,,,,,,,,,,,,,,,59
Public Works,Public Works,North West,Programme 2: Public Works Infrastructure,Sub Programme 2.6: Immovable Asset Management,Annually,Number of properties disposed of,Non-Standardized,Not  Applicable,"Priority 3: Education, Skills And Health",Building Roads (Specifically Rural roads),"The Economic Sectors, Employment and Infrastructure Development cluster",,,,,,,,,20,0,21,,,,,,,,,,,,,,,,,59
Public Works,Public Works,North West,Programme 2: Public Works Infrastructure,Sub Programme 2.6: Immovable Asset Management,Quarterly,Number of condition assessments conducted on state-owned buildings,Non-Standardized,Not  Applicable,"Priority 3: Education, Skills And Health",Building Roads (Specifically Rural roads),"The Economic Sectors, Employment and Infrastructure Development cluster",10,,10,10,10,4,10,"10
",40,-,40,,,,,,,N/A,N/A,Report not updated and reason for variation not stated,"The target was not achieved.

Delays in the submission of reports by  appointed service providers resulted in under-performance.

",The Department is engaging service providers to speed up the finalization and submission of the assessment reports.,Output not reported and reason for deviation not stated,Target achieved.,N/A.,,,59
Public Works,Public Works,North West,Programme 2: Public Works Infrastructure,Sub Programme 2.6: Immovable Asset Management,Quarterly,Number of land parcels donated to the Department,Non-Standardized,Not  Applicable,"Priority 3: Education, Skills And Health",Building Roads (Specifically Rural roads),"The Economic Sectors, Employment and Infrastructure Development cluster",0,,6,,6,,18,,30,-,,,,,,,,,,Report not updated and reason for variation not stated,,,Output not reported and reason for deviation not stated,,,,Output not reported and reason for variation not stated,59
Public Works,Public Works,North West,Programme 2: Public Works Infrastructure,Sub Programme 2.6: Immovable Asset Management,Quarterly,Number of land parcels donated to the Department,Non-Standardized,Not  Applicable,Priority 2: Economic Transformation And Job Creation,Economic Growth and Job Creation,"The Economic Sectors, Employment and Infrastructure Development cluster",0,,3,6,2,0,5,6,10,12,15,,,,The higher the number indicates positive performance.,,,"Target achieved and exceeded.

The land parcels are situated within the jurisdiction of the Mahikeng Local municipality, and the signed deed of donation covered three additional land parcels.",N/A,Report not updated and reason for variation not stated,"The target was not achieved.

The protracted time in relation to securing approvals and signed Deeds of Donation resulted in under-performance.
",The Department is engaging the Mahikeng Local Municipality to obtain the required documentation.,Output not reported and reason for deviation not stated,"Target achieved and exceeded.
",N/A.,,,59
Public Works,Public Works,North West,Programme 2: Public Works Infrastructure,Sub Programme 2.6: Immovable Asset Management,Quarterly,Number of Prestige Houses maintained,Non-Standardized,Not  Applicable,"Priority 3: Education, Skills And Health",Building Roads (Specifically Rural roads),"The Economic Sectors, Employment and Infrastructure Development cluster",5,,10,,10,,7,,32,-,,,,,,,,,,Report not updated and reason for variation not stated,,,Output not reported and reason for deviation not stated,,,,Output not reported and reason for variation not stated,59
Public Works,Public Works,North West,Programme 2: Public Works Infrastructure,Sub Programme 2.6: Immovable Asset Management,Quarterly,Number of Prestige Houses maintained,Non-Standardized,Not  Applicable,Priority 2: Economic Transformation And Job Creation,Economic Growth and Job Creation,"The Economic Sectors, Employment and Infrastructure Development cluster",5,,15,15,12,12,0,0,32,27,39,,,,The higher the number indicates positive performance.,,,N/A,N/A,Report not updated and reason for variation not stated,Target achieved.,N/A,Output not reported and reason for deviation not stated,"N/A.
","N/A.
",,,59
Public Works,Public Works,North West,Programme 2: Public Works Infrastructure,Sub Programme 2.6: Immovable Asset Management,Quarterly,Number of properties disposed of,Non-Standardized,Not  Applicable,Priority 2: Economic Transformation And Job Creation,Economic Growth and Job Creation,"The Economic Sectors, Employment and Infrastructure Development cluster",0,,10,16,2,2,8,"3
",20,21,21,,,,The higher the number indicates positive performance,,,"Target achieved.

Additional properties managed to reach the transfer & registration stage.",N/A,Report not updated and reason for variation not stated,Target achieved.,N/A,Output not reported and reason for deviation not stated,"The annual target was already achieved and exceeded in prior quarters.  The output for the year is 21 disposals against the annual target of 20.
",N/A.,,,59
Public Works,Public Works,North West,Programme 2: Public Works Infrastructure,Sub Programme 2.6: Immovable Asset Management,Quarterly,Number of utilization inspections conducted for office accommodation,Non-Standardized,Not  Applicable,"Priority 3: Education, Skills And Health",Building Roads (Specifically Rural roads),"The Economic Sectors, Employment and Infrastructure Development cluster",3,3,0,,0,,7,,10,-,,,,,,Target was achieved.,N/A,,,,,,,,,,Output not reported and reason for variation not stated,59
Public Works,Public Works,North West,Programme 2: Public Works Infrastructure,Sub Programme 2.6: Immovable Asset Management,Quarterly,Number of utilization inspections conducted for office accommodation,Non-Standardized,Not  Applicable,Priority 2: Economic Transformation And Job Creation,Economic Growth and Job Creation,"The Economic Sectors, Employment and Infrastructure Development cluster",3,,2,9,2,2,3,"0
",10,11,11,,,,The higher the number indicates positive performance,,,"Target achieved and exceeded.

Work was accelerated to complete all the assessments in order to release officials to focus on other priority matters in Quarter 3.

Two additional assessments were also completed.",N/A,Report not updated and reason for variation not stated,Target achieved.,N/A,Output not reported and reason for deviation not stated,The annual target was already achieved and exceeded in prior quarters.  The output for the year is 11 inspections against the annual target of 10.,"N/A.
",,,59
Public Works,Public Works,North West,Programme 3: Expanded Public Works Programme,Programme 3: Expanded Public Works Programme,Annually,deafult,Standardized,Not  Applicable,Not Applicable,-,Not Applicable,,,,,,,,,,,,,,,,,,,,,,,,,,,,59
Public Works,Public Works,North West,Programme 3: Expanded Public Works Programme,Programme 3: Expanded Public Works Programme,Quarterly,Number of Public Bodies reporting on EPWP targets in the province ,Standardized,Max,Priority 2: Economic Transformation And Job Creation,-,"The Economic Sectors, Employment and Infrastructure Development cluster",,,,,,,,,,0,,,,,,,,,,Targets not set for this indicaror and  r reasons not provided,,,,,,Indicator not responded to,Remove,59
Public Works,Public Works,North West,Programme 3: Expanded Public Works Programme,Programme 3: Expanded Public Works Programme,Quarterly,Number of work opportunities created by Provincial Public Works and Infrastructure,Standardized,Not  Applicable,Priority 2: Economic Transformation And Job Creation,-,"The Economic Sectors, Employment and Infrastructure Development cluster",,,,,,,,,,0,,,,,,,,,,Targets not set for this indicaror and  r reasons not provided,,,,,,Indicator not responded to ,Remove,59
Public Works,Public Works,North West,Programme 3: Transport Infrastructure ,SUB-PROGRAMME: CONSTRUCTION,Quarterly,Number of bridges constructed,Non-Standardized,Not  Applicable,Priority 2: Economic Transformation And Job Creation,Job Creation,"The Economic Sectors, Employment and Infrastructure Development cluster",0,0,0,0,0,0,0,,0,0,,,,,,N/A,N/A,N/A,N/A,,N/A,N/A,,,,,,59
Public Works,Public Works,North West,Programme 3: Transport Infrastructure ,SUB-PROGRAMME: CONSTRUCTION,Quarterly,Number of bridges repaired,Non-Standardized,Not  Applicable,Priority 2: Economic Transformation And Job Creation,Job Creation,"The Economic Sectors, Employment and Infrastructure Development cluster",0,1,3,0,3,0,3,0,9,1,1,,,,,The Montshioa Stadt pedestrian bridge (Welisizwe Rural Bridges Programme) was completed earlier than anticipated.,N/A,"Target not achieved.

The three (3) bridges targeted for repair falls under the Welisizwe Rural Bridges Programme, and the National Department of Public Works and Infrastructure has not yet finalized the appointment of a service provider responsible for supplying essential materials, plant, equipment etc.","The service provider has been appointed since.
",,"The target was not achieved.

The progress was impacted by the lack of role clarification of the role players, i.e. Dept of Public Works and Roads, SANDF, and the National Department of Public Works and Infrastructure).

","A ministerial intervention has been put in place to ensure the target is met within the fourth quarter.
",,The three bridges planned for repair resort under the Welisizwe Rural Bridges Programme.  The South Africa National Defence Force (SANDF) did not complete the three bridges targeted for Quarter 4; performance was impacted by the heavy and prolonged rains experienced during the quarter.  The SANDF has prepared a recovery plan.,"The National Department of Public Works and Infrastructure is the lead Department and programme manager for the Welisizwe Programme, and the SANDF is the implementing agent.  Based on this arrangement and the advice from the Auditor General, the Department will no longer plan for, and report on the Welisizwe Programme.",,,59
Public Works,Public Works,North West,Programme 3: Transport Infrastructure ,SUB-PROGRAMME: CONSTRUCTION,Quarterly,Number of km of gravel roads upgraded to surfaced roads,Standardized,Not  Applicable,Priority 2: Economic Transformation And Job Creation,Job Creation,"The Economic Sectors, Employment and Infrastructure Development cluster",10,2,10,,6,,16,,42,2,,,,,,"Austerity measures introduced by National Treasury in the 2023/24 financial year and the reduction in the 2024/25 departmental budget allocation affected the Department’s ability to pay service providers.  This led to the suspension of works on road project PWR 97/17 - Upgrading of Road Z374 from Austrey to Goodwood, and thus resulted in under-achievement.",The service provider will be requested to provide a revised programme of works indicating completion of the works.,,,,,,Output not reported and reason for deviation not stated,,,The department to develop a recovery plans with clear timelines and responsibilities,Output not reported and reason for variation not stated,59
Public Works,Public Works,North West,Programme 3: Transport Infrastructure ,SUB-PROGRAMME: CONSTRUCTION,Quarterly,Number of km of gravel roads upgraded to surfaced roads,Standardized,Not  Applicable,Priority 2: Economic Transformation And Job Creation,Building Roads (Specifically Rural roads),"The Economic Sectors, Employment and Infrastructure Development cluster",10,,11.2,18.50,22.6,3.70,10,0,53.8,0,24.20,,,,The higher the number indicates positive performance,,,"Target achieved and exceeded.

The over-performance was a result of output not achieved in Quarter 1, having been achieved in Quarter 2. The output was realized through the following project:


* Upgrading of Road Z374 from Austrey to Goodwood (Phase 1 - 15km). 
",N/A,,"The target was not achieved.

The under-performance is due to poor contractor performance on the following two projects:

1.	Upgrading of Road D208, D206, D209 from Manthe up to Matsheng (10 km).
2.	Upgrading of Road D201 from Pampierstad to Matlapeng (24 km).

","The Department requested recovery plan from the contractors to indicate the measures they will put in place to ensure completion of the project.
",,"Target not achieved.

The under-performance is due to budgetary and cash flow constraints which led to stoppage of works on the following projects:

1.	Upgrading D209 from Manthe up to Matsheng (10km) 
2.	Upgrading of Road D201 from Pampierstad to Matlapeng (24km)
3.	Upgrading of Road Z374 Austrey to Goodwood (15km)
4.	Upgrading of D512 and D501 at Ramokokastad
","Projects under implementation were rolled over to the 2025/26 financial year.

The cash flow management procedures introduced by Provincial Treasury however may continue to have an impact on performance in the new financial year.
",,,59
Public Works,Public Works,North West,Programme 3: Transport Infrastructure ,SUB-PROGRAMME: CONSTRUCTION,Quarterly,Number of square meters of surfaced roads rehabilitated,Standardized,Not  Applicable,Priority 2: Economic Transformation And Job Creation,Economic Growth and Job Creation,"The Economic Sectors, Employment and Infrastructure Development cluster",160000,,150000," 150,615.00 ",258000," 360 795,00 
",96000,"41361
",664000,0,600668,,,,The higher the number indicates positive performance.,,,Target achieved and exceeded.,N/A,,"Target was achieved and exceeded.

The additional output is the result of the resuscitation of the project Special Maintenance of Road P152/1 from Setlagole to P34/4 in Delareyville.

","N/A
",,"Target not achieved.

Performance was impacted by cash flow constraints that resulted from the cash flow management procedures introduced by Provincial Treasury.

However, the overall annual target was achieved with increased output in the previous quarter due to the resuscitation of work on Road P152/1 Setlagole to Delareyville and increased production on Road P13/2 Wolmaransstad / Wesselsbron.

","N/A
",,,59
Public Works,Public Works,North West,Programme 3: Transport Infrastructure ,SUB-PROGRAMME: CONSTRUCTION,Quarterly,Number of square metres of surfaced roads rehabilitated,Standardized,Not  Applicable,Priority 2: Economic Transformation And Job Creation,Job Creation,"The Economic Sectors, Employment and Infrastructure Development cluster",160000,130906,120000,,210000,,350000,,840000,130906,,,,,,Austerity measures introduced by National Treasury in the 2023/24 financial year and the reduction in the 2024/25 departmental budget allocation affected the Department’s ability to pay service providers.  This led to the suspension of works on road project PWR 89/13: Special Maintenance of Road P152/1 from Setlagole to P34/4 in Delareyville Phase II.,The service provider will be requested to provide a revised programme of works indicating completion of the works.,,,,,,Output not reported and reason for deviation not stated,,,The department to develop a recovery plans with clear timelines and responsibilities,Output not reported and reason for variation not stated,59
Public Works,Public Works,North West,Programme 3: Transport Infrastructure ,SUB-PROGRAMME: CONSTRUCTION,Quarterly,Number of square metres of surfaced roads resealed,Standardized,Not  Applicable,Priority 2: Economic Transformation And Job Creation,Job Creation,"The Economic Sectors, Employment and Infrastructure Development cluster",40000,14138.35,422000,,504000,,150000,,1116000,0,,,,,,The Department underachieved on this indicator due to the late commencement of the works on road project PWRT 124/20C-FA3: Reseal of Road D3492 from Morokweng to Bona Bona.,The programme of works will be monitored to ensure that the outstanding performance is realized.,,,,,,Output not reported and reason for deviation not stated,,,The department to develop a recovery plans with clear timelines and responsibilities,,59
Public Works,Public Works,North West,Programme 3: Transport Infrastructure ,SUB-PROGRAMME: CONSTRUCTION,Quarterly,Number of square metres of surfaced roads resealed,Standardized,Not  Applicable,Priority 2: Economic Transformation And Job Creation,Economic Growth and Job Creation,"The Economic Sectors, Employment and Infrastructure Development cluster",40000,,115300," 51,800.00 ",264210," 38 852,01 ",194600,0,614110,0,115572,,,,The higher the number indicates positive performance,,,"Target not achieved.

The under-performance is due to no-compliance of the contractor to submit contractual documentation and commence with the works on the following project:


* Special Maintenance of Road D424 from intersection with Road P40/1 to P2/1 (R49) and Road D512 (Visser Street)","The contractor was requested to submit a catch-up plan
",,"The target was not achieved.

The implementation of reseal works on Road D933 and D2095 from Road 503 (Lichtenburg) to Gelukspan was suspended due to budgetary challenges resulting from the introduction of financial austerity measures by National Treasury in the 2023/24 financial year and the reduction in the 2024/25 departmental budget allocation.


","Projects not implemented in 2024/25 will be rolled over to the 2025/26 financial year, subject to the availability of funding.",,"Target not achieved.

The target was not achieved due to the stoppage of five reseal projects awarded in the 2024/25 financial year and the suspension of work on Road D933 Lichtenburg to Gelukspan, due to budgetary challenges.

","Projects under implementation were rolled over to the 2025/26 financial year.

The cash flow management procedures introduced by Provincial Treasury however may continue to have an impact on performance in the new financial year.

",,,59
Public Works,Public Works,North West,Programme 3: Transport Infrastructure ,SUB-PROGRAMME: INFRASTRUCTURE PLANNING,Annually,Number of consolidated infrastructure plans developed,Standardized,Not  Applicable,Priority 2: Economic Transformation And Job Creation,Job Creation,"The Economic Sectors, Employment and Infrastructure Development cluster",,,1,1,,,,,1,1,,Target achieved,N/A,,,,,,,,,,,,,,,59
Public Works,Public Works,North West,Programme 3: Transport Infrastructure ,SUB-PROGRAMME: INFRASTRUCTURE PLANNING,Annually,Number of km of gravel roads visually assessed as per the applicable TMH Manual,Standardized,Not  Applicable,Priority 2: Economic Transformation And Job Creation,Job Creation,"The Economic Sectors, Employment and Infrastructure Development cluster",,,,,,,,,0,0,,N/A,N/A,,,,,,,,,,,,,,,59
Public Works,Public Works,North West,Programme 3: Transport Infrastructure ,SUB-PROGRAMME: INFRASTRUCTURE PLANNING,Annually,Number of km of surfaced roads visually assessed as per the applicable TMH Manual,Standardized,Not  Applicable,Priority 2: Economic Transformation And Job Creation,Job Creation,"The Economic Sectors, Employment and Infrastructure Development cluster",,,,,,,,,0,0,,N/A,N/A,,,,,,,,,,,,,,,59
Public Works,Public Works,North West,Programme 3: Transport Infrastructure ,SUB-PROGRAMME: MAINTENANCE,Quarterly,Number of  square metres of blacktop patching on municipal roads,Non-Standardized,Not  Applicable,Priority 2: Economic Transformation And Job Creation,Job Creation,"The Economic Sectors, Employment and Infrastructure Development cluster",7200,6263.03,5800," 6,100.00 
",4300," 3 087,98 
",1700,"907.3
",19000,0,14636.62,,,,,Plant breakdowns in the Dr Ruth Segomotsi Mompati District resulted in an under-achievement.  ,Procurement of diesel and materials is in progress.,"Target achieved and exceeded.

Additional requests for assistance from municipalities in the Dr Ruth Segomotsi Mompati District resulted in additional output registered.","N/A
",,"The target was not achieved.

Work done on municipal roads is dependent on the requests received from local municipalities and initiatives such as Thuntsa Lerole, which were limited due to the festive season.

","N/A
",,"The work done on municipal roads is dependent on the requests received from local municipalities and initiatives such as Thuntsa Lerole.  All requests were attended to during the quarter.
","N/A
",,,59
Public Works,Public Works,North West,Programme 3: Transport Infrastructure ,SUB-PROGRAMME: MAINTENANCE,Quarterly,Number of km of gravel roads bladed ,Standardized,Not  Applicable,Priority 2: Economic Transformation And Job Creation,Job Creation,"The Economic Sectors, Employment and Infrastructure Development cluster",2000,3561.66,6000," 4,619.00 
",3800," 6 941,69 
",2200,"4167.21
",14000,0,18912.35,,,,,"The target was achieved and exceeded.

Additional work was performed outside of official working hours, resulting in over-achievement in respect of the planned outputs.
",The programme of works will be monitored to ensure that the expenditure remains within the allocated budget.,"Target not achieved.

The reason for under-performance is low grader availability as a result of breakdowns in the Dr. Kenneth Kaunda and Dr. Ruth Segomotsi Mompati Districts.
","Procurement of additional capacity has commenced in Dr Ruth Segomotsi Mompati to address backlog.
",The department to de develop an improvement plan with clear timeliness on how underperformance will be remedied ,"Target achieved and exceeded.

Over-performance was due to the use of in-sourcing of yellow fleet to augment the departmental fleet.
",N/A,,"Target achieved and exceeded.

Additional work was undertaken due to the poor road conditions following the heavy and prolonged rainfall experienced during the quarter.

","N/A
",,,59
Public Works,Public Works,North West,Programme 3: Transport Infrastructure ,SUB-PROGRAMME: MAINTENANCE,Quarterly,Number of km of gravel roads re-gravelled,Standardized,Not  Applicable,Priority 2: Economic Transformation And Job Creation,Job Creation,"The Economic Sectors, Employment and Infrastructure Development cluster",19,39.38,76,0,65,,5,,165,0,,,,,,"The target was achieved and exceeded.

Additional work was completed through in-house teams.
",The programme of works will be monitored to ensure that the expenditure remains within the allocated budget.,N/A,N/A,,,,,,,,,59
Public Works,Public Works,North West,Programme 3: Transport Infrastructure ,SUB-PROGRAMME: MAINTENANCE,Quarterly,Number of km of gravel roads re-gravelled,Standardized,Not  Applicable,Priority 2: Economic Transformation And Job Creation,Building Roads (Specifically Rural roads),"The Economic Sectors, Employment and Infrastructure Development cluster",19,,51," 51.50 
",50,1.50,10,0,130,0,106.38,,,,The higher the number indicates positive performance.,,,Target achieved.,N/A,,The implementation of re-gravelling projects was impacted by budgetary challenges resulting from the introduction of financial austerity measures by National Treasury in the 2023/24 financial year and the reduction in the 2024/25 departmental budget allocation.,"The re-gravelling projects of 2024/25 will be carried over to the 2025/26 financial year for implementation.
",,"The target was not achieved.

The Department underachieved due to poor contractor performance on the project Re-gravelling of Road D2430 Delareyville to Migdol.
",The Department has issued poor performance letter and requested a recovery plan from the contractor in order to complete the works.,,,59
Public Works,Public Works,North West,Programme 3: Transport Infrastructure ,SUB-PROGRAMME: MAINTENANCE,Quarterly,Number of square metres of blacktop patching on provincial roads,Standardized,Not  Applicable,Priority 2: Economic Transformation And Job Creation,Job Creation,"The Economic Sectors, Employment and Infrastructure Development cluster",14000,16581.47,30000,17641.00,18500," 41 216,97 
",8500,"14513.36
",71000,0,85164.09,,,,,"The target was achieved and exceeded.

Additional work was performed, resulting in over-achievement of the planned outputs.
",The programme of works will be monitored to ensure that the expenditure remains within the allocated budget.,Trucks breakdowns for Patchwork teams in Dr. Kenneth Kaunda and Dr. Ruth. Segomotsi Mompati district.,Districts to prioritise repairs of trucks.,The department to de develop an improvement plan with clear timeliness on how underperformance will be remedied ,"Target achieved and exceeded.

Over-performance was due to the use of in-sourcing of yellow fleet to augment the departmental fleet.
",N/A,,"Target achieved and exceeded.

Additional work was undertaken due to the poor road conditions following the heavy and prolonged rainfall experienced during the quarter.

",N/A.,,,59
Public Works,Public Works,North West,PROGRAMME 4: COMMUNITY-BASED PROGRAMME ,SUB-PROGRAMME: COMMUNITY DEVELOPMENT,Quarterly,Number of  EPWP work opportunities created - Public Works  Infrastructure Sector,Standardized,Not  Applicable,Priority 2: Economic Transformation And Job Creation,Job Creation,"The Economic Sectors, Employment and Infrastructure Development cluster",291,523,1000,612,1500,626,1800,624,1800,624,624,,,,,None.,None.,"The targets were not achieved due to the following:

* Recruitment was put on hold temporarily due to budgetary constraints.
* The EPWP Reporting System is still open for reporting and final outputs will be verified.
","The intake of additional beneficiaries will be dependent on budget availability.	
",,"Austerity measures introduced by National Treasury in the 2023/24 financial year and the reduction in the 2024/25 departmental budget allocation affected the Department’s ability to recruit further participants. 



","The Progamme, as per directive of DMC has been halted further recruitment of participants, only those who were at verification stage will be considered for appointment. The currently recruited numbers will be used as baseline targets for the next financial year due to financial constraints.",Output not reported and reason for deviation not stated,Austerity measures introduced by National Treasury in the 2023/24 financial year and the reduction in the 2024/25 departmental budget allocation affected the Department’s ability to recruit further participants,Recruitment has been suspended; only those who are at verification stage will be considered for appointment. ,The department need to state the reason for over achievement,,59
Public Works,Public Works,North West,PROGRAMME 4: COMMUNITY-BASED PROGRAMME ,SUB-PROGRAMME: COMMUNITY DEVELOPMENT,Quarterly,Number of  EPWP work opportunities created - Transport Infrastructure Sector,Standardized,Not  Applicable,Priority 2: Economic Transformation And Job Creation,Job Creation,"The Economic Sectors, Employment and Infrastructure Development cluster",8669,8303,12500,,13500,,14000,9199,14000,9199,9199,,,,,"The targets in relation to the overall number of work opportunities created in the Public Works sector and for the category of youth in particular, were achieved.

The remainder of the targets were not achieved, due to the following reasons:

1.	Some of the newly recruited participants had to be excluded after verification confirmed that they had previously participated in the EPWP programme.

2.	The process of recruitment in the Ditsobotla district is not yet completed.

3.	The process of ensuring that recruited participants that are appointed on PERSAL system are also reflected on the EPWP Reporting System is still underway.

4.	The EPWP Reporting System was still open for reporting as at 30 June 2024.
","The processes related to verification and reconciliation of appointments on both the PERSAL and EPWP Reporting System and recruitment of beneficiaries in the Ditsobotla area will be completed in Quarter 2.

The National Department of Public Works and Infrastructure is in the process of finalizing a framework to enhance participation of persons with disabilities in EPWP.
","""
",,Output not reported,,,Output not reported and reason for deviation not stated,Austerity measures introduced by National Treasury in the 2023/24 financial year and the reduction in the 2024/25 departmental budget allocation affected the Department’s ability to recruit further participants,"Recruitment has been suspended; only those who are at verification stage will be considered for appointment. 
",The department to develop a recovery plans with clear timelines and responsibilities,,59
Public Works,Public Works,North West,PROGRAMME 4: COMMUNITY-BASED PROGRAMME ,SUB-PROGRAMME: COMMUNITY DEVELOPMENT,Quarterly,Number of  EPWP work opportunities created - Transport Infrastructure Sector,Standardized,Not  Applicable,Priority 2: Economic Transformation And Job Creation,Economic Growth and Job Creation,"The Economic Sectors, Employment and Infrastructure Development cluster",8669,,10000,8799,12000,"8,995",14000,,14000,0,,,,,The higher the number indicates positive performance,,,"The targets were not achieved due to the following:

* Recruitment was put on hold temporarily due to budgetary constraints.
* The EPWP Reporting System is still open for reporting and final outputs will be verified.
","The intake of additional beneficiaries will be dependent on budget availability.	
",The department to de develop an improvement plan with clear timeliness on how underperformance will be remedied ,"Austerity measures introduced by National Treasury in the 2023/24 financial year and the reduction in the 2024/25 departmental budget allocation affected the Department’s ability to recruit further participants. 



",Recruitment has been suspended; only those who are at verification stage will be considered for appointment. ,Output not reported and reason for deviation not stated,,,,Output not reported and reason for deviation not stated,59
Public Works,Public Works,North West,PROGRAMME 4: COMMUNITY-BASED PROGRAMME ,SUB-PROGRAMME: COMMUNITY DEVELOPMENT,Quarterly,Number of persons with disabilities employed - Public Works Infrastructure Sector,Standardized,Not  Applicable,Priority 2: Economic Transformation And Job Creation,Job Creation,"The Economic Sectors, Employment and Infrastructure Development cluster",6,2,20,15,30,15,36,15,36,15,15,,,,,"The targets in relation to the overall number of work opportunities created in the Public Works sector and for the category of youth in particular, were achieved.

The remainder of the targets were not achieved, due to the following reasons:

1.	Some of the newly recruited participants had to be excluded after verification confirmed that they had previously participated in the EPWP programme.

2.	The process of recruitment in the Ditsobotla district is not yet completed.

3.	The process of ensuring that recruited participants that are appointed on PERSAL system are also reflected on the EPWP Reporting System is still underway.

4.	The EPWP Reporting System was still open for reporting as at 30 June 2024.
","The processes related to verification and reconciliation of appointments on both the PERSAL and EPWP Reporting System and recruitment of beneficiaries in the Ditsobotla area will be completed in Quarter 2.

The National Department of Public Works and Infrastructure is in the process of finalizing a framework to enhance participation of persons with disabilities in EPWP.
","""
1. Participants recruitment is temporarily put on hold due to budgetary contraints within the programme and department

2. The EPWP Reporting Systems for quarter 2 is still open and does not interface with M&E system, thus it creates challenges in accurate reporting from the two systems.""	
","The current, recruited number of EPWP should be the target for 2024/25 FY due to budget constraints until there is available budget for further intake.		
",The department to de develop an improvement plan with clear timeliness on how underperformance will be remedied ,"Austerity measures introduced by National Treasury in the 2023/24 financial year and the reduction in the 2024/25 departmental budget allocation affected the Department’s ability to recruit further participants. 




",Recruitment has been suspended; only those who are at verification stage will be considered for appointment. ,Output not reported and reason for deviation not stated,Austerity measures introduced by National Treasury in the 2023/24 financial year and the reduction in the 2024/25 departmental budget allocation affected the Department’s ability to recruit further participants,Recruitment has been suspended; only those who are at verification stage will be considered for appointment. ,The department to develop a recovery plans with clear timelines and responsibilities,,59
Public Works,Public Works,North West,PROGRAMME 4: COMMUNITY-BASED PROGRAMME ,SUB-PROGRAMME: COMMUNITY DEVELOPMENT,Quarterly,Number of persons with disabilities employed - Transport Infrastructure Sector,Standardized,Not  Applicable,Priority 2: Economic Transformation And Job Creation,Job Creation,"The Economic Sectors, Employment and Infrastructure Development cluster",173,10,250,34,270,20,280,28,280,28,28,,,,,"The targets in relation to the overall number of work opportunities created in the Public Works sector and for the category of youth in particular, were achieved.

The remainder of the targets were not achieved, due to the following reasons:

1.	Some of the newly recruited participants had to be excluded after verification confirmed that they had previously participated in the EPWP programme.

2.	The process of recruitment in the Ditsobotla district is not yet completed.

3.	The process of ensuring that recruited participants that are appointed on PERSAL system are also reflected on the EPWP Reporting System is still underway.

4.	The EPWP Reporting System was still open for reporting as at 30 June 2024.
","The processes related to verification and reconciliation of appointments on both the PERSAL and EPWP Reporting System and recruitment of beneficiaries in the Ditsobotla area will be completed in Quarter 2.

The National Department of Public Works and Infrastructure is in the process of finalizing a framework to enhance participation of persons with disabilities in EPWP.
","""
1. Participants recruitment is temporarily put on hold due to budgetary contraints within the programme and department

2. The EPWP Reporting Systems for quarter 2 is still open and does not interface with M&E system, thus it creates challenges in accurate reporting from the two systems.""	
","The current, recruited number of EPWP should be the target for 2024/25 FY due to budget constraints until there is available budget for further intake.		
",The department to de develop an improvement plan with clear timeliness on how underperformance will be remedied ,"Austerity measures introduced by National Treasury in the 2023/24 financial year and the reduction in the 2024/25 departmental budget allocation affected the Department’s ability to recruit further participants. 





",Recruitment has been suspended; only those who are at verification stage will be considered for appointment. ,Output not reported and reason for deviation not stated,Austerity measures introduced by National Treasury in the 2023/24 financial year and the reduction in the 2024/25 departmental budget allocation affected the Department’s ability to recruit further participants,Recruitment has been suspended; only those who are at verification stage will be considered for appointment. ,The department to develop a recovery plans with clear timelines and responsibilities,,59
Public Works,Public Works,North West,PROGRAMME 4: COMMUNITY-BASED PROGRAMME ,SUB-PROGRAMME: COMMUNITY DEVELOPMENT,Quarterly,Number of women employed - Public Works Infrastructure Sector,Standardized,Not  Applicable,Priority 2: Economic Transformation And Job Creation,Job Creation,"The Economic Sectors, Employment and Infrastructure Development cluster",648,224,600,303,900,330,1080,329,1080,329,329,,,,,"The targets in relation to the overall number of work opportunities created in the Public Works sector and for the category of youth in particular, were achieved.

The remainder of the targets were not achieved, due to the following reasons:

1.	Some of the newly recruited participants had to be excluded after verification confirmed that they had previously participated in the EPWP programme.

2.	The process of recruitment in the Ditsobotla district is not yet completed.

3.	The process of ensuring that recruited participants that are appointed on PERSAL system are also reflected on the EPWP Reporting System is still underway.

4.	The EPWP Reporting System was still open for reporting as at 30 June 2024.
","The processes related to verification and reconciliation of appointments on both the PERSAL and EPWP Reporting System and recruitment of beneficiaries in the Ditsobotla area will be completed in Quarter 2.

The National Department of Public Works and Infrastructure is in the process of finalizing a framework to enhance participation of persons with disabilities in EPWP.
","""
1. Participants recruitment is temporarily put on hold due to budgetary contraints within the programme and department

2. The EPWP Reporting Systems for quarter 2 is still open and does not interface with M&E system, thus it creates challenges in accurate reporting from the two systems.""	
","The current, recruited number of EPWP should be the target for 2024/25 FY due to budget constraints until there is available budget for further intake.		
",The department to de develop an improvement plan with clear timeliness on how underperformance will be remedied a,"Austerity measures introduced by National Treasury in the 2023/24 financial year and the reduction in the 2024/25 departmental budget allocation affected the Department’s ability to recruit further participants. 



 

",Recruitment has been suspended; only those who are at verification stage will be considered for appointment. ,Output not reported and reason for deviation not stated,Austerity measures introduced by National Treasury in the 2023/24 financial year and the reduction in the 2024/25 departmental budget allocation affected the Department’s ability to recruit further participants,"Recruitment has been suspended; only those who are at verification stage will be considered for appointment. 
",The department to develop a recovery plans with clear timelines and responsibilities,,59
Public Works,Public Works,North West,PROGRAMME 4: COMMUNITY-BASED PROGRAMME ,SUB-PROGRAMME: COMMUNITY DEVELOPMENT,Quarterly,Number of women employed - Transport Infrastructure  Sector,Non-Standardized,Not  Applicable,Priority 2: Economic Transformation And Job Creation,Job Creation,"The Economic Sectors, Employment and Infrastructure Development cluster",5040,,6000,5 377,7200,5 970,8400,,8400,0,,,,,The higher the number indicates positive performance.,,,"1. Participants recruitment is temporarily put on hold due to budgetary contraints within the programme and department

2. The EPWP Reporting Systems for quarter 2 is still open and does not interface with M&E system, thus it creates challenges in accurate reporting from the two systems.""	
","The current, recruited number of EPWP should be the target for 2024/25 FY due to budget constraints until there is available budget for further intake.		
",The department to de develop an improvement plan with clear timeliness on how underperformance will be remedied ,"Austerity measures introduced by National Treasury in the 2023/24 financial year and the reduction in the 2024/25 departmental budget allocation affected the Department’s ability to recruit further participants. 





",Recruitment has been suspended; only those who are at verification stage will be considered for appointment. ,Output not reported and reason for deviation not stated,,,,Output not reported and reason for deviation not stated,59
Public Works,Public Works,North West,PROGRAMME 4: COMMUNITY-BASED PROGRAMME ,SUB-PROGRAMME: COMMUNITY DEVELOPMENT,Quarterly,Number of women employed - Transport Infrastructure  Sector,Standardized,Not  Applicable,Priority 2: Economic Transformation And Job Creation,Job Creation,"The Economic Sectors, Employment and Infrastructure Development cluster",5040,4302,7500,,8100,,8400,6079,8400,6079,6079,,,,,"The targets in relation to the overall number of work opportunities created in the Public Works sector and for the category of youth in particular, were achieved.

The remainder of the targets were not achieved, due to the following reasons:

1.	Some of the newly recruited participants had to be excluded after verification confirmed that they had previously participated in the EPWP programme.

2.	The process of recruitment in the Ditsobotla district is not yet completed.

3.	The process of ensuring that recruited participants that are appointed on PERSAL system are also reflected on the EPWP Reporting System is still underway.

4.	The EPWP Reporting System was still open for reporting as at 30 June 2024.
","The processes related to verification and reconciliation of appointments on both the PERSAL and EPWP Reporting System and recruitment of beneficiaries in the Ditsobotla area will be completed in Quarter 2.

The National Department of Public Works and Infrastructure is in the process of finalizing a framework to enhance participation of persons with disabilities in EPWP.
","""
",,Output not reported ,,,Output not reported and reason for deviation not stated,"Austerity measures introduced by National Treasury in the 2023/24 financial year and the reduction in the 2024/25 departmental budget allocation affected the Department’s ability to recruit further participants
",Recruitment has been suspended; only those who are at verification stage will be considered for appointment. ,The department to develop a recovery plans with clear timelines and responsibilities,,59
Public Works,Public Works,North West,PROGRAMME 4: COMMUNITY-BASED PROGRAMME ,SUB-PROGRAMME: COMMUNITY DEVELOPMENT,Quarterly,Number of youth employed (18-35) - Public Works Infrastructure Sector,Standardized,Not  Applicable,Priority 2: Economic Transformation And Job Creation,Job Creation,"The Economic Sectors, Employment and Infrastructure Development cluster",160,424,550,471,825,514,990,507,990,507,507,,,,,None.,None.,"""
1. Participants recruitment is temporarily put on hold due to budgetary contraints within the programme and department

2. The EPWP Reporting Systems for quarter 2 is still open and does not interface with M&E system, thus it creates challenges in accurate reporting from the two systems.""	
","The current, recruited number of EPWP should be the target for 2024/25 FY due to budget constraints until there is available budget for further intake.		
",The department to de develop an improvement plan with clear timeliness on how underperformance will be remedied ,"Austerity measures introduced by National Treasury in the 2023/24 financial year and the reduction in the 2024/25 departmental budget allocation affected the Department’s ability to recruit further participants. 



","The Progamme, as per directive of DMC has been halted further recruitment of participants, only those who were at verification stage will be considered for appointment. The currently recruited numbers will be used as baseline targets for the next financial year due to financial constraints.",Output not reported and reason for deviation not stated,Austerity measures introduced by National Treasury in the 2023/24 financial year and the reduction in the 2024/25 departmental budget allocation affected the Department’s ability to recruit further participants,"Recruitment has been suspended; only those who are at verification stage will be considered for appointment. 
",The department need to state the reason for over achievement,,59
Public Works,Public Works,North West,PROGRAMME 4: COMMUNITY-BASED PROGRAMME ,SUB-PROGRAMME: COMMUNITY DEVELOPMENT,Quarterly,Number of youth employed (18-35) - Transport Infrastructure Sector,Non-Standardized,Not  Applicable,Priority 2: Economic Transformation And Job Creation,Job Creation,"The Economic Sectors, Employment and Infrastructure Development cluster",4768,,5500,4 696,6600,4 969,7700,,7700,0,,,,,The higher the number indicates positive performance.,,,"1. Participants recruitment is temporarily put on hold due to budgetary contraints within the programme and department

2. The EPWP Reporting Systems for quarter 2 is still open and does not interface with M&E system, thus it creates challenges in accurate reporting from the two systems.""	
","The current, recruited number of EPWP should be the target for 2024/25 FY due to budget constraints until there is available budget for further intake.		
",The department to de develop an improvement plan with clear timeliness on how underperformance will be remedied ,"Austerity measures introduced by National Treasury in the 2023/24 financial year and the reduction in the 2024/25 departmental budget allocation affected the Department’s ability to recruit further participants. 



",Recruitment has been suspended; only those who are at verification stage will be considered for appointment. ,Output not reported and reason for deviation not stated,,,,Output not reported and reason for deviation not stated,59
Public Works,Public Works,North West,PROGRAMME 4: COMMUNITY-BASED PROGRAMME ,SUB-PROGRAMME: COMMUNITY DEVELOPMENT,Quarterly,Number of youth employed (18-35) - Transport Infrastructure Sector,Standardized,Not  Applicable,Priority 2: Economic Transformation And Job Creation,Job Creation,"The Economic Sectors, Employment and Infrastructure Development cluster",4768,2790,6875,,7425,,7700,4984,7700,4984,4984,,,,,"The targets in relation to the overall number of work opportunities created in the Public Works sector and for the category of youth in particular, were achieved.

The remainder of the targets were not achieved, due to the following reasons:

1.	Some of the newly recruited participants had to be excluded after verification confirmed that they had previously participated in the EPWP programme.

2.	The process of recruitment in the Ditsobotla district is not yet completed.

3.	The process of ensuring that recruited participants that are appointed on PERSAL system are also reflected on the EPWP Reporting System is still underway.

4.	The EPWP Reporting System was still open for reporting as at 30 June 2024.
","The processes related to verification and reconciliation of appointments on both the PERSAL and EPWP Reporting System and recruitment of beneficiaries in the Ditsobotla area will be completed in Quarter 2.

The National Department of Public Works and Infrastructure is in the process of finalizing a framework to enhance participation of persons with disabilities in EPWP.
","""
",,Output  not reported ,,,Output not reported and reason for deviation not stated,"Austerity measures introduced by National Treasury in the 2023/24 financial year and the reduction in the 2024/25 departmental budget allocation affected the Department’s ability to recruit further participants
",Recruitment has been suspended; only those who are at verification stage will be considered for appointment. ,The department to develop a recovery plans with clear timelines and responsibilities,,59
Public Works,Public Works,North West,PROGRAMME 4: COMMUNITY-BASED PROGRAMME ,SUB-PROGRAMME: EPWP COORDINATION AND MONITORING,Quarterly,Number of public bodies reporting on EPWP targets in the Province,Non-Standardized,Not  Applicable,Priority 2: Economic Transformation And Job Creation,Job Creation,"The Economic Sectors, Employment and Infrastructure Development cluster",36,26,36,,36,,36,,36,0,,,,,,The EPWP Reporting System is still open for Quarter 1 reporting as at 30 June 2024.,"
Under reporting will be addressed with relevant bodies once the final report is available.",,,Report on targeted outputs not provided,,,Output not reported and reason for deviation not stated,,,The department to develop a recovery plans with clear timelines and responsibilities,Output not reported and reason for deviation not stated,59
Public Works,Public Works,North West,PROGRAMME 4: COMMUNITY-BASED PROGRAMME ,SUB-PROGRAMME: EPWP COORDINATION AND MONITORING,Quarterly,Number of public bodies reporting on EPWP targets in the Province,Non-Standardized,Min,Priority 2: Economic Transformation And Job Creation,Job Creation,"The Economic Sectors, Employment and Infrastructure Development cluster",36,,35,35,35,34,35,35,35,0,35,,,,The higher the number indicates positive performance.,,,"None.	
",N/A,"Output, reason for variation and corrective measure not aligned","The Department of Cooperative Governance, Human Settlement and Traditional Affairs (COGHSTA) was erroneously deleted from the EPWP Reporting system.","The Department of COGHSTA has been re-registered in the EPWP Reporting System and will start reporting from Quarter 4.
",,"Target achieved.
",N/A.,,,59
Public Works,Public Works,North West,PROGRAMME 4: COMMUNITY-BASED PROGRAMME ,SUB-PROGRAMME: INNOVATION AND EMPOWERMENT,Quarterly,Number of contractors participating in the departmental  Contractor Development Programme - Transport Infrastructure Sector,Non-Standardized,Not  Applicable,Priority 2: Economic Transformation And Job Creation,Job Creation,"The Economic Sectors, Employment and Infrastructure Development cluster",120,0,120,0,120,"52
",120,52,120,52,52,,,,,The target was not achieved due to delays in finalization of the adjudication processes.,The challenges have been addressed and the process will be completed during Quarter 2.,"
The target was not achieved, as the final adjudication was not finalized as planned.","The process will be completed in Quarter 3.	
",,"The total number of contractors participating in the departmental Contractor Development Programme is 52.  
 
Forty-seven contractors participated in Transport Infrastructure sector projects and twenty-nine in Public Works Infrastructure sector projects (some contractors were allocated projects in both sectors).
The rollout of the new intake is at the final stage of adjudication.
",The adjudication process will be completed in Quarter 4.,Output not reported instead reason for deviation reported as output. Kindly correct,"The total number of contractors participating in the departmental Contractor Development Programme is 52 of the previous intake.  
 


",The intake of the new participants will take place during the 1st quarter of the 2025/26 financial year.,,,59
Public Works,Public Works,North West,PROGRAMME 4: COMMUNITY-BASED PROGRAMME ,SUB-PROGRAMME: INNOVATION AND EMPOWERMENT,Quarterly,Number of contractors participating in the departmental Contractor Development Programme - Public Works Infrastructure Sector,Non-Standardized,Not  Applicable,Priority 2: Economic Transformation And Job Creation,Job Creation,"The Economic Sectors, Employment and Infrastructure Development cluster",40,0,40,0,40,52,40,52,40,52,,,,,,The target was not achieved due to delays in finalization of the adjudication processes.,The challenges have been addressed and the process will be completed during Quarter 2.,"
The target was not achieved, as the final adjudication was not finalized as planned.
","	
The process will be completed in Quarter 3.",,"The total number of contractors participating in the departmental Contractor Development Programme is 52.  
 
Forty-seven contractors participated in Transport Infrastructure sector projects and twenty-nine in Public Works Infrastructure sector projects (some contractors were allocated projects in both sectors).
The rollout of the new intake is at the final stage of adjudication.

",The adjudication process will be completed in Quarter 4.,Output not reported instead reason for deviation reported as output. Kindly correct,"The total number of contractors participating in the departmental Contractor Development Programme is 52 of the previous intake.

",The intake of the new participants will take place during the 1st quarter of the 2025/26 financial year.,,,59
