Sector,Institution,Programme,SubProgramme,Location,Frequency,Indicator,Type,SubType,Outcome,Priority,Cluster,Target_Q1,ActualOutput_Q1,ReasonforDeviation_Q1,CorrectiveAction_Q1,Target_Q2,ActualOutput_Q2,ReasonforDeviation_Q2,CorrectiveAction_Q2,Target_Q3,ActualOutput_Q3,ReasonforDeviation_Q3,CorrectiveAction_Q3,OTP_Q3,Target_Q4,ActualOutput_Q4,ReasonforDeviation_Q4,CorrectiveAction_Q4,OTP_Q4,AnnualTarget_Summary2,Preliminary_Summary2,PrelimaryAudited_Summary2,ReasonforDeviation_Summary,CorrectiveAction_Summary,ValidatedAudited_Summary2,UID
,Limpopo: Office of the Premier,Limpopo,Programme 1: Administration,Programme 1: Administration,Annually,Default,Non-Standardized,Not  Applicable,"Priority 1: A Capable, Ethical and Developmental State",-,"Governance, State Capacity and Institutional Development cluster",,,,,,,,,,,,,,,,,,,,,,,,,135
,Limpopo: Office of the Premier,Limpopo,Programme 1: Administration,Programme 1: Administration,Quarterly,Default,Non-Standardized,Not  Applicable,"Priority 1: A Capable, Ethical and Developmental State",-,"Governance, State Capacity and Institutional Development cluster",,,,,,,,,,,,,,,,,,,,,,,,,135
,Limpopo: Office of the Premier,Limpopo,Programme 1: Administration,Sub-Programme 1: Premier support ,Annually,Default,Non-Standardized,Not  Applicable,"Priority 1: A Capable, Ethical and Developmental State",-,"Governance, State Capacity and Institutional Development cluster",,,,,,,,,,,,,,,,,,,,,,,,,135
,Limpopo: Office of the Premier,Limpopo,Programme 1: Administration,Sub-Programme 1: Premier support ,Quarterly,Default,Non-Standardized,Not  Applicable,"Priority 1: A Capable, Ethical and Developmental State",-,"Governance, State Capacity and Institutional Development cluster",,,,,,,,,,,,,,,,,,,,,,,,,135
,Limpopo: Office of the Premier,Limpopo,Programme 1: Administration,Sub-Programme 1: Strategic Management Support Services,Quarterly,Number of stages of the Business Continuity Management Plan Lifecycle implemented.,Non-Standardized,Not  Applicable,"Priority 1: A Capable, Ethical and Developmental State",1. Transform the public service for effective and efficient service delivery (2019-2024),"Governance, State Capacity and Institutional Development cluster",1,1,None,None,2,0,The process was not conducted for all the functions due to lack of HR capacity within the Risk Management Unit. ,The process will be finalized in quarter 3 during the annual risk assessment. ,1,0,Unavailability of targeted groups during the planned sessions. ,Engagement with the relevant critical functions.,Not achieved,1,3,"The Office implemented stages 2, 3 & 4 of the Business Continuity Management Plan lifecycle during the quarter under review. Stages 2-4 were targeted during the 2nd and 3rd quarters, respectively, but only achieved during the 4th quarter. Stage 5 of the BCMP was targeted for quarter 4 but was not fully implemented. Part A of stage 5 was implemented (ICT Disaster Recovery Tests were successfully conducted on 23 March 2025). Part B of stage 5 (Evacuation Drill) was not implemented.",Part B (Evaluation drill) of stage 5 will be implemented in the 2025/26 financial year after the relocation process is completed.,Achieved,5,3,,,,,135
,Limpopo: Office of the Premier,Limpopo,Programme 1: Administration,Sub-Programme 1: Strategic Management Support Services,Quarterly,Number of strategic pillars of the National Anti-Corruption Strategy implemented,Non-Standardized,Not  Applicable,"Priority 1: A Capable, Ethical and Developmental State",1. Transform the public service for effective and efficient service delivery (2019-2024),"Governance, State Capacity and Institutional Development cluster",5,5,None,None,5,5,None,None,5,5,None,None,Achieved,5,5,None,None,,5,5,,,,,135
,Limpopo: Office of the Premier,Limpopo,Programme 1: Administration,Sub-Programme 2: Executive Council Support,Annually,Default,Non-Standardized,Not  Applicable,"Priority 1: A Capable, Ethical and Developmental State",-,"Governance, State Capacity and Institutional Development cluster",,,,,,,,,,,,,,,,,,,,,,,,,135
,Limpopo: Office of the Premier,Limpopo,Programme 1: Administration,Sub-Programme 2: Executive Council Support,Quarterly,Default,Non-Standardized,Not  Applicable,"Priority 1: A Capable, Ethical and Developmental State",-,"Governance, State Capacity and Institutional Development cluster",,,,,,,,,,,,,,,,,,,,,,,,,135
,Limpopo: Office of the Premier,Limpopo,Programme 1: Administration,Sub-Programme 3: Director-General Support,Annually,Default,Non-Standardized,Not  Applicable,"Priority 1: A Capable, Ethical and Developmental State",-,"Governance, State Capacity and Institutional Development cluster",,,,,,,,,,,,,,,,,,,,,,,,,135
,Limpopo: Office of the Premier,Limpopo,Programme 1: Administration,Sub-Programme 3: Director-General Support,Quarterly,Default,Non-Standardized,Not  Applicable,"Priority 1: A Capable, Ethical and Developmental State",-,"Governance, State Capacity and Institutional Development cluster",,,,,,,,,,,,,,,,,,,,,,,,,135
,Limpopo: Office of the Premier,Limpopo,Programme 1: Administration,Sub-Programme 4: Financial Management,Annually,Default,Non-Standardized,Not  Applicable,"Priority 1: A Capable, Ethical and Developmental State",-,"Governance, State Capacity and Institutional Development cluster",,,,,,,,,,,,,,,,,,,,,,,,,135
,Limpopo: Office of the Premier,Limpopo,Programme 1: Administration,Sub-Programme 4: Financial Management,Quarterly,% of debt recovered against total recoverable debt,Non-Standardized,Average,"Priority 1: A Capable, Ethical and Developmental State",1. Transform the public service for effective and efficient service delivery (2019-2024),"Governance, State Capacity and Institutional Development cluster",95 %,103 %,The office over collected 8% mainly due to once off recovery bursary debt. ,None,95 %,81 %,There was an under-achievement of 14% due to long outstanding debts which were submitted to the Office of the State Attorney.  ,The Office has recommended Phakamani Debt collectors to assist in maximising debt collection.   ,95 %,78 %,The underperformance of 17% was due to long outstanding debts which were submitted to the office of the State Attorney ,Phakamani debt collectors to assist in maximizing debt collection. ,Not achieved,95 %,819% %,This department has an over- collection of 724% is mainly because of once-off debts collection for SITA and Limpopo: Economic Development Agency. ,None,he target is recorded as a number while Actual Output is %,95 %,"65,5 %",,,,,135
,Limpopo: Office of the Premier,Limpopo,Programme 1: Administration,Sub-Programme 4: Financial Management,Quarterly,% of external audit recommendations implemented.,Non-Standardized,Average,"Priority 1: A Capable, Ethical and Developmental State",1. Transform the public service for effective and efficient service delivery (2019-2024),"Governance, State Capacity and Institutional Development cluster",98 %,100 %,"The Office implemented all the external audit recommendations, which is 2% over the target. ",None,98 %,50 %,"The Office underperformed by 38%, reason being that the audit for 2023/2024 was finalised at the end of July 2024, and the Office requires ample time to implement the auditor's recommendations", The Office will continue to implement the outstanding three (03) external audit recommendations. ,98 %,67 %,"The Office underperformed by 31%, internal control assessments are conducted to ensure that all the auditors conclusions are effectively implement.", The Office will continue to implement the outstanding two (02) external audit recommendations. ,Notavhieved,98 %,83% %,"The Office underperformed by 15%, internal control assessments are conducted to ensure that all the external audit recommendations are effectively implement.     ",The Office will continue to monitor the implementation of the external audit recommendation.     ,he target is recorded as a number while Actual Output is %,98 %,"72,333333333333333333333333333 %",,,,,135
,Limpopo: Office of the Premier,Limpopo,Programme 1: Administration,Sub-Programme 4: Financial Management,Quarterly,% of forecasted own revenue collected,Non-Standardized,Average,"Priority 1: A Capable, Ethical and Developmental State",1. Transform the public service for effective and efficient service delivery (2019-2024),"Governance, State Capacity and Institutional Development cluster",95 %,102 %,The office over collected 7% mainly due to once off recovered bursary debt.,None,95 %,88 %,"The under collection of 7% is mainly because of terminated employees without replacement.  

The Office rely on Commission on insurance and rental of parking (items) for revenue collection deducted from the employees.",The Office is in the process of appointing new employees. ,95 %,110 %,The office overachieved by 15%. ,None,Achieved,95 %,426% %,"The Office has an over-collection of 331% during this quarter, mainly because of once-off debt collection for SITA and Limpopo Economic Development Agency. ",None,The target is recorded as a number while Actual Output is %,95 %,75 %,,,,,135
,Limpopo: Office of the Premier,Limpopo,Programme 1: Administration,Sub-Programme 4: Financial Management,Quarterly,% of internal audit recommendations implemented.,Non-Standardized,Average,"Priority 1: A Capable, Ethical and Developmental State",1. Transform the public service for effective and efficient service delivery (2019-2024),"Governance, State Capacity and Institutional Development cluster",98 %,100 %,The Office implemented all the internal audit recommendations which is 2% over the target. ,None,98 %,100 %,"The Office implemented all internal audit recommendations, which is by 2% over the target. ",None,98 %,100 %,"The Office implemented all internal audit recommendations, which is by 2% over the target.  ",None,Achieved,98 %,100% %,"The Office implemented all internal audit recommendations, which is 2% over the target.     ",None,he target is recorded as a number while Actual Output is %,98 %,100 %,,,,,135
,Limpopo: Office of the Premier,Limpopo,Programme 1: Administration,Sub-Programme 4: Financial Management,Quarterly,% of legitimate supplier invoices paid within 30 days.,Non-Standardized,Average,"Priority 1: A Capable, Ethical and Developmental State",1. Transform the public service for effective and efficient service delivery (2019-2024),"Governance, State Capacity and Institutional Development cluster",100 %,100 %,None,None,100 %,100 %,None,None,100 %,100 %,None,None,Àchieved,100 %,100% %,None,None,Achieved,100 %,75 %,,,,,135
,Limpopo: Office of the Premier,Limpopo,Programme 1: Administration,Sub-Programme 4: Financial Management,Quarterly,% of preferential procurement spent on people with Disability,Non-Standardized,Average,"Priority 1: A Capable, Ethical and Developmental State",1. Transform the public service for effective and efficient service delivery (2019-2024),"Governance, State Capacity and Institutional Development cluster",5 %,0 %,The office was unable to provide the progress for the 1st Quarter due to the outstanding preferential statistics report from Provincial Treasury,Continuous engagement with Provincial Treasury to provide the Office with the statistics at least 10 days after each quarter.,5 %,0.3 %,"The underperformance of 4,7% was due to few service providers of the designated group on the Central Supplier Database. ", Advocate for designated group to register on the Central Supplier Database.,5 %,1.31 %,"The underperformance of 3,7% was due to few service providers of the designated group on the Central Supplier Database.",Advocate for designated groups to register on Central Supplier Database and update their profiles,Not achieved,5 %,0.58%  %,Few service providers of the designated group (people with disability) on the central supplier database for the services requested within the quarter. ,Continue to advocate for designated groups to register on central supplier database through Service Delivery Directorate.,Not Achieved,5 %,0 %,,,,,135
,Limpopo: Office of the Premier,Limpopo,Programme 1: Administration,Sub-Programme 4: Financial Management,Quarterly,% of preferential procurement spent on women,Non-Standardized,Average,"Priority 1: A Capable, Ethical and Developmental State",1. Transform the public service for effective and efficient service delivery (2019-2024),"Governance, State Capacity and Institutional Development cluster",20 %,0 %,The office was unable to provide the progress for the 1st Quarter due to the outstanding preferential statistics report from Provincial Treasury,Continuous engagement with Provincial Treasury to provide the Office with the statistics at least 10 days after each quarter.,20 %,66 %,The Office overachieved by 46% due to celebration of Women’s and Heritage Day,None,20 %,72 %,None,None,Achieved,20 %,66% %,Over achievement of the target by 46% , None,Achieved,20 %,46 %,,,,,135
,Limpopo: Office of the Premier,Limpopo,Programme 1: Administration,Sub-Programme 4: Financial Management,Quarterly,% of preferential procurement spent on Youth,Non-Standardized,Average,"Priority 1: A Capable, Ethical and Developmental State",1. Transform the public service for effective and efficient service delivery (2019-2024),"Governance, State Capacity and Institutional Development cluster",25 %,0 %,The office was unable to provide the progress for the 1st Quarter due to the outstanding preferential statistics report from Provincial Treasury,Continuous engagement with Provincial Treasury to provide the Office with the statistics at least 10 days after each quarter.,25 %,30 %,The Office overachieved by 5% due to opportunities that were given to youth-owned companies during Youth Celebration. ,None,25 %,26 %,The office overachieved by 1% ,None,Achieved,25 %,33%  %,Over achievement of the target by 8% ,None,Achieved,25 %,"18,666666666666666666666666667 %",,,,,135
,Limpopo: Office of the Premier,Limpopo,Programme 1: Administration,Sub-Programme 4: Financial Management,Quarterly,Default,Non-Standardized,Not  Applicable,"Priority 1: A Capable, Ethical and Developmental State",-,"Governance, State Capacity and Institutional Development cluster",0,,,,0,,,,0,,,,,0,,,,,0,0,,,,,135
,Limpopo: Office of the Premier,Limpopo,Programme 1: Administration,Sub-Programme 5: Programme Support: Administration,Annually,Default,Non-Standardized,Not  Applicable,"Priority 1: A Capable, Ethical and Developmental State",-,"Governance, State Capacity and Institutional Development cluster",,,,,,,,,,,,,,,,,,,,,,,,,135
,Limpopo: Office of the Premier,Limpopo,Programme 1: Administration,Sub-Programme 5: Programme Support: Administration,Quarterly,% Average vacancy rate in the Office of the Premier,Non-Standardized,Average,"Priority 1: A Capable, Ethical and Developmental State",1. Transform the public service for effective and efficient service delivery (2019-2024),"Governance, State Capacity and Institutional Development cluster",10 %,7.27 %,None,None,10 %,"8,07 %",None,None,10 %,"7,19 %",None,None,Achieved,10 %,7.95 %  %,None,None,Not  Achieved,10 %,0 %,,,,,135
,Limpopo: Office of the Premier,Limpopo,Programme 1: Administration,Sub-Programme 5: Programme Support: Administration,Quarterly,Default,Non-Standardized,Not  Applicable,"Priority 1: A Capable, Ethical and Developmental State",-,"Governance, State Capacity and Institutional Development cluster",0,,,,0,,,,0,,,,,0,,,,,0,0,,,,,135
,Limpopo: Office of the Premier,Limpopo,Programme 1: Administration,Sub-Programme 5: Programme Support: Administration,Quarterly,Number of ICT application systems implemented as per the configuration standards document.,Non-Standardized,Not  Applicable,"Priority 1: A Capable, Ethical and Developmental State",1. Transform the public service for effective and efficient service delivery (2019-2024),"Governance, State Capacity and Institutional Development cluster",0,0,None,None,1,1,None,None,1,1,None,None,,1,1,None,None,Achieved,3,3,,,,,135
,Limpopo: Office of the Premier,Limpopo,Programme 1: Administration,Sub-Programme 5: Programme Support: Administration,Quarterly,Number of training programmes in the workplace skills plan implemented.,Non-Standardized,Not  Applicable,"Priority 1: A Capable, Ethical and Developmental State",1. Transform the public service for effective and efficient service delivery (2019-2024),"Governance, State Capacity and Institutional Development cluster",4,4,None,None,4,4,None,None,4,4,None,None,,4,4,None,None,Achieved,4,4,,,,,135
,Limpopo: Office of the Premier,Limpopo,Programme 2: Institutional Development,Programme 2: Institutional Development,Annually,Default,Non-Standardized,Not  Applicable,"Priority 1: A Capable, Ethical and Developmental State",-,"Governance, State Capacity and Institutional Development cluster",,,,,,,,,,,,,,,,,,,,,,,,,135
,Limpopo: Office of the Premier,Limpopo,Programme 2: Institutional Development,Programme 2: Institutional Development,Quarterly,Default,Non-Standardized,Not  Applicable,"Priority 1: A Capable, Ethical and Developmental State",-,"Governance, State Capacity and Institutional Development cluster",,,,,,,,,,,,,,,,,,,,,,,,,135
,Limpopo: Office of the Premier,Limpopo,Programme 2: Institutional Development,Sub-Programme 1: Strategic Human Resources,Annually,Default,Non-Standardized,Not  Applicable,"Priority 1: A Capable, Ethical and Developmental State",-,"Governance, State Capacity and Institutional Development cluster",,,,,,,,,,,,,,,,,,,,,,,,,135
,Limpopo: Office of the Premier,Limpopo,Programme 2: Institutional Development,Sub-Programme 1: Strategic Human Resources,Quarterly,Default,Non-Standardized,Not  Applicable,"Priority 1: A Capable, Ethical and Developmental State",-,"Governance, State Capacity and Institutional Development cluster",0,0,,,0,,,,0,,,,,0,,,,,0,0,,,,,135
,Limpopo: Office of the Premier,Limpopo,Programme 2: Institutional Development,Sub-Programme 1: Strategic Human Resources,Quarterly,Number of departments monitored on compliance with the 10% average vacancy on PERSAL.,Non-Standardized,Not  Applicable,"Priority 1: A Capable, Ethical and Developmental State",1. Transform the public service for effective and efficient service delivery (2019-2024),"Governance, State Capacity and Institutional Development cluster",11,11,None,None,11,11,None,None,11,11,None,None,Achieved,11,11,None,None,Achieved,11,11,,,,,135
,Limpopo: Office of the Premier,Limpopo,Programme 2: Institutional Development,Sub-Programme 1: Strategic Human Resources,Quarterly,Number of departments monitored on resolving labour relations cases within prescribed timeframes.,Non-Standardized,Not  Applicable,"Priority 1: A Capable, Ethical and Developmental State",1. Transform the public service for effective and efficient service delivery (2019-2024),"Governance, State Capacity and Institutional Development cluster",11,11,None,None,11,11,None,None,11,11,None,None,Achieved,11,11,None,None,Achieved,11,11,,,,,135
,Limpopo: Office of the Premier,Limpopo,Programme 2: Institutional Development,Sub-Programme 2: Information Communication Technology,Annually,Default,Non-Standardized,Not  Applicable,"Priority 1: A Capable, Ethical and Developmental State",-,"Governance, State Capacity and Institutional Development cluster",,,,,,,,,,,,,,,,,,,,,,,,,135
,Limpopo: Office of the Premier,Limpopo,Programme 2: Institutional Development,Sub-Programme 2: Information Communication Technology,Quarterly,Default,Non-Standardized,Not  Applicable,"Priority 1: A Capable, Ethical and Developmental State",-,"Governance, State Capacity and Institutional Development cluster",,,,,,,,,,,,,,,,,,,,0,,,,,135
,Limpopo: Office of the Premier,Limpopo,Programme 2: Institutional Development,Sub-Programme 2: Provincial HRD Strategy and Policy,Quarterly,Development of Limpopo HRD Public Sector Plan.,Non-Standardized,Not  Applicable,"Priority 1: A Capable, Ethical and Developmental State",1. Transform the public service for effective and efficient service delivery (2019-2024),"Governance, State Capacity and Institutional Development cluster",-,-,-,-,-,Not measured for the quarter,N/A,N/A,-,-,N/A,N/A,,Limpopo HRD Public Sector Plan developed.,Limpopo HRD Public Sector Plan developed.,None,None,Achieved,Limpopo HRD Public Sector Plan developed.,-,,,,,135
,Limpopo: Office of the Premier,Limpopo,Programme 2: Institutional Development,Sub-Programme 3: Legal Services,Annually,Default,Non-Standardized,Not  Applicable,"Priority 1: A Capable, Ethical and Developmental State",-,"Governance, State Capacity and Institutional Development cluster",,,,,,,,,,,,,,,,,,,,,,,,,135
,Limpopo: Office of the Premier,Limpopo,Programme 2: Institutional Development,Sub-Programme 3: Legal Services,Quarterly,Default,Non-Standardized,Not  Applicable,"Priority 1: A Capable, Ethical and Developmental State",-,"Governance, State Capacity and Institutional Development cluster",,,,,,,,,,,,,,,,,,,,,,,,,135
,Limpopo: Office of the Premier,Limpopo,Programme 2: Institutional Development,Sub-Programme 3: Transformation Programmes,Quarterly,Number of Departments monitored on the implementation of Strategic Pillars of the National Anti-Corruption Strategy.,Non-Standardized,Not  Applicable,"Priority 1: A Capable, Ethical and Developmental State",1. Transform the public service for effective and efficient service delivery (2019-2024),"Governance, State Capacity and Institutional Development cluster",11,11,None,None,11,11,None,None,11,11,None,None,Achieved,11,11,None,None,Achieved,11,11,,,,,135
,Limpopo: Office of the Premier,Limpopo,Programme 2: Institutional Development,Sub-Programme 3: Transformation Programmes,Quarterly,Number of provincial departments monitored on the implementation of the Service Delivery Improvement Plan. ,Non-Standardized,Not  Applicable,"Priority 1: A Capable, Ethical and Developmental State",1. Transform the public service for effective and efficient service delivery (2019-2024),"Governance, State Capacity and Institutional Development cluster",11,11,None,None,11,11,None,None,11,11,None,None,Achieved,11,11,None,None,Achieved,11,11,,,,,135
,Limpopo: Office of the Premier,Limpopo,Programme 2: Institutional Development,Sub-Programme 3: Transformation Programmes,Quarterly,Number of targeted stakeholder groups engaged in transformation programmes.,Non-Standardized,Not  Applicable,"Priority 1: A Capable, Ethical and Developmental State",1. Transform the public service for effective and efficient service delivery (2019-2024),"Governance, State Capacity and Institutional Development cluster",6,6,None,None,6,6,None,None,6,6,None,None,Achieved,6,6,None,None,Achieved,6,6,,,,,135
,Limpopo: Office of the Premier,Limpopo,Programme 2: Institutional Development,Sub-Programme 4: Communication Services,Annually,Default,Non-Standardized,Not  Applicable,"Priority 1: A Capable, Ethical and Developmental State",-,"Governance, State Capacity and Institutional Development cluster",,,,,,,,,,,,,,,,,,,,,,,,,135
,Limpopo: Office of the Premier,Limpopo,Programme 2: Institutional Development,Sub-Programme 4: Communication Services,Quarterly,Default,Non-Standardized,Not  Applicable,"Priority 1: A Capable, Ethical and Developmental State",-,"Governance, State Capacity and Institutional Development cluster",,,,,,,,,,,,,,,,,,,,,,,,,135
,Limpopo: Office of the Premier,Limpopo,Programme 2: Institutional Development,Sub-Programme 4: Provincial Information and Communication Technology ,Quarterly,Number of departments monitored on implementation of Corporate Governance of Information Communication and Technology policy framework.,Non-Standardized,Not  Applicable,"Priority 1: A Capable, Ethical and Developmental State",1. Transform the public service for effective and efficient service delivery (2019-2024),"Governance, State Capacity and Institutional Development cluster",11,11,None,None,11,11,None,None,11,11,None,None,A chieved,11,11,None,None,,11,11,,,,,135
,Limpopo: Office of the Premier,Limpopo,Programme 2: Institutional Development,Sub-Programme 4: Provincial Information and Communication Technology ,Quarterly,Number of departments monitored on the implementation of government information management prescripts,Non-Standardized,Not  Applicable,"Priority 1: A Capable, Ethical and Developmental State",1. Transform the public service for effective and efficient service delivery (2019-2024),"Governance, State Capacity and Institutional Development cluster",11,11,None,None,11,11,None,None,11,11,None,None,Achieved,11,11,None,None,,11,11,,,,,135
,Limpopo: Office of the Premier,Limpopo,Programme 2: Institutional Development,Sub-Programme 4: Provincial Information and Communication Technology ,Quarterly,Number of government priorities communicated.,Non-Standardized,Not  Applicable,"Priority 1: A Capable, Ethical and Developmental State",1. Transform the public service for effective and efficient service delivery (2019-2024),"Governance, State Capacity and Institutional Development cluster",7,7,None,None,7,7,None,None,7,7,None,None,Achieved,7,7,None,None,,7,7,,,,,135
,Limpopo: Office of the Premier,Limpopo,Programme 2: Institutional Development,Sub-Programme 4: Provincial Information and Communication Technology ,Quarterly,Number of ICT Digital Projects Implemented as part of the eGovernment Strategy Implementation Plan.,Non-Standardized,Not  Applicable,"Priority 1: A Capable, Ethical and Developmental State",1. Transform the public service for effective and efficient service delivery (2019-2024),"Governance, State Capacity and Institutional Development cluster",0,0,Not measured,Not measured,0,0,None,None,0,Not measured for the quarter,N/A,N/A,Not measured,2,2,"The e-Leave project was only implemented in the Office of the Premier and CoGHSTA due to lack of resources 
 The e-.Recruitment system was implemented for all the departments.", System developers will be deployed to assist the departments starting in the 2025/26 financial year.,,2,0,,,,,135
,Limpopo: Office of the Premier,Limpopo,Programme 2: Institutional Development,Sub-Programme 5: Legal Services,Quarterly,% of contracts drafted in line with service standards timeframes.,Non-Standardized,Average,"Priority 1: A Capable, Ethical and Developmental State",1. Transform the public service for effective and efficient service delivery (2019-2024),"Governance, State Capacity and Institutional Development cluster",100 %,100 %,None,None,100 %,100 %,None,None,100 %,100 %,None,None,,100 %,100% (8) %,None,None,,100 %,100 %,,,,,135
,Limpopo: Office of the Premier,Limpopo,Programme 2: Institutional Development,Sub-Programme 5: Legal Services,Quarterly,% of legal opinions provided in line with service standards timeframes.,Non-Standardized,Average,"Priority 1: A Capable, Ethical and Developmental State",1. Transform the public service for effective and efficient service delivery (2019-2024),"Governance, State Capacity and Institutional Development cluster",100 %,98.15 %,"1,85% underperformance was due to one case that was handled by a new appointee, and it required research and supervision",The new employee has been trained and provide continued supervision.,100 %,97.96 %,"2.04% (1 out of 49) of legal opinions were not provided in line with the service standard timeframes. 

The matter was complex: and involved a lot of research on property law, company law and the reading of documents from the client department. ","Legal Services to be trained in Company Law and Property Law, as the Office of the Premier Legal Services does not have staff trained in these except for the file handler.
To include such training in the OtP 2025/26 training program.
",100 %,100 %,None,None,,100 %,100% (33) %,None,None,,100 %,0 %,,,,,135
,Limpopo: Office of the Premier,Limpopo,Programme 2: Institutional Development,Sub-Programme 5: Legal Services,Quarterly,% of legislation drafted in line with service standards timeframes.,Non-Standardized,Average,"Priority 1: A Capable, Ethical and Developmental State",1. Transform the public service for effective and efficient service delivery (2019-2024),"Governance, State Capacity and Institutional Development cluster",100 %,100 %,None,None,100 %,100 %,None,None,100 %,100 %,None,None,,100 %,100% (15) %,None,None,,100 %,100 %,,,,,135
,Limpopo: Office of the Premier,Limpopo,Programme 2: Institutional Development,Sub-Programme 5: Legal Services,Quarterly,Number of default judgements ,Non-Standardized,Not  Applicable,"Priority 1: A Capable, Ethical and Developmental State",1. Transform the public service for effective and efficient service delivery (2019-2024),"Governance, State Capacity and Institutional Development cluster",0,0,None,None,0,0,None,None,0,0,None,None,,0,0,None,None,,0,0,,,,,135
,Limpopo: Office of the Premier,Limpopo,Programme 2: Institutional Development,Sub-Programme 5: Legal Services,Quarterly,Number of prescribed cases,Non-Standardized,Not  Applicable,"Priority 1: A Capable, Ethical and Developmental State",1. Transform the public service for effective and efficient service delivery (2019-2024),"Governance, State Capacity and Institutional Development cluster",0,0,None,None,0,0,None,None,0,0,None,None,,0,0,None,None,,0,0,,,,,135
,Limpopo: Office of the Premier,Limpopo,Programme 2: Institutional Development,Sub-Programme 5: Programme Support: Institutional Development,Annually,Default,Non-Standardized,Not  Applicable,"Priority 1: A Capable, Ethical and Developmental State",-,"Governance, State Capacity and Institutional Development cluster",,,,,,,,,,,,,,,,,,,,,,,,,135
,Limpopo: Office of the Premier,Limpopo,Programme 2: Institutional Development,Sub-Programme 5: Programme Support: Institutional Development,Quarterly,Default,Non-Standardized,Not  Applicable,"Priority 1: A Capable, Ethical and Developmental State",-,"Governance, State Capacity and Institutional Development cluster",,,,,,,,,,,,,,,,,,,,,,,,,135
,Limpopo: Office of the Premier,Limpopo,Programme 3: Policy and Governance,Programme 3: Policy and Governance,Annually,Default,Non-Standardized,Not  Applicable,"Priority 1: A Capable, Ethical and Developmental State",-,"Governance, State Capacity and Institutional Development cluster",,,,,,,,,,,,,,,,,,,,,,,,,135
,Limpopo: Office of the Premier,Limpopo,Programme 3: Policy and Governance,Programme 3: Policy and Governance,Quarterly,Default,Non-Standardized,Not  Applicable,"Priority 1: A Capable, Ethical and Developmental State",-,"Governance, State Capacity and Institutional Development cluster",,,,,,,,,,,,,,,,,,,,,,,,,135
,Limpopo: Office of the Premier,Limpopo,Programme 3: Policy and Governance,Sub-Programme 1: Planning Coordination,Quarterly,% of infrastructure projects plans aligned to the Provincial Infrastructure Plan.,Non-Standardized,Average,"Priority 1: A Capable, Ethical and Developmental State",1. Transform the public service for effective and efficient service delivery (2019-2024),"Governance, State Capacity and Institutional Development cluster",0 %,0 %,Not measured,Not measure,90 %,90 %,None,None,0 %,Not measured for the quarter %,N/A,N/A,Not measured,0 %,0 %,N/A,N/A,,90 %,30 %,,,,,135
,Limpopo: Office of the Premier,Limpopo,Programme 3: Policy and Governance,Sub-Programme 1: Planning Coordination,Quarterly,% of spatially referenced Integrated Development Plans.,Non-Standardized,Average,"Priority 1: A Capable, Ethical and Developmental State",1. Transform the public service for effective and efficient service delivery (2019-2024),"Governance, State Capacity and Institutional Development cluster",95 %,95 %,None,None,0 %,Not measured %,N/A,N/A,95 %,76 %,"The criteria have been strengthened as follows: 
Projects are disqualified if they are only spatially referenced only in IRM system and not in the APP document.   
",Departments to utilise the IRM system to copy and paste coordinates in the APP documents before Tabling in March 2025  ,Achieved,0 %,0 %,N/A,N/A,,95 %,95 %,,,,,135
,Limpopo: Office of the Premier,Limpopo,Programme 3: Policy and Governance,Sub-Programme 1: Special Programmes,Annually,Default,Non-Standardized,Not  Applicable,"Priority 1: A Capable, Ethical and Developmental State",-,"Governance, State Capacity and Institutional Development cluster",,,,,,,,,,,,,,,,,,,,,,,,,135
,Limpopo: Office of the Premier,Limpopo,Programme 3: Policy and Governance,Sub-Programme 1: Special Programmes,Quarterly,Default,Non-Standardized,Not  Applicable,"Priority 1: A Capable, Ethical and Developmental State",-,"Governance, State Capacity and Institutional Development cluster",,,,,,,,,,,,,,,,,,,,,,,,,135
,Limpopo: Office of the Premier,Limpopo,Programme 3: Policy and Governance,Sub-Programme 2: Intergovernmental Relations,Annually,Default,Non-Standardized,Not  Applicable,"Priority 1: A Capable, Ethical and Developmental State",-,"Governance, State Capacity and Institutional Development cluster",,,,,,,,,,,,,,,,,,,,,,,,,135
,Limpopo: Office of the Premier,Limpopo,Programme 3: Policy and Governance,Sub-Programme 2: Intergovernmental Relations,Quarterly,Default,Non-Standardized,Not  Applicable,"Priority 1: A Capable, Ethical and Developmental State",-,"Governance, State Capacity and Institutional Development cluster",,,,,,,,,,,,,,,,,,,,,,,,,135
,Limpopo: Office of the Premier,Limpopo,Programme 3: Policy and Governance,Sub-Programme 3: Provincial Policy Management,Annually,Default,Non-Standardized,Not  Applicable,"Priority 1: A Capable, Ethical and Developmental State",-,"Governance, State Capacity and Institutional Development cluster",,,,,,,,,,,,,,,,,,,,,,,,,135
,Limpopo: Office of the Premier,Limpopo,Programme 3: Policy and Governance,Sub-Programme 3: Provincial Policy Management,Quarterly,% of departments and District Municipalities utilizing the Provincial GIS Enterprise,Non-Standardized,Not  Applicable,"Priority 1: A Capable, Ethical and Developmental State",1. Transform the public service for effective and efficient service delivery (2019-2024),"Governance, State Capacity and Institutional Development cluster",65,68,3% overachievement was due to 10 sector departments and 1 local municipality submitted spatially referenced projects captured on the GIS enterprise hub,None,0,Not measured for the quarter,N/A,N/A,65,63,None,None,,0,0,N/A,N/A,,65,68,,,,,135
,Limpopo: Office of the Premier,Limpopo,Programme 3: Policy and Governance,Sub-Programme 3: Provincial Policy Management,Quarterly,Default,Non-Standardized,Not  Applicable,"Priority 1: A Capable, Ethical and Developmental State",-,"Governance, State Capacity and Institutional Development cluster",0,,,,0,,,,0,,,,,0,,,,,0,0,,,,,135
,Limpopo: Office of the Premier,Limpopo,Programme 3: Policy and Governance,Sub-Programme 3: Provincial Policy Management,Quarterly,Number of departments monitored on the implementation of the Provincial Policy Development Framework,Non-Standardized,Not  Applicable,"Priority 1: A Capable, Ethical and Developmental State",1. Transform the public service for effective and efficient service delivery (2019-2024),"Governance, State Capacity and Institutional Development cluster",11,11,None,None,11,11,None,None,11,11,None,None,,11,11,None,None,Achieved,11,11,,,,,135
,Limpopo: Office of the Premier,Limpopo,Programme 3: Policy and Governance,Sub-Programme 3: Provincial Policy Management,Quarterly,Number of Research Project(s) conducted in line with the R&D Framework.,Non-Standardized,Not  Applicable,"Priority 1: A Capable, Ethical and Developmental State",1. Transform the public service for effective and efficient service delivery (2019-2024),"Governance, State Capacity and Institutional Development cluster",0,0,Not measured,Not measured,0,Not measured for the quarter,N/A,N/A,0,0,None,None,,1,0,N/A,N/A,No Achieved,1,0,,,,,135
,Limpopo: Office of the Premier,Limpopo,Programme 3: Policy and Governance,Sub-Programme 4: Monitoring and Evaluation,Quarterly,Number of Performance analysis reports on the implementation of Government Priorities. ,Non-Standardized,Not  Applicable,"Priority 1: A Capable, Ethical and Developmental State",1. Transform the public service for effective and efficient service delivery (2019-2024),"Governance, State Capacity and Institutional Development cluster",1,1,None,None,1,1,None,None,1,1,None,None,,1,1,None,None,,4,4,,,,,135
,Limpopo: Office of the Premier,Limpopo,Programme 3: Policy and Governance,Sub-Programme 4: Traditional Affairs / House (as applicable),Annually,Default,Non-Standardized,Not  Applicable,"Priority 1: A Capable, Ethical and Developmental State",-,"Governance, State Capacity and Institutional Development cluster",,,,,,,,,,,,,,,,,,,,,,,,,135
,Limpopo: Office of the Premier,Limpopo,Programme 3: Policy and Governance,Sub-Programme 4: Traditional Affairs / House (as applicable),Quarterly,Default,Non-Standardized,Not  Applicable,"Priority 1: A Capable, Ethical and Developmental State",-,"Governance, State Capacity and Institutional Development cluster",,,,,,,,,,,,,,,,,,,,,,,,,135
,Limpopo: Office of the Premier,Limpopo,Programme 3: Policy and Governance,Sub-Programme 5: Premiers Priority Programmes (as applicable),Annually,Default,Non-Standardized,Not  Applicable,"Priority 1: A Capable, Ethical and Developmental State",-,"Governance, State Capacity and Institutional Development cluster",,,,,,,,,,,,,,,,,,,,,,,,,135
,Limpopo: Office of the Premier,Limpopo,Programme 3: Policy and Governance,Sub-Programme 5: Premiers Priority Programmes (as applicable),Quarterly,Default,Non-Standardized,Not  Applicable,"Priority 1: A Capable, Ethical and Developmental State",-,"Governance, State Capacity and Institutional Development cluster",,,,,,,,,,,,,,,,,,,,,,,,,135
,Limpopo: Office of the Premier,Limpopo,Programme 3: Policy and Governance,Sub-Programme 5: Stakeholder Management Coordination,Quarterly,Number of ODA projects / programmes monitoring reports,Non-Standardized,Not  Applicable,"Priority 1: A Capable, Ethical and Developmental State",1. Transform the public service for effective and efficient service delivery (2019-2024),"Governance, State Capacity and Institutional Development cluster",1,1,None,None,1,1,None,None,1,1,None,None,Achieved,0,0,N/A,N/A,,3,3,,,,,135
,Limpopo: Office of the Premier,Limpopo,Programme 3: Policy and Governance,Sub-Programme 5: Stakeholder Management Coordination,Quarterly,Number of PIGF convened,Non-Standardized,Not  Applicable,"Priority 1: A Capable, Ethical and Developmental State",1. Transform the public service for effective and efficient service delivery (2019-2024),"Governance, State Capacity and Institutional Development cluster",0,0,None,None,1,1,None,None,0,Not measured for the quarter,N/A,N/A,Not messured,1,1,None,None,Achieved,2,1,,,,,135
,Limpopo: Office of the Premier,Limpopo,Programme 3: Policy and Governance,Sub-Programme 5: Stakeholder Management Coordination,Quarterly,Number of signed MOUs monitored ,Non-Standardized,Not  Applicable,"Priority 1: A Capable, Ethical and Developmental State",1. Transform the public service for effective and efficient service delivery (2019-2024),"Governance, State Capacity and Institutional Development cluster",0,0,None,None,0,Not measured for the quarter,N/A,N/A,0,Not measured for the quarter,N/A,N/A,Not measured,3,3,None,None,Achieved,3,0,,,,,135
,Limpopo: Office of the Premier,Limpopo,Programme 3: Policy and Governance,Sub-Programme 6: Programme Support: Policy and Governance,Annually,Default,Non-Standardized,Not  Applicable,"Priority 1: A Capable, Ethical and Developmental State",-,"Governance, State Capacity and Institutional Development cluster",,,,,,,,,,,,,,,,,,,,,,,,,135
,Limpopo: Office of the Premier,Limpopo,Programme 3: Policy and Governance,Sub-Programme 6: Programme Support: Policy and Governance,Quarterly,Default,Non-Standardized,Not  Applicable,"Priority 1: A Capable, Ethical and Developmental State",-,"Governance, State Capacity and Institutional Development cluster",,,,,,,,,,,,,,,,,,,,,,,,,135
,Limpopo: Provincial Treasury,Limpopo,Programme 1: Administration,Programme 1: Administration,Annually,Default,Standardized,Not  Applicable,"Priority 1: A Capable, Ethical and Developmental State",-,"Governance, State Capacity and Institutional Development cluster",,,,,,,,,,,,,,,,,,,,,,,,,135
,Limpopo: Provincial Treasury,Limpopo,Programme 1: Administration,Programme 1: Administration,Quarterly,Default,Non-Standardized,Not  Applicable,"Priority 1: A Capable, Ethical and Developmental State",-,"Governance, State Capacity and Institutional Development cluster",,,,,,,,,,,,,,,,,,,,,,,,,135
,Limpopo: Provincial Treasury,Limpopo,Programme 1: Administration,Sub-Programme 1: Office of the MEC,Annually,Default,Non-Standardized,Not  Applicable,"Priority 1: A Capable, Ethical and Developmental State",-,"Governance, State Capacity and Institutional Development cluster",,,,,,,,,,,,,,,,,,,,,,,,,135
,Limpopo: Provincial Treasury,Limpopo,Programme 1: Administration,Sub-Programme 1: Office of the MEC,Quarterly,Default,Non-Standardized,Not  Applicable,"Priority 1: A Capable, Ethical and Developmental State",-,"Governance, State Capacity and Institutional Development cluster",,,,,,,,,,,,,,,,,,,,,,,,,135
,Limpopo: Provincial Treasury,Limpopo,Programme 1: Administration,Sub-Programme 2: Management Services,Annually,Default,Non-Standardized,Not  Applicable,"Priority 1: A Capable, Ethical and Developmental State",-,"Governance, State Capacity and Institutional Development cluster",,,,,,,,,,,,,,,,,,,,,,,,,135
,Limpopo: Provincial Treasury,Limpopo,Programme 1: Administration,Sub-Programme 2: Management Services,Quarterly,Default,Non-Standardized,Not  Applicable,"Priority 1: A Capable, Ethical and Developmental State",-,"Governance, State Capacity and Institutional Development cluster",,,,,,,,,,,,,,,,,,,,,,,,,135
,Limpopo: Provincial Treasury,Limpopo,Programme 1: Administration,Sub-Programme 3: Corporate Services,Annually,% on Vacancy Rate attained. ,Non-Standardized,Not  Applicable,"Priority 1: A Capable, Ethical and Developmental State",1. Transform the public service for effective and efficient service delivery (2019-2024),"Governance, State Capacity and Institutional Development cluster",,,,,,,,,,,,,,10 %,7.67 %,,,,10 %,7.67 %,,None,N/A,,135
,Limpopo: Provincial Treasury,Limpopo,Programme 1: Administration,Sub-Programme 3: Corporate Services,Annually,Default,Non-Standardized,Not  Applicable,"Priority 1: A Capable, Ethical and Developmental State",-,"Governance, State Capacity and Institutional Development cluster",,,,,,,,,,,,,,,,,,,,,,,,,135
,Limpopo: Provincial Treasury,Limpopo,Programme 1: Administration,Sub-Programme 3: Corporate Services,Annually,Number of Capacity Building Programmes Implemented.,Non-Standardized,Not  Applicable,"Priority 1: A Capable, Ethical and Developmental State",Transform public service for effective and efficient service delivery,"Governance, State Capacity and Institutional Development cluster",,,,,,,,,,,,,,6,6,,,,6,6,,None,N/A,,135
,Limpopo: Provincial Treasury,Limpopo,Programme 1: Administration,Sub-Programme 3: Corporate Services,Quarterly,Default,Non-Standardized,Not  Applicable,"Priority 1: A Capable, Ethical and Developmental State",-,"Governance, State Capacity and Institutional Development cluster",,,,,,,,,,,,,,,,,,,,0,,,,,135
,Limpopo: Provincial Treasury,Limpopo,Programme 1: Administration,Sub-Programme 3: Corporate Services,Quarterly,Number of ICT governance focus areas monitored,Non-Standardized,Average,"Priority 1: A Capable, Ethical and Developmental State",Transform public service for effective and efficient service delivery,"Governance, State Capacity and Institutional Development cluster",3,3,None,N/A,3,3,None,N/A,3,3,None,N/A, Achieved,3,3,None,N/A,Achieved,3,3,,,,,135
,Limpopo: Provincial Treasury,Limpopo,Programme 1: Administration,Sub-Programme 4: Financial Management (Office of the CFO),Annually,Default,Non-Standardized,Not  Applicable,"Priority 1: A Capable, Ethical and Developmental State",-,"Governance, State Capacity and Institutional Development cluster",,,,,,,,,,,,,,,,,,,,,,,,,135
,Limpopo: Provincial Treasury,Limpopo,Programme 1: Administration,Sub-Programme 4: Financial Management (Office of the CFO),Quarterly,% of procurement spent on women owned enterprises,Non-Standardized,Average,"Priority 1: A Capable, Ethical and Developmental State",1. Transform the public service for effective and efficient service delivery (2019-2024),"Governance, State Capacity and Institutional Development cluster",40 %,93 %,"More women owned companies were invited to bid
",N/A,40 %,88 %,More women owned enterprises were invited to bid.,N/A,40 %,88 %,More women owned enterprises invited to bid and awarded. ,N/A, Achieved,40 %,92 %,More Women owned enterprises were invited for bid and awarded,N/A,Achieved,40 %,"90,25 %",,,,,135
,Limpopo: Provincial Treasury,Limpopo,Programme 1: Administration,Sub-Programme 4: Financial Management (Office of the CFO),Quarterly,% of Supplier's valid invoices paid within 30 days.,Non-Standardized,Average,"Priority 1: A Capable, Ethical and Developmental State",1. Transform the public service for effective and efficient service delivery (2019-2024),"Governance, State Capacity and Institutional Development cluster",100 %,100 %,None,N/A,100 %,100 %,None,N/A,100 %,100 %,None,N/A, Achieved,100 %,100 %,None,N/A,Achieved,100 %,100 %,,,,,135
,Limpopo: Provincial Treasury,Limpopo,Programme 1: Administration,Sub-Programme 4: Financial Management (Office of the CFO),Quarterly,Default,Non-Standardized,Not  Applicable,"Priority 1: A Capable, Ethical and Developmental State",-,"Governance, State Capacity and Institutional Development cluster",0,0,-,-,0,,,,0,,,,,0,,,,,0,0,,,,,135
,Limpopo: Provincial Treasury,Limpopo,Programme 1: Administration,Sub-Programme 5: Internal Audit,Annually,Default,Non-Standardized,Not  Applicable,"Priority 1: A Capable, Ethical and Developmental State",-,"Governance, State Capacity and Institutional Development cluster",,,,,,,,,,,,,,,,,,,,,,,,,135
,Limpopo: Provincial Treasury,Limpopo,Programme 1: Administration,Sub-Programme 5: Internal Audit,Quarterly,Default,Non-Standardized,Not  Applicable,"Priority 1: A Capable, Ethical and Developmental State",-,"Governance, State Capacity and Institutional Development cluster",,,,,,,,,,,,,,,,,,,,,,,,,135
,Limpopo: Provincial Treasury,Limpopo,Programme 2: Sustainable Resources Management,Infrastructure Management and Public Private Partnership,Quarterly,Number of Infrastructure assessments conducted in departments with infrastructure budgets,Non-Standardized,Not  Applicable,"Priority 1: A Capable, Ethical and Developmental State",Transform public service for effective and efficient service delivery,"Governance, State Capacity and Institutional Development cluster",27,27,None,N/A,27,27,None,N/A,27,27,None,N/A, Achieved,27,27,None,N/A,Achieved,108,108,,,,,135
,Limpopo: Provincial Treasury,Limpopo,Programme 2: Sustainable Resources Management,Infrastructure Management and Public Private Partnership,Quarterly,Number of Infrastructure assessments conducted in prioritized municipalities,Non-Standardized,Not  Applicable,"Priority 1: A Capable, Ethical and Developmental State",Transform public service for effective and efficient service delivery,"Governance, State Capacity and Institutional Development cluster",10,10,None,N/A,10,10,None,N/A,10,10,None,N/A, Achieved,10,10,None,N/A,Achieved,40,40,,,,,135
,Limpopo: Provincial Treasury,Limpopo,Programme 2: Sustainable Resources Management,Municipal Finance and Governance,Quarterly,Number of Municipalities assessed on the state of municipal finances.,Non-Standardized,Max,"Priority 1: A Capable, Ethical and Developmental State",Transform public service for effective and efficient service delivery,"Governance, State Capacity and Institutional Development cluster",26,26,None,N/A,26,26,None,N/A,26,26,None,N/A, Achieved,26,26,None,N/A,,26,26,,,,,135
,Limpopo: Provincial Treasury,Limpopo,Programme 2: Sustainable Resources Management,Programme 2: Sustainable Resources Management,Annually,Default,Non-Standardized,Not  Applicable,"Priority 1: A Capable, Ethical and Developmental State",-,"Governance, State Capacity and Institutional Development cluster",,,,,,,,,,,,,,,,,,,,,,,,,135
,Limpopo: Provincial Treasury,Limpopo,Programme 2: Sustainable Resources Management,Programme 2: Sustainable Resources Management,Quarterly,Default,Non-Standardized,Not  Applicable,"Priority 1: A Capable, Ethical and Developmental State",-,"Governance, State Capacity and Institutional Development cluster",,,,,,,,,,,,,,,,,,,,,,,,,135
,Limpopo: Provincial Treasury,Limpopo,Programme 2: Sustainable Resources Management,Sub Programme 1: Programme Support,Annually,Default,Non-Standardized,Not  Applicable,"Priority 1: A Capable, Ethical and Developmental State",-,"Governance, State Capacity and Institutional Development cluster",,,,,,,,,,,,,,,,,,,,,,,,,135
,Limpopo: Provincial Treasury,Limpopo,Programme 2: Sustainable Resources Management,Sub Programme 1: Programme Support,Quarterly,Default,Non-Standardized,Not  Applicable,"Priority 1: A Capable, Ethical and Developmental State",-,"Governance, State Capacity and Institutional Development cluster",,,,,,,,,,,,,,,,,,,,,,,,,135
,Limpopo: Provincial Treasury,Limpopo,Programme 2: Sustainable Resources Management,Sub-Programme 2: Economic Analysis,Annually,Default,Non-Standardized,Not  Applicable,"Priority 1: A Capable, Ethical and Developmental State",-,"Governance, State Capacity and Institutional Development cluster",,,,,,,,,,,,,,,,,,,,,,,,,135
,Limpopo: Provincial Treasury,Limpopo,Programme 2: Sustainable Resources Management,Sub-Programme 2: Economic Analysis,Quarterly,Default,Non-Standardized,Not  Applicable,"Priority 1: A Capable, Ethical and Developmental State",-,"Governance, State Capacity and Institutional Development cluster",0,0,,,0,,,,0,,,,,0,,,,,0,0,,,,,135
,Limpopo: Provincial Treasury,Limpopo,Programme 2: Sustainable Resources Management,Sub-Programme 2: Economic Analysis,Quarterly,Number of research documents produced to align the provincial fiscal policy,Non-Standardized,Not  Applicable,"Priority 1: A Capable, Ethical and Developmental State",Transform public service for effective and efficient service delivery,"Governance, State Capacity and Institutional Development cluster",1,1,None,N/A,1,1,None,N/A,2,2,None,N/A, Achieved,3,3,None,N/A,Achieved,7,7,,,,,135
,Limpopo: Provincial Treasury,Limpopo,Programme 2: Sustainable Resources Management,Sub-Programme 3: Fiscal Policy,Annually,Default,Non-Standardized,Not  Applicable,"Priority 1: A Capable, Ethical and Developmental State",-,"Governance, State Capacity and Institutional Development cluster",,,,,,,,,,,,,,,,,,,,,,,,,135
,Limpopo: Provincial Treasury,Limpopo,Programme 2: Sustainable Resources Management,Sub-Programme 3: Fiscal Policy,Quarterly,Default,Non-Standardized,Not  Applicable,"Priority 1: A Capable, Ethical and Developmental State",-,"Governance, State Capacity and Institutional Development cluster",,,,,,,,,,,,,,,,,,,,0,,,,,135
,Limpopo: Provincial Treasury,Limpopo,Programme 2: Sustainable Resources Management,Sub-Programme 3: Fiscal Policy,Quarterly,Number of Revenue assessments conducted to ensure collection of set target,Non-Standardized,Not  Applicable,"Priority 1: A Capable, Ethical and Developmental State",Transform public service for effective and efficient service delivery,"Governance, State Capacity and Institutional Development cluster",1,1,None,N/A,1,1,None,N/A,1,1,None,N/A, Achieved,1,1,None,N/A,Achieved,4,4,,,,,135
,Limpopo: Provincial Treasury,Limpopo,Programme 2: Sustainable Resources Management,Sub-Programme 4: Budget Management,Annually,Default,Non-Standardized,Not  Applicable,"Priority 1: A Capable, Ethical and Developmental State",-,"Governance, State Capacity and Institutional Development cluster",,,,,,,,,,,,,,,,,,,,,,,,,135
,Limpopo: Provincial Treasury,Limpopo,Programme 2: Sustainable Resources Management,Sub-Programme 4: Budget Management,Quarterly,Default,Non-Standardized,Not  Applicable,"Priority 1: A Capable, Ethical and Developmental State",-,"Governance, State Capacity and Institutional Development cluster",,,,,,,,,,,,,,,,,,,,0,,,,,135
,Limpopo: Provincial Treasury,Limpopo,Programme 2: Sustainable Resources Management,Sub-Programme 4: Budget Management,Quarterly,Number of budget documents tabled in line with the set standards and National Treasury,Non-Standardized,Not  Applicable,"Priority 1: A Capable, Ethical and Developmental State",2. Transformation and modernisation of the provincial economy (2019-2024),"Governance, State Capacity and Institutional Development cluster",0,0,None,N/A,0,0,None,N/A,1,1,None,N/A, Achieved,1,2,2nd Adjustment budget was also tabled during the quarter,N/A,Achieved,2,3,,,,,135
,Limpopo: Provincial Treasury,Limpopo,Programme 2: Sustainable Resources Management,Sub-Programme 5: Public Finance,Annually,Default,Non-Standardized,Not  Applicable,"Priority 1: A Capable, Ethical and Developmental State",-,"Governance, State Capacity and Institutional Development cluster",,,,,,,,,,,,,,,,,,,,,,,,,135
,Limpopo: Provincial Treasury,Limpopo,Programme 2: Sustainable Resources Management,Sub-Programme 5: Public Finance,Quarterly,Default,Non-Standardized,Not  Applicable,"Priority 1: A Capable, Ethical and Developmental State",-,"Governance, State Capacity and Institutional Development cluster",,,,,,,,,,,,,,,,,,,,0,,,,,135
,Limpopo: Provincial Treasury,Limpopo,Programme 2: Sustainable Resources Management,Sub-Programme 5: Public Finance,Quarterly,Number of consolidated In-year monitoring reports in line with section 32 of PFMA,Non-Standardized,Not  Applicable,"Priority 1: A Capable, Ethical and Developmental State",Transform public service for effective and efficient service delivery,"Governance, State Capacity and Institutional Development cluster",3,3,None,N/A,3,3,None,N/A,3,3,None,N/A, Achieved,3,3,None,N/A,Achieved,12,12,,,,,135
,Limpopo: Provincial Treasury,Limpopo,Programme 3: Assets and Liability Management,Programme 3: Assets and Liability Management,Annually,Default,Non-Standardized,Not  Applicable,"Priority 1: A Capable, Ethical and Developmental State",-,"Governance, State Capacity and Institutional Development cluster",,,,,,,,,,,,,,,,,,,,,,,,,135
,Limpopo: Provincial Treasury,Limpopo,Programme 3: Assets and Liability Management,Programme 3: Assets and Liability Management,Quarterly,Default,Non-Standardized,Not  Applicable,"Priority 1: A Capable, Ethical and Developmental State",-,"Governance, State Capacity and Institutional Development cluster",,,,,,,,,,,,,,,,,,,,,,,,,135
,Limpopo: Provincial Treasury,Limpopo,Programme 3: Assets and Liability Management,Sub-Programme 1: Programme Support,Annually,Default,Non-Standardized,Not  Applicable,"Priority 1: A Capable, Ethical and Developmental State",-,"Governance, State Capacity and Institutional Development cluster",,,,,,,,,,,,,,,,,,,,,,,,,135
,Limpopo: Provincial Treasury,Limpopo,Programme 3: Assets and Liability Management,Sub-Programme 1: Programme Support,Quarterly,Default,Non-Standardized,Not  Applicable,"Priority 1: A Capable, Ethical and Developmental State",-,"Governance, State Capacity and Institutional Development cluster",,,,,,,,,,,,,,,,,,,,,,,,,135
,Limpopo: Provincial Treasury,Limpopo,Programme 3: Assets and Liability Management,Sub-Programme 2: Assets Management,Annually,Default,Non-Standardized,Not  Applicable,"Priority 1: A Capable, Ethical and Developmental State",-,"Governance, State Capacity and Institutional Development cluster",,,,,,,,,,,,,,,,,,,,,,,,,135
,Limpopo: Provincial Treasury,Limpopo,Programme 3: Assets and Liability Management,Sub-Programme 2: Assets Management,Quarterly,Default,Non-Standardized,Not  Applicable,"Priority 1: A Capable, Ethical and Developmental State",-,"Governance, State Capacity and Institutional Development cluster",0,,,,0,,,,0,,,,,0,,,,,0,0,,,,,135
,Limpopo: Provincial Treasury,Limpopo,Programme 3: Assets and Liability Management,Sub-Programme 2: Assets Management,Quarterly,Number of asset management assessments conducted in Votes and Public Entities,Non-Standardized,Not  Applicable,"Priority 1: A Capable, Ethical and Developmental State",Transform public service for effective and efficient service delivery,"Governance, State Capacity and Institutional Development cluster",16,16,None,N/A,16,16,None,N/A,16,16,None,N/A, Achieved,16,16,None,N/A,Achieved,64,64,,,,,135
,Limpopo: Provincial Treasury,Limpopo,Programme 3: Assets and Liability Management,Sub-Programme 3: Liability Management,Annually,Default,Non-Standardized,Not  Applicable,"Priority 1: A Capable, Ethical and Developmental State",-,"Governance, State Capacity and Institutional Development cluster",,,,,,,,,,,,,,,,,,,,,,,,,135
,Limpopo: Provincial Treasury,Limpopo,Programme 3: Assets and Liability Management,Sub-Programme 3: Liability Management,Quarterly,Default,Non-Standardized,Not  Applicable,"Priority 1: A Capable, Ethical and Developmental State",-,"Governance, State Capacity and Institutional Development cluster",0,0,,,0,,,,0,,,,,0,,,,,0,0,,,,,135
,Limpopo: Provincial Treasury,Limpopo,Programme 3: Assets and Liability Management,Sub-Programme 3: Liability Management,Quarterly,Number of assessments conducted in Votes and Public Entities on strategic Procurement targets of Limpopo procurement Strategy,Non-Standardized,Not  Applicable,"Priority 1: A Capable, Ethical and Developmental State",Transform public service for effective and efficient service delivery,"Governance, State Capacity and Institutional Development cluster",16,16,None,N/A,16,16,None,N/A,16,16,None,N/A,Achieved,16,16,None,N/A,Achieved,64,64,,,,,135
,Limpopo: Provincial Treasury,Limpopo,Programme 3: Assets and Liability Management,Sub-Programme 3: Liability Management,Quarterly,Number of cash management assessments conducted in Vote and Public Entities,Non-Standardized,Not  Applicable,"Priority 1: A Capable, Ethical and Developmental State",Transform public service for effective and efficient service delivery,"Governance, State Capacity and Institutional Development cluster",16,16,None,N/A,16,16,None,N/A,16,16,None,N/A,Achieved,16,16,None,N/A,Achieved,64,64,,,,,135
,Limpopo: Provincial Treasury,Limpopo,Programme 3: Assets and Liability Management,Sub-Programme 3: Liability Management,Quarterly,Number of SCM assessments conducted in Vote and Public Entities,Non-Standardized,Not  Applicable,"Priority 1: A Capable, Ethical and Developmental State",Transform public service for effective and efficient service delivery,"Governance, State Capacity and Institutional Development cluster",16,16,None,N/A,16,16,None,N/A,16,16,None,N/A,Achieved,16,16,None,N/A,Achieved,64,64,,,,,135
,Limpopo: Provincial Treasury,Limpopo,Programme 3: Assets and Liability Management,Sub-Programme 4: Supporting and Interlinked Financial System,Annually,Default,Non-Standardized,Not  Applicable,"Priority 1: A Capable, Ethical and Developmental State",-,"Governance, State Capacity and Institutional Development cluster",,,,,,,,,,,,,,,,,,,,,,,,,135
,Limpopo: Provincial Treasury,Limpopo,Programme 3: Assets and Liability Management,Sub-Programme 4: Supporting and Interlinked Financial System,Quarterly,Default,Non-Standardized,Not  Applicable,"Priority 1: A Capable, Ethical and Developmental State",-,"Governance, State Capacity and Institutional Development cluster",,,,,,,,,,,,,,,,,,,,,,,,,135
,Limpopo: Provincial Treasury,Limpopo,Programme 4: Financial Governance,Sub Programme 1: Accounting Services,Quarterly,Number of Courses conducted on Transversal Systems in Votes,Non-Standardized,Not  Applicable,"Priority 1: A Capable, Ethical and Developmental State",1. Transform the public service for effective and efficient service delivery (2019-2024),"Governance, State Capacity and Institutional Development cluster",16,27,Extra BAS GP and LOGIS  Literacy courses were conducted as  the LOGIS Asset training had to be cancelled due to Assets Verification processes within the departments.,N/A,22,26,"Extra four (04) BAS General Principles and Budget, as well as LOGIS Literacy courses were conducted in Giyani as per departmental requests",N/A,17,26,Extra BAS and LOGIS Literacy were conducted as requested by the departments,NA,Achieved,17,25,Extra BAS and LOGIS Literacy courses were conducted as required by departments,N/A,Achieved,72,104,,,,,135
,Limpopo: Provincial Treasury,Limpopo,Programme 4: Financial Governance,Sub Programme 1: Accounting Services,Quarterly,Number of financial statements assessments conducted in Votes and Public entities,Non-Standardized,Not  Applicable,"Priority 1: A Capable, Ethical and Developmental State",1. Transform the public service for effective and efficient service delivery (2019-2024),"Governance, State Capacity and Institutional Development cluster",11,15,4 Public Entities' draft Annual Financial Statements were reviewed during the quarter,N/A,16,11,5 public Entities' IFS were not submitted for assessment,Four entities were assessed during Q1 and remaining entity to be assessed in Q3,11,16,5 Public Entities were also assessed during the quarter,N/A,Achieved,16,15,One Public Entity (LGB)was not assessed during the quarter under review ,To make follow ups with LGB on submissions on submission of AFS for assessment.,Not Achieved,54,57,,,,,135
,Limpopo: Provincial Treasury,Limpopo,Programme 4: Financial Governance,Sub Programme 2: Financial Management Information Systems,Quarterly,Number of financial system utillization assessments conducted in Votes ,Non-Standardized,Not  Applicable,"Priority 1: A Capable, Ethical and Developmental State",1. Transform the public service for effective and efficient service delivery (2019-2024),"Governance, State Capacity and Institutional Development cluster",11,11,None,N/A,11,11,None,N/A,11,11,None,N/A,Achieved,11,11,None,N/A,Achieved,44,44,,,,,135
,Limpopo: Provincial Treasury,Limpopo,Programme 4: Financial Governance,Sub Programme 3: Transversal Risk Management,Quarterly,Number of assessments conducted on provincial risk profile,Non-Standardized,Not  Applicable,"Priority 1: A Capable, Ethical and Developmental State",1. Transform the public service for effective and efficient service delivery (2019-2024),"Governance, State Capacity and Institutional Development cluster",1,1,None,N/A,1,1,None,N/A,1,1,None,N/A,Achieved,1,1,None,N/A,Achieved,4,4,,,,,135
,Limpopo: Provincial Treasury,Limpopo,Programme 4: Financial Governance,Sub Programme 3: Transversal Risk Management,Quarterly,Number of public sector risk management framework compliance assessments conducted.,Non-Standardized,Not  Applicable,"Priority 1: A Capable, Ethical and Developmental State",1. Transform the public service for effective and efficient service delivery (2019-2024),"Governance, State Capacity and Institutional Development cluster",16,16,None,N/A,16,16,None,N/A,16,16,None,N/A,Achieved,16,16,None,N/A,Achieved,64,64,,,,,135
,Limpopo: Provincial Treasury,Limpopo,Programme 4: Financial Governance,"Sub Programme 4: Governance, Monitoring & Compliance",Quarterly,% of provincial irregular expenditure condonement requests considered by Provincial Treasury in terms of the PFM Compliance and Reporting Framework. ,Non-Standardized,Not  Applicable,"Priority 1: A Capable, Ethical and Developmental State",1. Transform the public service for effective and efficient service delivery (2019-2024),"Governance, State Capacity and Institutional Development cluster",100 %,100 %,None,N/A,100 %,100 %,None,N/A,100 %,100 %,None,N/A,Achieved,100 %,100 %,None,N/A,Achieved,100 %,100 %,,,,,135
,Limpopo: Provincial Treasury,Limpopo,Programme 5: Shared Internal Audit Services,Quality Assurance and Technical Support Services,Annually,Number of Annual Internal Quality Assurance Improvement Programme (QAIP) implementation report prepared to improve the quality of client service,Non-Standardized,Not  Applicable,"Priority 1: A Capable, Ethical and Developmental State",Transform public service for effective and efficient service delivery,"Governance, State Capacity and Institutional Development cluster",,,,,,,,,,,,,,1,1,,,,1,1,,None,N/A,,135
,Limpopo: Provincial Treasury,Limpopo,Programme 5: Shared Internal Audit Services,Risk-Based Auditing and Specialized Audit Services ,Quarterly,% of Internal Audits finalized and communicated in terms of the approved Audit Plans,Non-Standardized,Average,"Priority 1: A Capable, Ethical and Developmental State",Transform public service for effective and efficient service delivery,"Governance, State Capacity and Institutional Development cluster",0 %,0 %,None,N/A,100 %,107 %,Seven (07) additional audits were completed by the information systems audit during Q1,N/A,0 %,0 %,None,N/A, Achieved,100 %,100 %,None,N/A,Achieved,100 %,"51,75 %",,,,,135
,Limpopo: Provincial Treasury,Limpopo,Programme 5: Shared Internal Audit Services,"Risk-Based Auditing, Performance and Consulting services",Annually,Number of Cluster Based Annual Audit Plans approved by Audit Committee,Non-Standardized,Not  Applicable,"Priority 1: A Capable, Ethical and Developmental State",Transform public service for effective and efficient service delivery,"Governance, State Capacity and Institutional Development cluster",,,,,,,,,,,,,,4,4,,,,4,4,,None,N/A,,135
