Sector,Institution,Programme,SubProgramme,Location,Frequency,Indicator,Type,SubType,Outcome,Priority,Cluster,Target_Q1,ActualOutput_Q1,ReasonforDeviation_Q1,CorrectiveAction_Q1,OTP_Q1,Target_Q2,ActualOutput_Q2,ReasonforDeviation_Q2,CorrectiveAction_Q2,OTP_Q2,Target_Q3,ActualOutput_Q3,ReasonforDeviation_Q3,CorrectiveAction_Q3,OTP_Q3,Target_Q4,ActualOutput_Q4,ReasonforDeviation_Q4,CorrectiveAction_Q4,OTP_Q4,AnnualTarget_Summary2,Preliminary_Summary2,PrelimaryAudited_Summary2,ReasonforDeviation_Summary,CorrectiveAction_Summary,ValidatedAudited_Summary2,DesiredPerformance,UID
Police, Safety and Liaison,Gauteng,Programme 1: Administration,Sub-Programme 1.2: Office of the HOD,Quarterly,Number of monitoring reports on implementation of Risk Management plan,Standardized,Not  Applicable,"Priority 1: A Capable, Ethical and Developmental State","Building a Capable, Ethical and Developmental State","Justice, Crime Prevention and Security cluster","1 Quarterly monitoring report on implementation of Risk 
management plan ","1 Quarterly monitoring report on implementation of Risk 
management plan ",Not Applicable,Not Applicable,Target achieved.,"1 Quarterly monitoring report on implementation of Risk 
management plan ",1 Quarterly monitoring report on implementation of Risk management plan,Not Applicable,Not Applicable,Target achieved.,"1 Quarterly monitoring report on implementation of Risk 
management plan ",1 Quarterly monitoring report on implementation of Risk management plan	,Not Applicable,Not Applicable,Target achieved.,"1 Quarterly monitoring report on implementation of Risk 
management plan ",1 Quarterly monitoring report on implementation of Risk management plan,Not Applicable,Not Applicable,Target achieved,4 Quarterly monitoring reports on implementation of Risk management plan ,-,,,,,,67
Police, Safety and Liaison,Gauteng,Programme 1: Administration,Sub-Programme 1.2: Office of the HOD,Quarterly,Number of reports on the implementation of the Integrity Management Plan,Standardized,Not  Applicable,"Priority 1: A Capable, Ethical and Developmental State","Building a Capable, Ethical and Developmental State","Justice, Crime Prevention and Security cluster",1 Quarterly report on implementation of the Integrity Management Plan ,1 Quarterly report on implementation of the Integrity Management Plan,Not Applicable,Not Applicable,Target achieved.,1 Quarterly report on implementation of the Integrity Management Plan,1 Quarterly report on implementation of the Integrity Management Plan,Not Applicable,Not Applicable,Target achieved.,1 Quarterly report on implementation of the Integrity Management Plan,1 Quarterly report on implementation of the Integrity Management Plan	,Not Applicable,Not Applicable,Target achieved.,1 Quarterly report on implementation of the Integrity Management Plan,1 Quarterly report on implementation of the Integrity Management Plan,Not Applicable,Not Applicable,Target achieved ,4 Quarterly reports on implementation of the Integrity Management Plan ,-,,,,,,67
Police, Safety and Liaison,Gauteng,Programme 1: Administration,Sub-Programme 1.3: Financial Management,Quarterly,Percentage of invoices paid within 15 days,Standardized,Not  Applicable,Priority 6: Social Cohesion and Safer Communities,"Economy, Jobs and Infrastructure ","Justice, Crime Prevention and Security cluster",85% of invoices paid within 15 days,79% of invoices paid within 15 days ,The delay in the submission of the invoices by the end users led to the target not being achieved,Tracking of invoices to be conducted weekly. Consequence management letters were issued to managers responsible for the delay in submission of invoices for payment,Target achieved.,85% of invoices paid within 15 days ,88% of invoices paid within 15 days,"The Department implemented the weekly tracking system for the payment of invoices, and this contributed to the target being exceeded",Not Applicable,Target achieved.,85% of invoices paid within 15 days ,82% of invoices paid within 15 days	,Financial constraints – some of the invoices had to be kept in the system for more than 15 days to accommodate cash allocation for the month.,The Department will apply for possible savings in compensation of goods to be used for payment of suppliers within 15 days,Target achieved.,85% of invoices paid within 15 days ,80% of invoices paid within 15 days,Financial constraints – some of the invoices had to be kept in the system for more than 15 days to accommodate cash allocation for the month,The Department will apply for possible savings in compensation of goods to be used for payment of suppliers within 15 days,Target achieved,85% of invoices paid within 15 days ,-,,,,,,67
Police, Safety and Liaison,Gauteng,Programme 1: Administration,Sub-Programme 1.3: Financial Management,Quarterly,Percentage of invoices paid within 30 days ,Standardized,Not  Applicable,Priority 6: Social Cohesion and Safer Communities,"Economy, Jobs and Infrastructure ","Justice, Crime Prevention and Security cluster",100% of invoices paid within 30 days ,100% of invoices paid within 30 days ,Not applicable,Not applicable,Target achieved.,100% of invoices paid within 30 days ,100% of invoices paid within 30 days,Not Applicable,Not Applicable,Target achieved.,100% of invoices paid within 30 days ,100% of invoices paid within 30 days	,Not Applicable,Not Applicable,Target achieved.,100% of invoices paid within 30 days ,100% of invoices paid within 30 days,Not Applicable,Not Applicable,Target achieved,100% of invoices paid within 30 days ,-,,,,,,67
Police, Safety and Liaison,Gauteng,Programme 1: Administration,Sub-Programme 1.3: Financial Management,Quarterly,Percentage procurement on businesses owned by persons with disabilities ,Standardized,Not  Applicable,Priority 6: Social Cohesion and Safer Communities,"Economy, Jobs and Infrastructure ","Justice, Crime Prevention and Security cluster",7% procurement on businesses owned by persons with disabilities ,0% procurement on businesses owned by persons with disabilities ,The department did not receive sufficient responses from businesses owned by persons with disabilities to provide service for the commodities that were required,"
The department has created a database of businesses owned by persons with disabilities and will continue with targeted procurement where the request for quotations will be sent only to the businesses owned by PWD for some of the commodities required",Target not achieved.,7% procurement on businesses owned by persons with disabilities ,"0% procurement on businesses owned by persons with disabilities 
","The service providers that responded to request for quotations were unable to provide proof of disability
","The department has created a database of businesses owned by persons with disabilities and continues to request for quotations from these service providers. Further engagements will be held with the businesses owned by persons with disabilities to empower them on the type of documentation required
",Target achieved.,7% procurement on businesses owned by persons with disabilities ,0% procurement on businesses owned by persons with disabilities	,The high percentage of the Department’s spending was on contracts which includes both RT contracts and awarded tenders. The commodities that were acquired during the period under review was mostly from contracts thus affecting the spending on businesses owned by persons with disabilities  ,The Department continues to explore strategies that will result in the improvement in procurement spending on targeted groups,Target achieved.,7% procurement on businesses owned by persons with disabilities ,0% procurement on business owned by persons with disabilities,"As a result of financial constraints, the high percentage of the Department’s spending was on contracts which includes both RT contracts and awarded tenders. The commodities that were acquired during the period under review was mostly from contracts thus affecting the spending on businesses owned by persons with disabilities   ",The Department continues to explore strategies to improve spending on targeted groups,Target not achieved,7% procurement on businesses owned by persons with disabilities ,-,,,,,,67
Police, Safety and Liaison,Gauteng,Programme 1: Administration,Sub-Programme 1.3: Financial Management,Quarterly,Percentage procurement spend on women- owned businesses ,Standardized,Not  Applicable,Priority 6: Social Cohesion and Safer Communities,"Economy, Jobs and Infrastructure ","Justice, Crime Prevention and Security cluster",40% procurement spend on women-owned businesses ,33% procurement spend on women-owned businesses ,The department received limited responses from businesses owned by women to provide services for the commodities that were required for the quarter under review,The department will intensify efforts to solicit responses from women-owned businesses for some of the commodities required in the subsequent quarters,Target achieved.,40% procurement spend on women-owned businesses ,"25 % procurement spend on women-owned businesses 
",The department received limited responses from businesses owned by women to provide services for the commodities that were required for the quarter under review,The department continues with efforts to solicit responses from women-owned businesses for some of the commodities required in the subsequent quarters,Target achieved.,40% procurement spend on women-owned businesses ,12% procurement spend on women-owned businesses,The high percentage of the Department’s spending was on contracts which includes both RT contracts and awarded tenders. The commodities that were acquired during the period under review was mostly from contracts thus affecting the spending on women-owned businesses  ,The Department continues to explore strategies that will result in the improvement in procurement spending on targeted groups,Target achieved.,40% procurement spend on women-owned businesses ,11% procurement spend on women-owned businesses,"Due to the financial constraints, the high percentage of the Department’s spending was on contracts which includes both RT contracts and awarded tenders. The commodities that were acquired during the period under review were mostly from contracts thus affecting the spending on women-owned businesses  ",The Department continues to explore strategies to improve spending on targeted groups,Target not achieved,40% procurement spend on women-owned businesses ,-,,,,,,67
Police, Safety and Liaison,Gauteng,Programme 1: Administration,Sub-Programme 1.3: Financial Management,Quarterly,Percentage procurement spend on youth- owned businesses ,Standardized,Not  Applicable,Priority 6: Social Cohesion and Safer Communities,"Economy, Jobs and Infrastructure ","Justice, Crime Prevention and Security cluster",30% procurement spend on youth-owned businesses ,20% procurement spend on youth-owned businesses ,The department received limited responses from businesses owned by youth to provide services for the commodities that were required for the quarter under review,The department will intensify efforts to solicit responses from youth-owned businesses for some of the commodities required in the subsequent quarters,Target achieved.,30% procurement spend on youth-owned businesses ,"17 % procurement spend on youth-owned businesses 
",The department received limited responses from businesses owned by youth to provide services for the commodities that were required for the quarter under review,The department continues with efforts to solicit responses from youth-owned businesses for some of the commodities required in the subsequent quarters,Target achieved.,30% procurement spend on youth-owned businesses ,22% procurement spend on youth-owned businesses	,The high percentage of the Department’s spending was on contracts which includes both RT contracts and awarded tenders. The commodities that were acquired during the period under review was mostly from contracts thus affecting the spending on youth-owned businesses  ,The Department continues to explore strategies that will result in the improvement in procurement spending on targeted groups,Target achieved.,30% procurement spend on youth-owned businesses ,3% procurement spend on youth owned businesses,Due to budget constraints the high percentage of the Department’s spending was on contracts which includes both RT contracts and awarded tenders. The commodities that were acquired during the period under review were mostly from contracts thus affecting the spending on youth-owned businesses  ,The Department continues to explore strategies to improve spending on targeted groups,Target not achieved,30% procurement spend on youth-owned businesses ,-,,,,,,67
Police, Safety and Liaison,Gauteng,Programme 1: Administration,Sub-Programme 1.3: Financial Management,Quarterly,Percentage procurement spent on township- based enterprises ,Standardized,Not  Applicable,Priority 6: Social Cohesion and Safer Communities,"Economy, Jobs and Infrastructure ","Justice, Crime Prevention and Security cluster",30% procurement spent on township-based enterprises ,17% procurement spent on township-based enterprises ,The department received limited responses from township-based enterprises to provide services for the commodities that were required for the quarter under review,The department will intensify efforts to solicit responses from township-based enterprises for some of the commodities required in the subsequent quarters,Target achieved.,30% procurement spent on township-based enterprises ,"13.92% procurement spent on township-based enterprises 
",The department received limited responses from township-based enterprises to provide services for the commodities that were required for the quarter under review,The department continues with efforts to solicit responses from township-based enterprises for some of the commodities required in the subsequent quarters,Target achieved.,30% procurement spent on township-based enterprises ,7.78% procurement spent on township-based enterprises,The high percentage of the Department’s spending was on contracts which includes both RT contracts and awarded tenders. The commodities that were acquired during the period under review was mostly from contracts thus affecting the spending on township-based enterprises  ,The Department continues to explore strategies that will result in the improvement in procurement spending on targeted groups,Target achieved.,30% procurement spent on township-based enterprises ,2% procurement spent on township-based enterprises,"Due to financial constraints, the high percentage of the Department’s spending was on contracts which includes both RT contracts and awarded tenders. The commodities that were acquired during the period under review was mostly from contracts thus affecting the spending on township-based enterprises  ",The Department continues to explore strategies to improve spending on targeted groups,Target not achieved,30% procurement spent on township-based enterprises ,-,,,,,,67
Police, Safety and Liaison,Gauteng,Programme 1: Administration,Sub-Programme 1.3: Financial Management,Quarterly,Percentage reduction in irregular expenditure incurred in the previous financial years ,Standardized,Not  Applicable,Priority 6: Social Cohesion and Safer Communities,"Economy, Jobs and Infrastructure ","Justice, Crime Prevention and Security cluster",Not planned for the quarter,"Not Applicable
",Not applicable,Not applicable,Target achieved.,Not Applicable,Not planned for the quarter,Not planned for the quarter,Not planned for the quarter,N/A,Not Applicable,Not planned for the quarter	,Not Applicable,Not Applicable,,50% reduction of irregular expenditure incurred in the previous financial years ,0% reduction of irregular expenditure incurred in the previous financial years,Delay in finalisation of investigations because of interdependencies ,Investigations are scheduled to be concluded in the next financial year,Target not achieved,50% reduction of irregular expenditure incurred in the previous financial years ,-,,,,,,67
Police, Safety and Liaison,Gauteng,Programme 1: Administration,Sub-Programme 1.4: Corporate Services,Quarterly,Number of Gauteng Traffic Wardens Trainees appointed ,Standardized,Not  Applicable,"Priority 1: A Capable, Ethical and Developmental State","Building a Capable, Ethical and Developmental State","Justice, Crime Prevention and Security cluster",Not planned for the quarter ,"1 519 Gauteng Traffic Wardens Trainees appointed
",The department embarked on an expedited process of recruitment of Gauteng Traffic Wardens. The appointment is within allocated budget,Not Applicable,"Progress is noted, however the target was not planned for Quarter 1.

There is misalignment between the 2024/25 APP and what is populated on the system. The 2024/25 APP states that this target is reported in Quarter 2, however the target is also populated in Quarter 3 and Quarter 4. ",1639 Gauteng Traffic Wardens Trainees appointed ,53 Gauteng Traffic Wardens Trainees appointed,"As at the end of Q2, 1 549 Gauteng Traffic Wardens trainees were appointed. The target was not achieved due to withdrawal of some applicants due to various reasons. Furthermore, the verification of the suitability of the candidates took longer than anticipated.
",The remaining applicants will be appointed in quarter 4,Target not achieved.,Not Applicable,Not planned for the quarter	,Not Applicable	,Not Applicable	,,Not Applicable,90 Gauteng Traffic Wardens trainees appointed,The appointment of 90 Gauteng Traffic Wardens was part of the recruitment initiated in Q1 and concluded during Q4 as part of the catch-up plan,Not Applicable,Q4 progress is noted,1639 Gauteng Traffic Wardens Trainees appointed ,-,,,,,,67
Police, Safety and Liaison,Gauteng,Programme 1: Administration,Sub-Programme 1.4: Corporate Services,Quarterly,Percentage of persons with disabilities employed within the department ,Standardized,Not  Applicable,"Priority 1: A Capable, Ethical and Developmental State","Building a Capable, Ethical and Developmental State","Justice, Crime Prevention and Security cluster",5% of persons with disabilities employed within the department ,3.3% representation of people with disabilities on filled positions in the staff establishment,The moratorium on the filling of vacant positions in line with the cost containment measures affected the Department's plans to fill vacant positions.,"The Department has submitted a request for permission to advertise vacant positions to Office of the Premier. Upon the receipt of approval, the EE Plan and Recruitment Strategy will be implemented to ensure recruitment of PWDs in filling those vacant positions. Furthermore, internal change management on disability disclosure sessions are conducted across to guide employees on simple step by step disability disclosure process. The Department further continues to work with OOP and disability sector organisations for further recruitment",Target not achieved.,5% of persons with disabilities employed within the department ,3.2% of persons with disabilities employed within the department,The moratorium on the filling of vacant positions in line with the cost containment measures affected the Department's plans to fill vacant positions.,"The Department has submitted a request for permission to advertise vacant positions to Office of the Premier. Upon the receipt of approval, the EE Plan and Recruitment Strategy will be implemented to ensure recruitment of PWDs in filling those vacant positions. Furthermore, the Department has embarked on a disclosure drive and the employees that have been seconded due to ill-health are encouraged to disclose any disability",Target not achieved.,5% of persons with disabilities employed within the department ,3.71% of persons with disabilities employed within the department,The moratorium on the filling of vacant positions in line with the cost containment measures has an impact on the Department's plans to fill vacant positions,"The Department has submitted a request for permission to advertise vacant positions to Office of the Premier. Upon the receipt of approval, the EE Plan and Recruitment Strategy will be implemented to ensure recruitment of PWDs in filling those vacant positions. Furthermore, the Department has embarked on a disclosure drive and the employees that have been seconded due to ill-health are encouraged to disclose any disability",Target not achieved.,5% of persons with disabilities employed within the department ,3.9% of persons with disabilities employed within the department,The moratorium on the filling of vacant positions in line with the cost containment measures affected the Department's plans to fill vacant positions.,The Department received concurrence to advertise vacant positions. The EE Plan and Recruitment Strategy will be implemented to ensure recruitment of people with disabilities in filling those vacant positions,Target not achieved,5% of persons with disabilities employed within the department ,-,,,,,,67
Police, Safety and Liaison,Gauteng,Programme 1: Administration,Sub-Programme 1.4: Corporate Services,Quarterly,Percentage of women employed at Senior Management Service level within the department ,Standardized,Not  Applicable,"Priority 1: A Capable, Ethical and Developmental State","Building a Capable, Ethical and Developmental State","Justice, Crime Prevention and Security cluster","50% 
of women employed at Senior Management Service level within the department","51.7% 
of women employed at Senior Management Service level within the department ","The Department adopted a strategy/position to recruit more women on SMS level to ensure that women at SMS level are kept at 50% and above
",Not Applicable,,"50% 
of women employed at Senior Management Service level within the department ",51.8% of women employed at Senior Management Service level within the department,The Department adopted a strategy/position to recruit more women on SMS level to ensure that women at SMS level are kept at 50% and above,Not Applicable,,"50% 
of women employed at Senior Management Service level within the department ","50%
of women employed at Senior Management Service level within the department
",Not Applicable	,Not Applicable	,,"50% 
of women employed at Senior Management Service level within the department ",50% of women employed at Senior Management Service level within the department,Not Applicable,Not Applicable,Target achieved,"50% 
of women employed at Senior Management Service level within the department ",-,,,,,,67
Police, Safety and Liaison,Gauteng,Programme 1: Administration,Sub-Programme 1.4: Corporate Services,Quarterly,Percentage of youth employed within the department ,Standardized,Not  Applicable,"Priority 1: A Capable, Ethical and Developmental State","Building a Capable, Ethical and Developmental State","Justice, Crime Prevention and Security cluster",30% of youth employed within the department ,25.2% of youth employed within the department ,The moratorium on the filling of vacant positions in line with the cost containment measures affected the Department's plans to fill vacant position,"The Department has submitted a request for permission to advertise vacant positions to Office of the Premier. Upon the receipt of approval, the EE Plan and Recruitment Strategy will be implemented to ensure recruitment of youths in filling those vacant positions. ",Target not achieved.,30% of youth employed within the department ,24.6% of youth employed within the department,The moratorium on the filling of vacant positions in line with the cost containment measures affected the Department's plans to fill vacant position,"The Department has submitted a request for permission to advertise vacant positions to Office of the Premier. Upon the receipt of approval, the EE Plan and Recruitment Strategy will be implemented to ensure recruitment of youths in filling those vacant positions",Target not achieved.,30% of youth employed within the department ,24.1% of youth employed within the department	,The moratorium on the filling of vacant positions in line with the cost containment measures has an impact on the Department's plans to fill vacant positions,"The Department has submitted a request for permission to advertise vacant positions to Office of the Premier. Upon the receipt of approval, the EE Plan and Recruitment Strategy will be implemented to ensure recruitment of youths in filling those vacant positions",Target not achieved.,30% of youth employed within the department ,22.9% of youth employed within the department,The moratorium on the filling of vacant positions in line with the cost containment measures affected the Department's plans to fill vacant positions.,The Department received concurrence to advertise vacant positions. The EE Plan and Recruitment Strategy will be implemented to ensure recruitment of youths in filling those vacant positions,Target not achieved,30% of youth employed within the department ,-,,,,,,67
Police, Safety and Liaison,Gauteng,Programme 2: Provincial Secretariat for Police Service,Sub-Programme 2.2: Policy and Research ,Quarterly,Number of publications produced,Standardized,Not  Applicable,Priority 6: Social Cohesion and Safer Communities,"Safety, Social Cohesion and Food Security","Justice, Crime Prevention and Security cluster",Not planned for the quarter,Not Applicable,Not Applicable,Not Applicable,,2 publications produced ,2 publications produced,Not Applicable,Not Applicable,Target achieved.,Not Applicable,Not planned for the quarter,Not Applicable	,Not Applicable	,,2 publications produced ,2 publications produced,Not Applicable,Not Applicable,Target achieved,4 Publications produced ,-,,,,,,67
Police, Safety and Liaison,Gauteng,Programme 2: Provincial Secretariat for Police Service,Sub-Programme 2.2: Policy and Research ,Quarterly,Number of research reports on policing and safety,Standardized,Not  Applicable,Priority 6: Social Cohesion and Safer Communities,"Safety, Social Cohesion and Food Security","Justice, Crime Prevention and Security cluster",Not planned for the quarter,,,,,"1 Research report on policing and safety
",,,,,Not planned for the quarter,2 research reports on policing and safety,The target was exceeded as part of a catch-up plan for the target not achieved in quarter 2. Further the data analysis was concluded earlier than anticipated for the other research project,Not Applicable,Revised target noted.,6 Research reports on policing and safety ,5 Research reports on policing and safety,The 1 research report which was planned for quarter 4 was pre-achieved in quarter 3,Not Applicable,Target not achieved,7 Research reports on policing and safety ,-,,,,,,67
Police, Safety and Liaison,Gauteng,Programme 2: Provincial Secretariat for Police Service,Sub-Programme 2.2: Policy and Research ,Quarterly,Number of research reports on policing and safety ,Not Applicable,Not  Applicable,Priority 6: Social Cohesion and Safer Communities,"Safety, Social Cohesion and Food Security","Justice, Crime Prevention and Security cluster",Not planned for the quarter,Not Applicable,Not Applicable,Not Applicable,"There is misalignment between the 2024/25 APP and the system. The Quarterly Target is planned for Q2, Q3, Q4 in the APP, whereas on the system it is included in Q1. ","1 Research report on 
policing and safety ",0 research report on policing and safety,Delays experienced in data collection for the study led to the target not being achieved,The research report will be concluded in the third quarter,Target not achieved.,"1 Research report on 
policing and safety ",Target was adjusted in the Revised 2024/25 APP,,,,5 research reports on policing and safety ,Target was adjusted on the Revised 2024/25 APP,Target was adjusted on the Revised 2024/25 APP,Target was adjusted on the Revised 2024/25 APP,,7 Research reports on policing and safety ,-,,,,,,67
Police, Safety and Liaison,Gauteng,Programme 2: Provincial Secretariat for Police Service,Sub-Programme 2.2: Policy and Research ,Quarterly,Number of research reports on policing approved by the Secretary for Police Service per year,Standardized,Not  Applicable,Priority 6: Social Cohesion and Safer Communities,"Safety, Social Cohesion and Food Security","Justice, Crime Prevention and Security cluster",Not planned for the quarter,Not Applicable,Not Applicable,Not Applicable,,Not Applicable,Not planned for the quarter,Not applicable,Not applicable,,Not Applicable,Not planned for the quarter,Not Applicable	,Not Applicable	,,"1 research reports on policing approved by the Secretary for Police 
Service per year ",1 research reports on policing approved by the Secretary for Police Service per yea,Not Applicable,Not Applicable,Target achieved,1 research reports on policing approved by the Secretary for Police Service per year,-,,,,,,67
Police, Safety and Liaison,Gauteng,Programme 2: Provincial Secretariat for Police Service,Sub-Programme 2.3: Monitoring and Evaluation,Quarterly, Number of monitoring reports compiled   on implementation of IPID   recommendations by SAPS per year ,Standardized,Not  Applicable,Priority 6: Social Cohesion and Safer Communities,"Safety, Social Cohesion and Food Security","Justice, Crime Prevention and Security cluster","1 Quarterly monitoring report compiled on the 
implementation of IPID 
recommendations by 
SAPS per year 

","1 Quarterly monitoring report compiled on the 
implementation of IPID 
recommendations by 
SAPS per year 

",Not Applicable,Not Applicable,"The department is requested to align Quarterly Targets on the system to the Quarterly Targets in the 2024/25 APP. The Quarterly Targets in the APP state ""report"", whilst the Quarterly Targets on the system state ""reports"".","1 Quarterly monitoring report compiled on the 
implementation of IPID 
recommendations by SAPS per year 

",1 Quarterly monitoring report compiled on the implementation of IPID recommendations by SAPS per year,Not Applicable,Not Applicable,Target achieved.,"1 Quarterly monitoring report compiled on the 
implementation of IPID 
recommendations by SAPS per year 

",1 Quarterly monitoring report compiled on the implementation of IPID recommendations by SAPS per year	,Not Applicable	,Not Applicable	,Target achieved.,"1 Quarterly monitoring report compiled on the 
implementation of IPID 
recommendations by SAPS per year 

",1 Quarterly monitoring report compiled on the implementation of IPID recommendations by SAPS per year,Not Applicable,Not Applicable,Target achieved,"
4 Quarterly monitoring 
reports compiled on the 
implementation of IPID 
recommendations by 

SAPS per year 

",-,,,,,,67
Police, Safety and Liaison,Gauteng,Programme 2: Provincial Secretariat for Police Service,Sub-Programme 2.3: Monitoring and Evaluation,Quarterly, Number of monitoring reports on   compliance and implementation of the   Domestic Violence Act (98) by SAPS,Standardized,Not  Applicable,Priority 6: Social Cohesion and Safer Communities,"Safety, Social Cohesion and Food Security","Justice, Crime Prevention and Security cluster",Not planned for the quarter,Not Applicable,Not Applicable,Not Applicable,,"1 monitoring report 
on compliance and 
implementation of the Domestic 
Violence Act (98) 
by SAPS 

",1 monitoring report on compliance and implementation of the Domestic Violence Act (98) by SAPS,Not Applicable,Not Applicable,Target achieved.,Not Applicable,Not planned for the quarter	,Not Applicable	,Not Applicable	,,"1 monitoring report 
on compliance and 
implementation of the Domestic 
Violence Act (98) 
by SAPS 

",1 monitoring report on compliance and implementation of the Domestic Violence Act (98) by SAPS,Not Applicable,Not Applicable,Target achieved,"Bi-annual monitoring 
reports on Compliance 
and implementation of Domestic Violence Act 
(98) by SAPS 

",-,,,,,,67
Police, Safety and Liaison,Gauteng,Programme 2: Provincial Secretariat for Police Service,Sub-Programme 2.3: Monitoring and Evaluation,Quarterly, Number of reports compiled on the management of service delivery complaints received against SAPS per year ,Standardized,Not  Applicable,Priority 6: Social Cohesion and Safer Communities,"Safety, Social Cohesion and Food Security","Justice, Crime Prevention and Security cluster","1 Quarterly report 
compiled on the 
management of 
service delivery 
complaints 
received against 
SAPS","1 Quarterly report 
compiled on the 
management of 
service delivery 
complaints 
received against 
SAPS ",Not Applicable,Not Applicable,Target achieved.,"1 Quarterly report 
compiled on the 
management of 
service delivery 
complaints 
received against 
SAPS ",1 Quarterly report compiled on the management of service delivery complaints received against SAPS,Not Applicable,Not Applicable,Target achieved.,"1 Quarterly report 
compiled on the 
management of 
service delivery 
complaints 
received against 
SAPS 
",1 Quarterly report compiled on the management of service delivery complaints received against SAPS	,Not Applicable	,Not Applicable	,Target achieved.,"1 Quarterly report 
compiled on the 
management of 
service delivery 
complaints 
received against 
SAPS ",1 Quarterly report compiled on the management of service delivery complaints received against SAPS,Not Applicable,Not Applicable,Target achieved,"4 Quarterly reports 
compiled on the 
management of service 
delivery complaints 
received against SAPS per year 

",-,,,,,,67
Police, Safety and Liaison,Gauteng,Programme 2: Provincial Secretariat for Police Service,Sub-Programme 2.3: Monitoring and Evaluation,Quarterly, Number of reports on the functionality   of PROVJOINTS (Provincial joint   operational and intelligence structure),Standardized,Not  Applicable,Priority 6: Social Cohesion and Safer Communities,"Safety, Social Cohesion and Food Security","Justice, Crime Prevention and Security cluster","1 report on the functionality 
of PROVJOINTS (Provincial joint 

operational and intelligence structure) 

","1 report on the functionality of PROVJOINTS (Provincial joint 
operational and intelligence structure) 

",Not Applicable,Not Applicable,Target achieved.,"1 report on the functionality 

of PROVJOINTS (Provincial joint 

operational and intelligence structure) 

",1 report on the functionality of PROVJOINTS (Provincial joint operational and intelligence structure),Not Applicable,Not Applicable,Target achieved.,"1 report on the functionality 

of PROVJOINTS (Provincial joint 

operational and intelligence structure) 

",1 report on the functionality of PROVJOINTS (Provincial joint operational and intelligence structure)	,Not Applicable	,Not Applicable	,Target achieved.,"1 report on the functionality 

of PROVJOINTS (Provincial joint 

operational and intelligence structure) 

",1 report on the functionality of PROVJOINTS (Provincial joint operational and intelligence structure),Not Applicable,Not Applicable,Target achieved,"4 reports on the functionality 

of PROVJOINTS (Provincial joint 

operational and intelligence structure) 

",-,,,,,,67
Police, Safety and Liaison,Gauteng,Programme 2: Provincial Secretariat for Police Service,Sub-Programme 2.3: Monitoring and Evaluation,Quarterly,Number of court watching briefs monitored  ,Not Applicable,Not  Applicable,Priority 6: Social Cohesion and Safer Communities,"Safety, Social Cohesion and Food Security","Justice, Crime Prevention and Security cluster",4 Court watching briefs monitored ,4 Court watching briefs monitored ,Not Applicable,Not Applicable,Target achieved.,5 Court watching briefs monitored ,5 Court watching briefs monitored,Not Applicable,Not Applicable,Target achieved.,3 Court watching briefs monitored ,3 Court watching briefs monitored	,Not Applicable	,Not Applicable	,Target achieved.,3 Court watching briefs monitored ,3 Court watching briefs monitored,Not Applicable,Not Applicable,Target achieved,15 Court watching briefs monitored ,-,,,,,,67
Police, Safety and Liaison,Gauteng,Programme 2: Provincial Secretariat for Police Service,Sub-Programme 2.3: Monitoring and Evaluation,Quarterly,Number of Crime Dockets analysed ,Not Applicable,Not  Applicable,Priority 6: Social Cohesion and Safer Communities,"Safety, Social Cohesion and Food Security","Justice, Crime Prevention and Security cluster",450 Crime Dockets analysed ,450 Crime Dockets analysed ,Not Applicable,Not Applicable,The department is requested to provide Reasons for overachievement.,450 Crime Dockets analysed ,454 Crime Dockets analysed,"Access to active dockets that were reinvestigated led to the target being exceeded
",Not Applicable,Target achieved.,450 Crime Dockets analysed ,450 Crime Dockets analysed	,Not Applicable	,Not Applicable	,Target achieved.,450 Crime Dockets analysed ,450 Crime Dockets analysed,Not Applicable,Not Applicable,Target achieved,1 800 Crime Dockets analysed ,-,,,,,,67
Police, Safety and Liaison,Gauteng,Programme 2: Provincial Secretariat for Police Service,Sub-Programme 2.3: Monitoring and Evaluation,Quarterly,Number of drug related cases tracked,Standardized,Not  Applicable,Priority 6: Social Cohesion and Safer Communities,"Safety, Social Cohesion and Food Security","Justice, Crime Prevention and Security cluster",75 drug related cases tracked ,75 drug related cases tracked ,,,,75 drug related cases tracked ,,,,,70 drug related cases tracked ,70 drug related cases tracked	,Not Applicable	,Not Applicable	,Target achieved.,70 drug related cases tracked ,80 drug related cases tracked,The increase in drug related cases led to target exceeded,Not Applicable,Target exceeded,290 drug related cases tracked ,-,,,,,,67
Police, Safety and Liaison,Gauteng,Programme 2: Provincial Secretariat for Police Service,Sub-Programme 2.3: Monitoring and Evaluation,Quarterly,Number of GBVF cases tracked within the criminal justice system ,Standardized,Not  Applicable,Priority 6: Social Cohesion and Safer Communities,"Safety, Social Cohesion and Food Security","Justice, Crime Prevention and Security cluster","300 GBVF cases 
tracked within the 
criminal justice 
system 

","310 GBVF cases 
tracked within the 
criminal justice 
system 

",Additional cases were reported because of awareness campaigns raised and cases referred from court picketing,Not Applicable,,"300 GBVF cases 
tracked within the 
criminal justice 
system 

",302 GBVF cases tracked within the criminal justice system	,"Additional cases were reported because of awareness campaigns conducted
",Not Applicable,,"300 GBVF cases 
tracked within the 
criminal justice 
system 

",306 GBVF cases tracked within the criminal justice system,The Department received additional referrals as a result of the 16 days of activism campaign on no violence against women and children,Not Applicable,Target achieved.,"300 GBVF cases 
tracked within the 
criminal justice 
system 

",327 GBVF cases tracked within the criminal justice system,Target exceeded because of high case referrals received from the Central and Eastern Corridors,Not Applicable,Target exceeded,"1 200 GBVF cases 
tracked within the 
criminal justice system 
",-,,,,,,67
Police, Safety and Liaison,Gauteng,Programme 2: Provincial Secretariat for Police Service,Sub-Programme 2.3: Monitoring and Evaluation,Quarterly,Number of GIPPS sessions conducted,Standardized,Not  Applicable,Priority 6: Social Cohesion and Safer Communities,"Safety, Social Cohesion and Food Security","Justice, Crime Prevention and Security cluster",1 GIPPS session conducted ,1 GIPPS session conducted ,Not Applicable,Not Applicable,Target achieved.,1 GIPPS session conducted ,1 GIPPS session conducted,Not Applicable,Not Applicable,Target achieved.,1 GIPPS session conducted ,1 GIPPS session conducted	,Not Applicable	,Not Applicable	,Target achieved.,1 GIPPS session conducted ,1 GIPPS session conducted,Not Applicable,Not Applicable,Target achieved,4 GIPPS sessions conducted ,-,,,,,,67
Police, Safety and Liaison,Gauteng,Programme 2: Provincial Secretariat for Police Service,Sub-Programme 2.3: Monitoring and Evaluation,Quarterly,Number of LEAs performance reports compiled,Standardized,Not  Applicable,Priority 6: Social Cohesion and Safer Communities,"Safety, Social Cohesion and Food Security","Justice, Crime Prevention and Security cluster",Not planned for the quarter ,Not Applicable ,Not Applicable,Not Applicable,,Report compiled on LEA’s performance ,Report compiled on LEA’s performance,Not Applicable,Not Applicable,Target achieved.,Not Applicable ,Not planned for the quarter	,Not Applicable	,Not Applicable	,,Report compiled on LEA’s performance ,Report compiled on LEA’s performance,Not Applicable,Not Applicable,Target achieved,Bi-annual reports compiled on LEA’s performance ,-,,,,,,67
Police, Safety and Liaison,Gauteng,Programme 2: Provincial Secretariat for Police Service,Sub-Programme 2.3: Monitoring and Evaluation,Quarterly,Number of priority cases tracked,Standardized,Not  Applicable,Priority 6: Social Cohesion and Safer Communities,"Safety, Social Cohesion and Food Security","Justice, Crime Prevention and Security cluster",75 priority cases tracked ,75 priority cases tracked ,Not Applicable,Not Applicable,Target achieved.,75 priority cases tracked ,77 priority cases tracked	,"Referrals from the high-density operations led to target being exceeded
",Not Applicable,Target achieved.,70 priority cases tracked ,The indicator was rephrased in the Revised APP. This is to be in line with the FMPPI,Not Applicable,Not Applicable,Revised target noted.,70 priority cases tracked ,Indicator title was revised during the 2024/25 Revised APP,Indicator title was revised during the 2024/25 Revised APP,Indicator title was revised during the 2024/25 Revised APP,Revised ,290 priority cases tracked ,-,,,,,,67
Police, Safety and Liaison,Gauteng,Programme 2: Provincial Secretariat for Police Service,Sub-Programme 2.3: Monitoring and Evaluation,Quarterly,Number of reports compiled on police stations monitored based on the NMT per year ,Standardized,Not  Applicable,Priority 6: Social Cohesion and Safer Communities,"Safety, Social Cohesion and Food Security","Justice, Crime Prevention and Security cluster","1 Quarterly report
compiled on police 
stations monitored based 
on the NMT per year","1 Quarterly report
compiled on police 
stations monitored based 
on the NMT per year",Not Applicable,Not Applicable,"The department is requested to align Quarterly Targets on the system to the Quarterly Targets in the 2024/25 APP. The Quarterly Targets in the APP state ""report"", whilst the Quarterly Targets on the system state ""reports"".","1 Quarterly report
compiled on police 
stations monitored based 
on the NMT per year",1 Quarterly report compiled on police stations monitored based on the NMT per year,Not Applicable,Not Applicable,Target achieved.,"1 Quarterly report
compiled on police 
stations monitored based 
on the NMT per year",1 Quarterly report compiled on police stations monitored based on the NMT per year	,Not Applicable	,Not Applicable	,Target achieved.,"1 Quarterly report
compiled on police 
stations monitored based 
on the NMT per year",1 Quarterly report compiled on police stations monitored based on the NMT per year,Not Applicable,Not Applicable,Target achieved,"4 Quarterly reports 
compiled on police 
stations monitored based on the NMT per year 

",-,,,,,,67
Police, Safety and Liaison,Gauteng,Programme 2: Provincial Secretariat for Police Service,Sub-Programme 2.3: Monitoring and Evaluation,Quarterly,Number of Victim Friendly Rooms in Police precincts assessed ,Non-Standardized,Not  Applicable,Priority 6: Social Cohesion and Safer Communities,"Safety, Social Cohesion and Food Security","Justice, Crime Prevention and Security cluster",36 Victim Friendly Rooms in Police precincts assessed ,36 Victim Friendly Rooms in Police precincts assessed ,Not Applicable,Not Applicable,Target achieved.,36 Victim Friendly Rooms in Police precincts assessed ,36 Victim Friendly Rooms in Police precincts assessed,Not Applicable,Not Applicable,Target achieved.,36 Victim Friendly Rooms in Police precincts assessed ,36 Victim Friendly Rooms in Police precincts assessed	,Not Applicable	,Not Applicable	,Target achieved.,37 Victim Friendly Rooms in Police precincts assessed ,37 Victim Friendly Rooms in Police precincts assessed,Not Applicable,Not Applicable,Target achieved,145 Victim Friendly Rooms in Police precincts assessed ,-,,,,,,67
Police, Safety and Liaison,Gauteng,Programme 2: Provincial Secretariat for Police Service,Sub-Programme 2.4: Safety Promotion,Quarterly,Number of analysis reports compiled on implementation of GSP on GBVF ,Standardized,Not  Applicable,Priority 6: Social Cohesion and Safer Communities,"Safety, Social Cohesion and Food Security","Justice, Crime Prevention and Security cluster",1 analysis report compiled on implementation of GSP on GBVF ,1 analysis report compiled on implementation of GSP on GBVF ,Not Applicable,Not Applicable,Target achieved.,1 analysis report compiled on implementation of GSP on GBVF ,1 analysis report compiled on implementation of GSP on GBVF	,Not Applicable,Not Applicable,Target achieved.,1 analysis report compiled on implementation of GSP on GBVF ,The indicator was rephrased in the Revised 2024/25 APP	,The indicator was rephrased in the Revised 2024/25 APP,Not Applicable,,1 analysis report compiled on implementation of GSP on GBVF ,Indicator title adjusted with the Revised 2024/25 APP,Indicator title adjusted with the Revised 2024/25 APP,Indicator title adjusted with the Revised 2024/25 APP,Revised,4 analysis reports compiled on implementation of GSP on GBVF ,-,,,,,,67
Police, Safety and Liaison,Gauteng,Programme 2: Provincial Secretariat for Police Service,Sub-Programme 2.4: Safety Promotion,Quarterly,Number of assessment reports compiled on implementation of GSP on GBVF,Standardized,Not  Applicable,Priority 6: Social Cohesion and Safer Communities,"Safety, Social Cohesion and Food Security","Justice, Crime Prevention and Security cluster",1 assessment reports compiled on implementation of GSP on GBVF,1 assessment reports compiled on implementation of GSP on GBVF,,,,1 assessment reports compiled on implementation of GSP on GBVF,,,,,1 assessment reports compiled on implementation of GSP on GBVF,1 assessment report compiled on implementation of GSP on GBVF	,Not Applicable,Not Applicable,Target achieved. Revised target noted.,1 assessment reports compiled on implementation of GSP on GBVF,1 assessment reports compiled on implementation of GSP on GBVF,Not Applicable,Not Applicable,Target achieved,4 assessment reports compiled on implementation of GSP on GBVF,-,,,,,,67
Police, Safety and Liaison,Gauteng,Programme 2: Provincial Secretariat for Police Service,Sub-Programme 2.4: Safety Promotion,Quarterly,Number of GBVF victims provided with support services,Non-Standardized,Not  Applicable,Priority 6: Social Cohesion and Safer Communities,"Safety, Social Cohesion and Food Security","Justice, Crime Prevention and Security cluster",2 500 GBVF victims received support,4 010 GBVF  victims received support,High number of cases reported in the Northern and Western corridors contributed to the target being exceeded,Not Applicable,,2 500 GBVF victims received support,,,,,3 500 GBVF victims received support,4 106 GBVF victims received support,"The high number of cases reported in the North, South and East Corridors led to the target being exceeded",Not Applicable,Target achieved. Revised target noted.,3 500 GBVF victims received support,4 181 GBVF victims received support,"The high number of cases reported in the North, South and East Corridors led to the target being exceeded",Not Applicable,Target exceeded,12 000 GBVF victims received support,-,,,,,Victims of GBVF are supported,67
Police, Safety and Liaison,Gauteng,Programme 2: Provincial Secretariat for Police Service,Sub-Programme 2.4: Safety Promotion,Quarterly,Number of GBVF victims received support,Standardized,Not  Applicable,Priority 6: Social Cohesion and Safer Communities,"Safety, Social Cohesion and Food Security","Justice, Crime Prevention and Security cluster",2500 GBVF victims received support ,4010 GBVF victims received support ," 
High number of cases reported in the Northern and Western corridors contributed to the target being exceeded",Not Applicable,,2500 GBVF victims received support ,5057 GBVF victims received support	,"High number of cases reported in the Central, Northern and Western corridors 
contributed to the target being exceeded
",Not Applicable,,2500 GBVF victims received support ,The indicator and target were revised in the Revised 202425 APP	,The indicator and target were revised in the Revised 202425 APP	,The indicator and target were revised in the Revised 202425 APP	,,2500 GBVF victims received support ,Target and indicator title were revised with the Revised 2024/25 APP,Target and indicator title were revised with the Revised 2024/25 APP,Target and indicator title were revised with the Revised 2024/25 APP,Revised,10 000 GBVF victims received support ,-,,,,,,67
Police, Safety and Liaison,Gauteng,Programme 2: Provincial Secretariat for Police Service,Sub-Programme 2.4: Safety Promotion,Quarterly,Number of Green doors rolled out,Standardized,Not  Applicable,Priority 6: Social Cohesion and Safer Communities,"Safety, Social Cohesion and Food Security","Justice, Crime Prevention and Security cluster",9 Green doors rolled out ,9 Green doors rolled out ,Not Applicable,Not Applicable,Target achieved.,10 Green doors rolled out ,10 Green doors rolled out	,"10 Green doors rolled out
",Not Applicable,Target achieved.,10 Green doors rolled out ,10 Green doors rolled out	,Not Applicable,Not Applicable,Target achieved.,9 Green doors rolled out ,9 Green doors rolled out,Not Applicable,Not Applicable,Target achieved,38 Green doors rolled out ,-,,,,,,67
Police, Safety and Liaison,Gauteng,Programme 2: Provincial Secretariat for Police Service,Sub-Programme 2.4: Safety Promotion,Quarterly,Number of interventions conducted in institutions of higher learning ,Standardized,Not  Applicable,Priority 6: Social Cohesion and Safer Communities,"Safety, Social Cohesion and Food Security","Justice, Crime Prevention and Security cluster","2 interventions conducted in institutions of higher 
learning ","2 interventions conducted in institutions of higher 
learning ",Not applicable,Not applicable,Target achieved.,"5 interventions conducted in institutions of higher 

learning ",5 interventions conducted in institutions of higher learning	,Not Applicable,Not Applicable,Target achieved.,"2 interventions conducted in institutions of higher 

learning ",0 interventions conducted in institutions of higher learning,The planned interventions at Eastern and Southern corridors were postponed to the fourth quarter due to unavailability of adequate venues from the identified institutions,"A catch-up plan has been developed, and the outstanding interventions will be conducted in the fourth quarter",Target achieved.,"1 interventions conducted in institutions of higher 

learning ",4 interventions conducted in institutions of higher learning,Additional interventions were conducted as part of the catch-up plan for the target not achieved in the previous quarters,Not Applicable,Target exceeded,10 interventions conducted in institutions of higher learning ,-,,,,,,67
Police, Safety and Liaison,Gauteng,Programme 2: Provincial Secretariat for Police Service,Sub-Programme 2.4: Safety Promotion,Quarterly,Number of interventions conducted to support Provincial GBVF structures ,Standardized,Not  Applicable,Priority 6: Social Cohesion and Safer Communities,"Safety, Social Cohesion and Food Security","Justice, Crime Prevention and Security cluster",6 interventions conducted to support provincial GBVF structures ,6 interventions conducted to support provincial GBVF structures ,Not Applicable,Not Applicable,Target achieved.,6 interventions conducted to support provincial GBVF structures ,"7
Interventions conducted to support Provincial
GBVF structures during quarter 2.	","Additional intervention was conducted in response to the unplanned urgent assistance that was required 
",Not Applicable,,6 interventions conducted to support provincial GBVF structures ,6 interventions conducted to support provincial GBVF structures	,Not Applicable,Not Applicable,Target achieved.,6 interventions conducted to support provincial GBVF structures ,8 interventions conducted to support provincial GBVF structures,Additional interventions were conducted to support GBVF structures that required urgent assistance,Not Applicable,Target exceeded,24 interventions conducted to support provincial GBVF structures ,-,,,,,,67
Police, Safety and Liaison,Gauteng,Programme 2: Provincial Secretariat for Police Service,Sub-Programme 2.4: Safety Promotion,Quarterly,Number of partnership agreements signed with institutions of higher learning,Standardized,Not  Applicable,Priority 6: Social Cohesion and Safer Communities,"Safety, Social Cohesion and Food Security","Justice, Crime Prevention and Security cluster",2 partnership agreements signed with institutions of higher learning ,1  partnership agreements signed with institutions of higher learning ,The target was not achieved as the engagements with institutions of higher learning could be concluded due to the exam period and the winter recess.,The engagements are to be concluded in the second quarter and the partnership agreements will be signed during the second quarter,Target not achieved.,2 partnership agreements signed with institutions of higher learning ,"0 partnership agreement signed with institutions of higher learning
","The delay with the internal consultative processes of the institutions of higher learning led to the target not being achieved
","Engagements are at advanced stage and agreements are envisaged to be concluded in the subsequent quarters
",Target achieved.,1 partnership agreements signed with institutions of higher learning ,1 partnership agreements signed with institutions of higher learning	,Not Applicable,Not Applicable,Target achieved.,Not Applicable,3 partnership agreements signed with institutions of higher learning,3 partnership agreements were signed with institutions of higher learning as part of catch-up plan for the targets that were not achieved in the previous quarters,Not Applicable,"No Planned target for Q4, progress noted",5 partnership agreements signed with institutions of higher learning ,-,,,,,,67
Police, Safety and Liaison,Gauteng,Programme 2: Provincial Secretariat for Police Service,Sub-Programme 2.4: Safety Promotion,Quarterly,Number of school safety interventions conducted ,Standardized,Not  Applicable,Priority 6: Social Cohesion and Safer Communities,"Safety, Social Cohesion and Food Security","Justice, Crime Prevention and Security cluster",100 school safety interventions conducted ,137 school safety interventions conducted ,The high incidences of substance abuse and violence in schools led to target being exceeded,Not Applicable,,150 school safety interventions conducted ,150 school safety interventions conducted	,Not Applicable,Not Applicable,Target achieved.,100 school safety interventions conducted ,100 school safety interventions conducted	,Not Applicable,Not Applicable,Target achieved.,150 school safety interventions conducted ,181 school safety interventions conducted,Additional school safety interventions were conducted as part of the back-to-school campaign,Not Applicable,Target exceeded,500 school safety interventions conducted ,-,,,,,,67
Police, Safety and Liaison,Gauteng,Programme 2: Provincial Secretariat for Police Service,Sub-Programme 2.4: Safety Promotion,Quarterly,Number of social crime prevention programmes implemented per year ,Standardized,Not  Applicable,Priority 6: Social Cohesion and Safer Communities,"Safety, Social Cohesion and Food Security","Justice, Crime Prevention and Security cluster",213 social crime prevention programmes implemented ,213 social crime prevention programmes implemented ,Not applicable,Not applicable,Target achieved.,213 social crime prevention programmes implemented ,"220 social crime prevention Programmes implemented
","Community needs in the Southern corridor necessitated the need to implement additional social crime prevention programmes
",Not Applicable,Target achieved.,212 social crime prevention programmes implemented ,221 social crime prevention programmes implemented,The Department intensified the implementation of the programme as part of the 16 Days of Activism campaign,Not Applicable,Target achieved.,212 social crime prevention programmes implemented ,224 social crime prevention programmes implemented,The Department intensified the implementation of the programmes as part of the safety month and human rights month campaigns,Not Applicable,Target exceeded,850 social crime prevention programmes implemented per year ,-,,,,,,67
Police, Safety and Liaison,Gauteng,Programme 2: Provincial Secretariat for Police Service,Sub-Programme 2.5: Community Police Relations,Quarterly,Number of Community Patroller teams assessed in line with existing standards ,Standardized,Not  Applicable,Priority 6: Social Cohesion and Safer Communities,"Safety, Social Cohesion and Food Security","Justice, Crime Prevention and Security cluster",27 Community Patroller teams assessed in line with existing standards ,27 Community Patroller teams assessed in line with existing standards ,Not Applicable,Not Applicable,,28 Community Patroller teams assessed in line with existing standards ,28 Community Patroller teams assessed in line with existing standards	,Not Applicable,Not Applicable,Target achieved.,28 Community Patroller teams assessed in line with existing standards ,28 Community Patroller teams assessed in line with existing standards	,Not Applicable,Not Applicable,Target achieved.,27 Community Patroller teams assessed in line with existing standards ,27 Community Patroller teams assessed in line with existing standards,Not Applicable,Not Applicable,Target achieved,110 Community Patroller teams assessed in line with existing standards ,-,,,,,,67
Police, Safety and Liaison,Gauteng,Programme 2: Provincial Secretariat for Police Service,Sub-Programme 2.5: Community Police Relations,Quarterly,Number of Community Police Forums (CPFs) assessed on functionality per year ,Standardized,Not  Applicable,Priority 6: Social Cohesion and Safer Communities,"Safety, Social Cohesion and Food Security","Justice, Crime Prevention and Security cluster","36 Community Police Forums (CPFs) assessed on 
functionality ","36 Community Police Forums (CPFs) assessed on 
functionality ",Not Applicable,Not Applicable,Target achieved.,"36 Community Police Forums (CPFs) assessed on 
functionality ",36 Community Police Forums (CPFs) assessed on functionality	,Not Applicable,Not Applicable,Target achieved.,"36 Community Police Forums (CPFs) assessed on 
functionality ",36 Community Police Forums (CPFs) assessed on functionality	,Not Applicable,Not Applicable,Target achieved.,"37 Community Police Forums (CPFs) assessed on 
functionality ",37 Community Police Forums (CPFs) assessed on functionality,Not Applicable,Not Applicable,Target achieved ,145 Community Police Forums (CPFs) assessed on functionality per year ,-,,,,,,67
Police, Safety and Liaison,Gauteng,Programme 2: Provincial Secretariat for Police Service,Sub-Programme 2.5: Community Police Relations,Quarterly,Number of Community Safety Forums (CSFs) assessed on functionality per year,Standardized,Not  Applicable,Priority 6: Social Cohesion and Safer Communities,"Safety, Social Cohesion and Food Security","Justice, Crime Prevention and Security cluster",Not planned for the quarter,Not Applicable,Not Applicable,Not Applicable,,"7 Community Safety Forums (CSFs) assessed on 
functionality ",7 Community Safety Forums (CSFs) assessed on functionality	,Not Applicable,Not Applicable,Target achieved.,"4 Community Safety Forums (CSFs) assessed on 
functionality ",3 Community Safety Forums (CSFs) assessed on functionality	,The assessment of the CSF was not concluded due to the delay in obtaining approvals from the stakeholders from the municipality,The assessment of the outstanding CSF will be concluded in the fourth quarter,Target not achieved.,Not Applicable,	1 Community Safety Forums (CSFs) assessed on functionality per year,1 CSF was assessed as part of the catch-up plan for the target not achieved in Quarter 3,Not Applicable,Q4 progress noted,11 Community Safety Forums (CSFs) assessed on functionality per year ,-,,,,,,67
Police, Safety and Liaison,Gauteng,Programme 2: Provincial Secretariat for Police Service,Sub-Programme 2.5: Community Police Relations,Quarterly,Number of Patrollers verified,Standardized,Not  Applicable,Priority 6: Social Cohesion and Safer Communities,"Safety, Social Cohesion and Food Security","Justice, Crime Prevention and Security cluster",2 500 Patrollers verified,2 500 Patrollers verified,Not Applicable,Not Applicable,Target achieved.,2 500 Patrollers verified,2 500 Patrollers verified	,Not Applicable,Not Applicable,Target achieved.,Indicator removed from APP. It is accounted for in the AOP,Indicator removed from APP. It is accounted for in the AOP	,Not Applicable,Not Applicable,Revision noted.,Indicator removed from APP. It is accounted for in the AOP ,Indicator removed from APP to AOP,Indicator removed from APP to AOP,Indicator removed from APP to AOP,Revised ,10 000 Patrollers verified,-,,,,,,67
Police, Safety and Liaison,Gauteng,Programme 3: Traffic Management ,Road Safety,Quarterly,Number of Road Safety awareness interventions conducted ,Standardized,Not  Applicable,Priority 6: Social Cohesion and Safer Communities,"Safety, Social Cohesion and Food Security","Justice, Crime Prevention and Security cluster",170 Road Safety awareness interventions conducted ,182 Road Safety awareness interventions conducted ,Target exceeded as a result of request received from other organisations to conduct road safety awareness,Not Applicable,,168 Road Safety awareness interventions conducted ,178 Road Safety awareness interventions conducted	,Target exceeded because of additional awareness interventions conducted to address the rising number of fatalities in the free way that occurs because of informal settlements next to the freeways and busy roads,Not Applicable,Target achieved.,170 Road Safety awareness interventions conducted ,185 Road Safety awareness interventions conducted	,Increase in number of fatalities necessitated the Department to conduct more awareness interventions,Not Applicable,,168 Road Safety awareness interventions conducted ,170 Road Safety awareness interventions conducted,"Target exceeded because of collaborated activities with stakeholders (TMPD, JMPD, and others.)",Not Applicable,Target exceeded,676 Road Safety awareness interventions conducted ,-,,,,,,67
Police, Safety and Liaison,Gauteng,Programme 3: Traffic Management ,Road Safety,Quarterly,Number of Road Safety Driver education programs conducted ,Standardized,Not  Applicable,Priority 6: Social Cohesion and Safer Communities,"Safety, Social Cohesion and Food Security","Justice, Crime Prevention and Security cluster",72 Road Safety Driver education programs conducted ,77 Road Safety Driver education programs conducted ,"Target exceeded due to requests received from taxi associations and bus companies to conduct workshops for their employees

",Not Applicable,,72 Road Safety Driver education programs conducted ,72 Road Safety Driver education programs conducted	,Not Applicable,Not Applicable,Target achieved.,72 Road Safety Driver education programs conducted ,73 Road Safety Driver education programs conducted	,An additional education programme was conducted at Grasmere as part of the festive season launch facilitated by the Department of Transport,Not Applicable,,71 Road Safety Driver education programs conducted ,72 Road Safety Driver education programs conducted,Target exceeded due to the invitation received from stakeholders,Not Applicable,Target exceeded,287 Road Safety Driver education programs conducted ,-,,,,,,67
Police, Safety and Liaison,Gauteng,Programme 3: Traffic Management ,Road Safety,Quarterly,Number of Road Safety Pedestrian education programs conducted ,Standardized,Not  Applicable,Priority 6: Social Cohesion and Safer Communities,"Safety, Social Cohesion and Food Security","Justice, Crime Prevention and Security cluster",72 Road Safety Pedestrian education programs conducted,74 Road Safety Pedestrian education programs conducted,"Target exceeded due to additional invitation/requests to conduct education programmes from TMPD and JMPD

",Not Applicable," The department is requested to correct the spelling of ""conducted"" on the Annual and Quarterly Targets.",72 Road Safety Pedestrian education programs conducted,72 Road Safety Pedestrian education programs conducted	,Not Applicable,Not Applicable,Target achieved.,72 Road Safety Pedestrian education programs conducted,73 Road Safety Pedestrian education programs conducted	,Target exceeded due to a joint operation conducted with Cross-border as per the invitation,Not Applicable,,71 Road Safety Pedestrian education programs conducted,73 Road Safety Pedestrian education programs conducted,Target exceeded due to the invitation received from stakeholders,Not Applicable,Target exceeded,287 Road Safety Pedestrian education programs conducted,-,,,,,,67
Police, Safety and Liaison,Gauteng,Programme 3: Traffic Management ,Road Safety,Quarterly,Number of schools involved in road safety education programme ,Standardized,Not  Applicable,Priority 6: Social Cohesion and Safer Communities,"Safety, Social Cohesion and Food Security","Justice, Crime Prevention and Security cluster",147 schools involved in road safety education programme ,164  schools involved in road safety education programme ,Requests received from schools to conduct road safety education programme before the winter school holidays led to target being exceeded,Not Applicable,,184 schools involved in road safety education programme ,186 schools involved in road safety education programme	,The Department received additional invitation from SAPS to participate in the school safety programme,Not Applicable,Target achieved.,145 schools involved in road safety education programme ,145 schools involved in road safety education programme	,Not Applicable,Not Applicable,Target achieved.,189 schools involved in road safety education programme ,198 schools involved in road safety education programme,Target exceeded due to Debate and Participatory Educational Techniques workshops conducted during the quarter under review and stakeholder invites,Not Applicable,Target exceeded,665 schools involved in road safety education programme ,-,,,,,,67
Police, Safety and Liaison,Gauteng,Programme 3: Traffic Management ,Special Law Enforcement ,Quarterly,Number of compliance inspections conducted,Standardized,Not  Applicable,Priority 6: Social Cohesion and Safer Communities,"Safety, Social Cohesion and Food Security","Justice, Crime Prevention and Security cluster",47 compliance inspections conducted ,47 compliance inspections conducted ,Not Applicable,Not Applicable,Target achieved.,47 compliance inspections conducted ,47 compliance inspections conducted	,Not Applicable,Not Applicable,Target achieved.,48 compliance inspections conducted ,48 compliance inspections conducted	,Not Applicable	,Not Applicable	,Target achieved.,48 compliance inspections conducted ,48 compliance inspections conducted,Not Applicable,Not Applicable,Target achieved,190 compliance inspections conducted ,-,,,,,,67
Police, Safety and Liaison,Gauteng,Programme 3: Traffic Management ,Special Law Enforcement ,Quarterly,Number of Crime prevention operations conducted,Non-Standardized,Not  Applicable,Priority 6: Social Cohesion and Safer Communities,"Safety, Social Cohesion and Food Security","Justice, Crime Prevention and Security cluster",24 990 crime prevention operations conducted,30 531 crime prevention operations conducted,Additional operations were conducted to improve police visibility in certain areas and for the presidential inauguration,Not Applicable,,24 990 crime prevention operations conducted,,,,,26 000 crime prevention operations conducted,28 044 crime prevention operations conducted	,Additional crime prevention operations were conducted during the festive season as part of police visibility and the fight against crime and lawlessness,Not Applicable,Revised target noted.,26 000 crime prevention operations conducted,28 236 crime prevention operations conducted,"Additional crime prevention operations were conducted as part of police visibility and the fight against crime and lawlessness
",Not Applicable,Target exceeded,101 980 crime prevention operations conducted,-,,,,,Enhanced crime prevention operations,67
Police, Safety and Liaison,Gauteng,Programme 3: Traffic Management ,Special Law Enforcement ,Quarterly,Number of Crime prevention operations conducted supporting other LEAs,Standardized,Not  Applicable,Priority 6: Social Cohesion and Safer Communities,"Safety, Social Cohesion and Food Security","Justice, Crime Prevention and Security cluster",24 990 crime prevention operations conducted supporting other LEA’s ,30531 crime prevention operations conducted supporting other LEA’s ,Additional operations were conducted to improve police visibility in certain areas and for the presidential inauguration,Not Applicable,,24 990 crime prevention operations conducted supporting other LEA’s ,26 381 crime prevention operations conducted supporting other LEA’s	,Target exceeded because of intensified operations conducted in the fight against crime and lawlessness. The additional operations were also conducted in response to the priority areas as pronounced by the Premier during the SOPA. ,Not Applicable,Target achieved.,24 992 crime prevention operations conducted supporting other LEA’s ,Indicator and target were adjusted in the Revised 2024/25 APP,Not Applicable,Not Applicable,,24 990 crime prevention operations conducted supporting other LEA’s ,Indicator title and target were adjusted on the Revised 2024/25 APP,Indicator title and target were adjusted on the Revised 2024/25 APP,Indicator title and target were adjusted on the Revised 2024/25 APP,Revised,99 962 crime prevention operations conducted supporting other LEA’s ,-,,,,,,67
Police, Safety and Liaison,Gauteng,Programme 3: Traffic Management ,Special Law Enforcement ,Quarterly,Number of Helicopters procured ,Standardized,Not  Applicable,Priority 6: Social Cohesion and Safer Communities,"Integrated Human Settlements, Basic Services and Land Release","Justice, Crime Prevention and Security cluster",Not Applicable ,Not Applicable,Not Applicable,Not Applicable,,1 Helicopters procured ,0,The Department is participating through the RT61 contract. The RT61 contract is due to expire at the end of October thus the Department resolved to await the awarding of the new RT contract.,Helicopters will be procured in the fourth quarter,Target not achieved.,Not Applicable,Not planned for the quarter,Not Applicable	,Not Applicable	,,1 Helicopters procured ,0 helicopter procured,"The additional helicopters were not procured as the budget must be redirected to other functionaries. The financial status of the province led to the redirection of funds for additional helicopters. Considering the fiscus constraints, it is resolved that 3 existing helicopters are currently sufficient. 
",Not Applicable,Target not achieved,2 Helicopters procured ,-,,,,,,67
Police, Safety and Liaison,Gauteng,Programme 3: Traffic Management ,Special Law Enforcement ,Quarterly,Number of Officials trained as Drone Operators,Standardized,Not  Applicable,Priority 6: Social Cohesion and Safer Communities,"Safety, Social Cohesion and Food Security","Justice, Crime Prevention and Security cluster",Not Applicable,Not Applicable,Not Applicable,Not Applicable,,30 Officials trained as drone Operators ,0 Officials trained as drone Operators	,The procurement processes for the training service provider took longer than anticipated,TProcurement processes are at an advanced stage. The training will be concluded in the fourth quarter,Target not achieved.,38 Officials trained as drone Operators ,Target revised in the Revised 2024/25 APP	,Not Applicable,Not Applicable,Revised target noted.,Not Applicable,Target was adjusted on the Revised 2024/25 APP,Target was adjusted on the Revised 2024/25 APP,Target was adjusted on the Revised 2024/25 APP,Revised,68 Officials trained as drone Operators ,-,,,,,,67
Police, Safety and Liaison,Gauteng,Programme 3: Traffic Management ,Special Law Enforcement ,Quarterly,Number of Officials trained as drone Operators,Standardized,Not  Applicable,Priority 6: Social Cohesion and Safer Communities,"Safety, Social Cohesion and Food Security","The Social Protection, Community and Human Development cluster",Not Applicable,Not Applicable,,,,30 Officials trained as drone Operators ,,,,,Not Applicable,Not planned for the quarter,Not Applicable	,Not Applicable	,,38 Officials trained as drone Operators ,0 Officials trained as drone Operators,Training preparation took longer than anticipated because of the complexity and extensiveness of the programme which requires detailed assessment of the trainees to ensure successful completion of the training,The officials are undergoing training and will conclude their training in the 2025/26 financial year,Target not achieved,68 Officials trained as drone Operators ,-,,,,,,67
Police, Safety and Liaison,Gauteng,Programme 3: Traffic Management ,Special Law Enforcement ,Quarterly,Number of patrol vehicles procured,Non-Standardized,Not  Applicable,Priority 6: Social Cohesion and Safer Communities,"Safety, Social Cohesion and Food Security","Justice, Crime Prevention and Security cluster",Not planned for the quarter,Not Applicable,Not Applicable,Not Applicable,,Not planned for the quarter,,,,,Not planned for the quarter,Not planned for the quarter	,Not Applicable,Not Applicable,,101 patrol vehicles procured,0 patrol vehicles procured,Target pre-achieved in previous quarters,"Not Applicable
",Target not achieved,101 patrol vehicles procured,-,,,,,Improved policing,67
Police, Safety and Liaison,Gauteng,Programme 3: Traffic Management ,Special Law Enforcement ,Quarterly,Number of patrol vehicles procured,Standardized,Not  Applicable,Priority 6: Social Cohesion and Safer Communities,"Safety, Social Cohesion and Food Security","Justice, Crime Prevention and Security cluster",Not planned for the quarter,39 patrol vehicles procured,"The procurement process for the vehicles were concluded earlier than anticipated in line with the provincial priority to increase police visibility. The procurement is within the allocated budget

",Not Applicable,,Not Applicable,Not Applicable	,Not planned for the quarter ,Not planned for the quarter ,,50 patrol vehicles procured ,Target revised in the Revised 2024/25 APP	,Not Applicable,Not Applicable,Revised target noted.,51 patrol vehicles procured ,Target was adjusted on the Revised 2024/25 APP,Target was adjusted on the Revised 2024/25 APP,Target was adjusted on the Revised 2024/25 APP,Revised,101 patrol vehicles procured ,-,,,,,,67
Police, Safety and Liaison,Gauteng,Programme 3: Traffic Management ,Special Law Enforcement ,Quarterly,Number of reports compiled on motor vehicles monitored through e-Toll gantries ,Standardized,Not  Applicable,Priority 6: Social Cohesion and Safer Communities,"Safety, Social Cohesion and Food Security","Justice, Crime Prevention and Security cluster",1 report compiled on motor vehicles monitored through e-Toll gantries ,1 report compiled on motor vehicles monitored through e-Toll gantries ,Not Applicable,Not Applicable,Target achieved.,1 report compiled on motor vehicles monitored through e-Toll gantries ,1 report compiled on motor vehicles monitored through e-Toll gantries	,Not Applicable,Not Applicable,Target achieved.,1 report compiled on motor vehicles monitored through e-Toll gantries ,1 report compiled on motor vehicles monitored through e-Toll gantries	,Not Applicable	,Not Applicable	,Target achieved.,1 report compiled on motor vehicles monitored through e-Toll gantries ,1 report compiled on motor vehicles monitored through e-Toll gantries,Not Applicable,Not Applicable,Target achieved,4 reports compiled on motor vehicles monitored through e-Toll gantries ,-,,,,,,67
Police, Safety and Liaison,Gauteng,Programme 3: Traffic Management ,Special Law Enforcement ,Quarterly,Provincial Integrated Command Centre established,Standardized,Not  Applicable,Priority 6: Social Cohesion and Safer Communities,"Safety, Social Cohesion and Food Security","Justice, Crime Prevention and Security cluster",Not Applicable,Not Applicable,Not Applicable,Not Applicable,,Not Applicable,Not Applicable	,Not planned for the quarter ,Not planned for the quarter ,,Provincial Integrated Command Centre established ,Indicator was removed from the Revised 2024/25 APP and has been deferred to 2025/26 financial year,Not Applicable,Not Applicable,Revised target noted.,Not Applicable,indicator was adjusted on the Revised 2024/25 APP and target was rolled over to 2025/26 financial year as per the project plan,indicator was adjusted on the Revised 2024/25 APP and target was rolled over to 2025/26 financial year as per the project plan,indicator was adjusted on the Revised 2024/25 APP and target was rolled over to 2025/26 financial year as per the project plan,REVISED,Provincial Integrated Command Centre established ,-,,,,,,67
Police, Safety and Liaison,Gauteng,Programme 3: Traffic Management ,Traffic Law Enforcement,Quarterly,Number of drunken driving operations conducted,Standardized,Not  Applicable,Priority 6: Social Cohesion and Safer Communities,"Safety, Social Cohesion and Food Security","Justice, Crime Prevention and Security cluster",708 drunken driving operations conducted ,708 drunken driving operations conducted,Not Applicable,Not Applicable,Target achieved.,548 drunken driving operations conducted ,548 drunken driving operations conducted	,Not Applicable,Not Applicable,Target achieved.,708 drunken driving operations conducted ,708 drunken driving operations conducted	,Not Applicable,Not Applicable,Target achieved.,551 drunken driving operations conducted ,551 drunken driving operations conducted,Not Applicable,Not Applicable,Target achieved ,2 515 drunken driving operations conducted ,-,,,,,,67
Police, Safety and Liaison,Gauteng,Programme 3: Traffic Management ,Traffic Law Enforcement,Quarterly,Number of pedestrian operations conducted,Standardized,Not  Applicable,Priority 6: Social Cohesion and Safer Communities,"Safety, Social Cohesion and Food Security","Justice, Crime Prevention and Security cluster",922 pedestrian operations conducted. ,927 Pedestrian operations conducted. ,Additional operations were conducted in response to a high number of fatalities on the N1/N17 route from Golden Highway to Baccleuch interchange,Not Applicable,,722 pedestrian operations conducted. ,723 pedestrian operations conducted.	,Additional joint special pedestrian operation was conducted to address the high pedestrian fatalities on the N1,Not Applicable,Target achieved.,922 pedestrian operations conducted. ,925 pedestrian operations conducted.	,Additional operations were conducted to reduce road fatalities,Not Applicable,,724 pedestrian operations conducted. ,726 pedestrian operations conducted,Additional operations were conducted to curb the increase in pedestrian road fatalities,Not Applicable,Target exceeded,3 290 pedestrian operations conducted ,-,,,,,,67
Police, Safety and Liaison,Gauteng,Programme 3: Traffic Management ,Traffic Law Enforcement,Quarterly,Number of reckless and negligent driving operations conducted ,Standardized,Not  Applicable,Priority 6: Social Cohesion and Safer Communities,"Safety, Social Cohesion and Food Security","Justice, Crime Prevention and Security cluster",3 143 reckless and negligent driving operations conducted,3165 reckless and negligent driving operations conducted,Additional operations were conducted with the aim of reducing the increase in fatalities  because of reckless and negligent driving,Not Applicable,,2343 reckless and negligent driving operations conducted,2348 reckless and negligent driving operations conducted	,Target exceeded due to additional operations that were conducted to curb road fatalities in the province,Not Applicable,Target achieved.,3143 reckless and negligent driving operations conducted,3 145 reckless and negligent driving operations conducted,Additional operations were conducted to reduce road fatalities,Not Applicable,Target achieved.,2344 reckless and negligent driving operations conducted,2344 reckless and negligent driving operations conducted,Not Applicable,Not Applicable,Target achieved,10 973 reckless and negligent driving operations conducted ,-,,,,,,67
Police, Safety and Liaison,Gauteng,Programme 3: Traffic Management ,Traffic Law Enforcement,Quarterly,Number of speed operations conducted,Standardized,Not  Applicable,Priority 6: Social Cohesion and Safer Communities,"Safety, Social Cohesion and Food Security","Justice, Crime Prevention and Security cluster",4 990 speed operations conducted,5034 Speed operations conducted,"Target exceeded to ensure that motorist comply with speed regulations to reduce crashes and fatalities caused by speeding
",Not Applicable,,4 188 speed operations conducted,4 188 speed operations conducted	,Not Applicable,Not Applicable,Target achieved.,4 988 speed operations conducted,4 992 speed operations conducted,Additional operations were conducted to reduce road fatalities,Not Applicable,Target achieved.,4189 speed operations conducted,4266 speed operations conducted,Additional operations were conducted to curb road fatalities caused by excessive speeding,Not Applicable,Target exceeded,18 355 speed operations conducted ,-,,,,,,67
Police, Safety and Liaison,Gauteng,Programme 3: Traffic Management ,Traffic Law Enforcement,Quarterly,Number of vehicles stopped and checked,Standardized,Not  Applicable,Priority 6: Social Cohesion and Safer Communities,"Safety, Social Cohesion and Food Security","Justice, Crime Prevention and Security cluster",371 049 vehicles stopped and checked,371 765 vehicles stopped and checked,Increase in road fatalities and crime necessitated the need to increase the stop and check of the vehicles to determine driver and vehicle fitness and address offences related to crime.,Not Applicable,,371 047 vehicles stopped and checked,371 924 vehicles stopped and checked	,Increase in road fatalities and crime necessitated the need to increase the stop and check of the vehicles to determine driver and vehicle fitness and address offences related to crime,Not Applicable,Target achieved.,371 047 vehicles stopped and checked,371 049 vehicles stopped and checked	,Additional operations were conducted to reduce road fatalities,Not Applicable,Target achieved.,371 047 vehicles stopped and checked,371 047 vehicles stopped and checked	,Not Applicable,Not Applicable,Target achieved ,1 484 190 vehicles stopped and checked. ,-,,,,,,67
Police, Safety and Liaison,Gauteng,Programme 3: Traffic Management ,Transport Inspectorate,Quarterly,Number of law enforcement operations targeting learner transport conducted ,Standardized,Not  Applicable,Priority 6: Social Cohesion and Safer Communities,"Safety, Social Cohesion and Food Security","Justice, Crime Prevention and Security cluster",221 law enforcement operations targeting learner transport conducted ,221 law enforcement operations targeting learner transport conducted ,Not Applicable,Not Applicable,Target achieved.,121 law enforcement operations targeting learner transport conducted ,121 law enforcement operations targeting learner transport conducted	,Not Applicable,Not Applicable,Target achieved.,121 law enforcement operations targeting learner transport conducted ,121 law enforcement operations targeting learner transport conducted	,Not Applicable,Not Applicable,Target achieved.,221 law enforcement operations targeting learner transport conducted ,221 law enforcement operations targeting learner transport conducted,Not Applicable,Not Applicable,Target achieved,684 law enforcement operations targeting learner transport conducted ,-,,,,,,67
Police, Safety and Liaison,Gauteng,Programme 3: Traffic Management ,Transport Inspectorate,Quarterly,"Number of public passengers’ transport (including taxis) law enforcement operations conducted targeting driver and vehicle fitness, operating license and route compliance ",Standardized,Not  Applicable,Priority 6: Social Cohesion and Safer Communities,"Safety, Social Cohesion and Food Security","Justice, Crime Prevention and Security cluster","2 373 public passengers’ transport (including taxis) law enforcement operations conducted targeting driver and vehicle fitness, operating license and route compliance ","2 373 public passengers’ transport (including taxis) law enforcement operations conducted targeting driver and vehicle fitness, operating license and route compliance ",Not Applicable,Not Applicable ,Target achieved.,"1773 public passengers’ transport (including taxis) law enforcement operations conducted targeting driver and vehicle fitness, operating license and route compliance ","1773 public passengers’ transport (including taxis) law enforcement operations conducted targeting driver and vehicle fitness, operating license and route compliance	",Not Applicable,Not Applicable,Target achieved.,"2 373 public passengers’ transport (including taxis) law enforcement operations conducted targeting driver and vehicle fitness, operating license and route compliance ","2 383 public passengers’ transport (including taxis) law enforcement operations conducted targeting driver and vehicle fitness, operating license and route compliance	","Target exceeded due to additional operations that were conducted during the launch of the Cooperation Agreement on crime prevention, with the transport Inspectorate focusing on driver vehicle fitness",Not Applicable,Target achieved.,"1775 public passengers’ transport (including taxis) law enforcement operations conducted targeting driver and vehicle fitness, operating license and route compliance ","1778 public passengers’ transport (including taxis) law enforcement operations conducted targeting driver and vehicle fitness, operating license and route compliance",Additional operations were conducted to reduce road fatalities caused by unroadworthy vehicles,Not Applicable,Target exceeded,"8 294 public passengers’ transport (including taxis) law enforcement operations conducted targeting driver and vehicle fitness, operating license and route compliance ",-,,,,,,67
Police, Safety and Liaison,Gauteng,Programme 3: Traffic Management ,Transport Inspectorate,Quarterly,Number of vehicles weighed ,Standardized,Not  Applicable,Priority 6: Social Cohesion and Safer Communities,"Safety, Social Cohesion and Food Security","Justice, Crime Prevention and Security cluster",54 450 vehicles weighed ,94 746 Vehicles weighed,"This is a demand driven indicator, thus the number of vehicles weighed for overloading is informed by demand for the service at a particular period",Not Applicable,,54 450 vehicles weighed ,85 604 vehicles weighed	,"This is a demand driven indicator, thus the number of vehicles weighed for overloading is informed by demand for the service at a particular period",Not Applicable,Target achieved.,54 450 vehicles weighed ,80 372 vehicles weighed	,"This is a demand driven indicator, thus the number of vehicles weighed for overloading is informed by demand for the service at a particular period",Not Applicable,Department is requested to provide RoD for overachievement of target.,54 450 vehicles weighed ,69 847 vehicles weighed,"This is a demand driven indicator, thus the number of vehicles weighed for overloading is informed by demand for the service at a particular period",Not Applicable,Target exceeded,"217 800 
vehicles weighed ",-,,,,,,67
